<?xml version = '1.0' encoding = 'UTF-8'?>
<relationalModel class="oracle.dbtools.crest.model.design.relational.RelationalDesign" name="Relational_1" id="356C8186-14AB-AFAE-A5B1-ED23984BFF02" mainViewID="EF4B40DF-4522-79C9-FDCD-E164D76C73AD">
<createdBy>wmamani</createdBy>
<createdTime>2025-08-12 21:49:13 UTC</createdTime>
<ownerDesignName>Modelo DB Renovacion Contrato v6</ownerDesignName>
<shouldBeOpen>true</shouldBeOpen>
<selectedRDBMSSite>32076570-2523-435C-2E92-BF29817DFF70</selectedRDBMSSite>
</relationalModel>