INSERT INTO SICOES_TM_USUARIO_ROL
(ID_USUARIO_ROL, ID_ROL, ID_USUARIO, US_CREACION, FE_CREACION, IP_CREACION, US_ACTUALIZACION, FE_ACTUALIZACION, IP_ACTUALIZACION) 
VALUES (158, 8, 85, 'SICOES', sysdate, '127.0.0.1', NULL, NULL, NULL);

INSERT INTO SICOES_TM_USUARIO_ROL
(ID_USUARIO_ROL, ID_ROL, ID_USUARIO, US_CREACION, FE_CREACION, IP_CREACION, US_ACTUALIZACION, FE_ACTUALIZACION, IP_ACTUALIZACION) 
VALUES (159, 8, 86, 'SICOES', sysdate, '127.0.0.1', NULL, NULL, NULL);

INSERT INTO SICOES_TM_USUARIO_ROL
(ID_USUARIO_ROL, ID_ROL, ID_USUARIO, US_CREACION, FE_CREACION, IP_CREACION, US_ACTUALIZACION, FE_ACTUALIZACION, IP_ACTUALIZACION) 
VALUES (160, 8, 125, 'SICOES', sysdate, '127.0.0.1', NULL, NULL, NULL);

INSERT INTO SICOES_TM_USUARIO_ROL
(ID_USUARIO_ROL, ID_ROL, ID_USUARIO, US_CREACION, FE_CREACION, IP_CREACION, US_ACTUALIZACION, FE_ACTUALIZACION, IP_ACTUALIZACION) 
VALUES (161, 8, 121, 'SICOES', sysdate, '127.0.0.1', NULL, NULL, NULL);

Insert into SICOES_TM_SUPER_PERFIL (ID_SUPER_PERFIL,NU_EXPEDIENTE,ID_SUPERVISORA,ID_SECTOR_LD,ID_SUBSECTOR_LD,ID_ACTIVIDAD_LD,ID_UNIDAD_LD,ID_SUBCATEGORIA_LD,ID_PERFIL_LD,FE_INGRESO,US_CREACION,FE_CREACION,IP_CREACION,US_ACTUALIZACION,FE_ACTUALIZACION,IP_ACTUALIZACION) values ('8','202000017358','3','32','34',null,null,null,null,to_date('23/06/23','DD/MM/RR'),'SIAS_JOB',to_timestamp('23/06/23 05:49:06,399000000 PM','DD/MM/RR HH12:MI:SS,FF AM'),'127.0.0.1',null,null,null);
Insert into SICOES_TM_SUPER_PERFIL (ID_SUPER_PERFIL,NU_EXPEDIENTE,ID_SUPERVISORA,ID_SECTOR_LD,ID_SUBSECTOR_LD,ID_ACTIVIDAD_LD,ID_UNIDAD_LD,ID_SUBCATEGORIA_LD,ID_PERFIL_LD,FE_INGRESO,US_CREACION,FE_CREACION,IP_CREACION,US_ACTUALIZACION,FE_ACTUALIZACION,IP_ACTUALIZACION) values ('9','202000017358','3','32','36',null,null,null,null,to_date('23/06/23','DD/MM/RR'),'SIAS_JOB',to_timestamp('23/06/23 05:49:06,400000000 PM','DD/MM/RR HH12:MI:SS,FF AM'),'127.0.0.1',null,null,null);
Insert into SICOES_TM_SUPER_PERFIL (ID_SUPER_PERFIL,NU_EXPEDIENTE,ID_SUPERVISORA,ID_SECTOR_LD,ID_SUBSECTOR_LD,ID_ACTIVIDAD_LD,ID_UNIDAD_LD,ID_SUBCATEGORIA_LD,ID_PERFIL_LD,FE_INGRESO,US_CREACION,FE_CREACION,IP_CREACION,US_ACTUALIZACION,FE_ACTUALIZACION,IP_ACTUALIZACION) values ('10','202000017358','3','32','35',null,null,null,null,to_date('23/06/23','DD/MM/RR'),'SIAS_JOB',to_timestamp('23/06/23 05:49:06,400000000 PM','DD/MM/RR HH12:MI:SS,FF AM'),'127.0.0.1',null,null,null);
Insert into SICOES_TM_SUPER_PERFIL (ID_SUPER_PERFIL,NU_EXPEDIENTE,ID_SUPERVISORA,ID_SECTOR_LD,ID_SUBSECTOR_LD,ID_ACTIVIDAD_LD,ID_UNIDAD_LD,ID_SUBCATEGORIA_LD,ID_PERFIL_LD,FE_INGRESO,US_CREACION,FE_CREACION,IP_CREACION,US_ACTUALIZACION,FE_ACTUALIZACION,IP_ACTUALIZACION) values ('20','202000017363','5','32','36','44','152','194','438',to_date('23/06/23','DD/MM/RR'),'SIAS_JOB',to_timestamp('23/06/23 07:58:43,884000000 PM','DD/MM/RR HH12:MI:SS,FF AM'),'127.0.0.1',null,null,null);
Insert into SICOES_TM_SUPER_PERFIL (ID_SUPER_PERFIL,NU_EXPEDIENTE,ID_SUPERVISORA,ID_SECTOR_LD,ID_SUBSECTOR_LD,ID_ACTIVIDAD_LD,ID_UNIDAD_LD,ID_SUBCATEGORIA_LD,ID_PERFIL_LD,FE_INGRESO,US_CREACION,FE_CREACION,IP_CREACION,US_ACTUALIZACION,FE_ACTUALIZACION,IP_ACTUALIZACION) values ('21','202000017363','5','32','36','50','160','205','777',to_date('23/06/23','DD/MM/RR'),'SIAS_JOB',to_timestamp('23/06/23 07:58:43,884000000 PM','DD/MM/RR HH12:MI:SS,FF AM'),'127.0.0.1',null,null,null);
Insert into SICOES_TM_SUPER_PERFIL (ID_SUPER_PERFIL,NU_EXPEDIENTE,ID_SUPERVISORA,ID_SECTOR_LD,ID_SUBSECTOR_LD,ID_ACTIVIDAD_LD,ID_UNIDAD_LD,ID_SUBCATEGORIA_LD,ID_PERFIL_LD,FE_INGRESO,US_CREACION,FE_CREACION,IP_CREACION,US_ACTUALIZACION,FE_ACTUALIZACION,IP_ACTUALIZACION) values ('22','202000017363','5','32','36','51','161','207','793',to_date('23/06/23','DD/MM/RR'),'SIAS_JOB',to_timestamp('23/06/23 07:58:43,885000000 PM','DD/MM/RR HH12:MI:SS,FF AM'),'127.0.0.1',null,null,null);
Insert into SICOES_TM_SUPER_PERFIL (ID_SUPER_PERFIL,NU_EXPEDIENTE,ID_SUPERVISORA,ID_SECTOR_LD,ID_SUBSECTOR_LD,ID_ACTIVIDAD_LD,ID_UNIDAD_LD,ID_SUBCATEGORIA_LD,ID_PERFIL_LD,FE_INGRESO,US_CREACION,FE_CREACION,IP_CREACION,US_ACTUALIZACION,FE_ACTUALIZACION,IP_ACTUALIZACION) values ('23','202000017363','5','32','34','40','147','175','295',to_date('23/06/23','DD/MM/RR'),'SIAS_JOB',to_timestamp('23/06/23 07:58:43,885000000 PM','DD/MM/RR HH12:MI:SS,FF AM'),'127.0.0.1',null,null,null);
Insert into SICOES_TM_SUPER_PERFIL (ID_SUPER_PERFIL,NU_EXPEDIENTE,ID_SUPERVISORA,ID_SECTOR_LD,ID_SUBSECTOR_LD,ID_ACTIVIDAD_LD,ID_UNIDAD_LD,ID_SUBCATEGORIA_LD,ID_PERFIL_LD,FE_INGRESO,US_CREACION,FE_CREACION,IP_CREACION,US_ACTUALIZACION,FE_ACTUALIZACION,IP_ACTUALIZACION) values ('24','202000017363','5','32','34','39','146','174','276',to_date('23/06/23','DD/MM/RR'),'SIAS_JOB',to_timestamp('23/06/23 07:58:43,886000000 PM','DD/MM/RR HH12:MI:SS,FF AM'),'127.0.0.1',null,null,null);
Insert into SICOES_TM_SUPER_PERFIL (ID_SUPER_PERFIL,NU_EXPEDIENTE,ID_SUPERVISORA,ID_SECTOR_LD,ID_SUBSECTOR_LD,ID_ACTIVIDAD_LD,ID_UNIDAD_LD,ID_SUBCATEGORIA_LD,ID_PERFIL_LD,FE_INGRESO,US_CREACION,FE_CREACION,IP_CREACION,US_ACTUALIZACION,FE_ACTUALIZACION,IP_ACTUALIZACION) values ('25','202000017363','5','32','34','40','147','175','290',to_date('23/06/23','DD/MM/RR'),'SIAS_JOB',to_timestamp('23/06/23 07:58:43,886000000 PM','DD/MM/RR HH12:MI:SS,FF AM'),'127.0.0.1',null,null,null);
Insert into SICOES_TM_SUPER_PERFIL (ID_SUPER_PERFIL,NU_EXPEDIENTE,ID_SUPERVISORA,ID_SECTOR_LD,ID_SUBSECTOR_LD,ID_ACTIVIDAD_LD,ID_UNIDAD_LD,ID_SUBCATEGORIA_LD,ID_PERFIL_LD,FE_INGRESO,US_CREACION,FE_CREACION,IP_CREACION,US_ACTUALIZACION,FE_ACTUALIZACION,IP_ACTUALIZACION) values ('26','202000017363','5','32','34','40','147','175','294',to_date('23/06/23','DD/MM/RR'),'SIAS_JOB',to_timestamp('23/06/23 07:58:43,886000000 PM','DD/MM/RR HH12:MI:SS,FF AM'),'127.0.0.1',null,null,null);
Insert into SICOES_TM_SUPER_PERFIL (ID_SUPER_PERFIL,NU_EXPEDIENTE,ID_SUPERVISORA,ID_SECTOR_LD,ID_SUBSECTOR_LD,ID_ACTIVIDAD_LD,ID_UNIDAD_LD,ID_SUBCATEGORIA_LD,ID_PERFIL_LD,FE_INGRESO,US_CREACION,FE_CREACION,IP_CREACION,US_ACTUALIZACION,FE_ACTUALIZACION,IP_ACTUALIZACION) values ('27','202000017363','5','32','34','38','145','170','242',to_date('23/06/23','DD/MM/RR'),'SIAS_JOB',to_timestamp('23/06/23 07:58:43,886000000 PM','DD/MM/RR HH12:MI:SS,FF AM'),'127.0.0.1',null,null,null);
Insert into SICOES_TM_SUPER_PERFIL (ID_SUPER_PERFIL,NU_EXPEDIENTE,ID_SUPERVISORA,ID_SECTOR_LD,ID_SUBSECTOR_LD,ID_ACTIVIDAD_LD,ID_UNIDAD_LD,ID_SUBCATEGORIA_LD,ID_PERFIL_LD,FE_INGRESO,US_CREACION,FE_CREACION,IP_CREACION,US_ACTUALIZACION,FE_ACTUALIZACION,IP_ACTUALIZACION) values ('28','202000017364','6','32','36','44','152','194','438',to_date('23/06/23','DD/MM/RR'),'SIAS_JOB',to_timestamp('23/06/23 08:25:33,037000000 PM','DD/MM/RR HH12:MI:SS,FF AM'),'127.0.0.1',null,null,null);
Insert into SICOES_TM_SUPER_PERFIL (ID_SUPER_PERFIL,NU_EXPEDIENTE,ID_SUPERVISORA,ID_SECTOR_LD,ID_SUBSECTOR_LD,ID_ACTIVIDAD_LD,ID_UNIDAD_LD,ID_SUBCATEGORIA_LD,ID_PERFIL_LD,FE_INGRESO,US_CREACION,FE_CREACION,IP_CREACION,US_ACTUALIZACION,FE_ACTUALIZACION,IP_ACTUALIZACION) values ('29','202000017364','6','32','36','50','160','205','777',to_date('23/06/23','DD/MM/RR'),'SIAS_JOB',to_timestamp('23/06/23 08:25:33,038000000 PM','DD/MM/RR HH12:MI:SS,FF AM'),'127.0.0.1',null,null,null);
Insert into SICOES_TM_SUPER_PERFIL (ID_SUPER_PERFIL,NU_EXPEDIENTE,ID_SUPERVISORA,ID_SECTOR_LD,ID_SUBSECTOR_LD,ID_ACTIVIDAD_LD,ID_UNIDAD_LD,ID_SUBCATEGORIA_LD,ID_PERFIL_LD,FE_INGRESO,US_CREACION,FE_CREACION,IP_CREACION,US_ACTUALIZACION,FE_ACTUALIZACION,IP_ACTUALIZACION) values ('30','202000017364','6','32','36','51','161','207','793',to_date('23/06/23','DD/MM/RR'),'SIAS_JOB',to_timestamp('23/06/23 08:25:33,038000000 PM','DD/MM/RR HH12:MI:SS,FF AM'),'127.0.0.1',null,null,null);
Insert into SICOES_TM_SUPER_PERFIL (ID_SUPER_PERFIL,NU_EXPEDIENTE,ID_SUPERVISORA,ID_SECTOR_LD,ID_SUBSECTOR_LD,ID_ACTIVIDAD_LD,ID_UNIDAD_LD,ID_SUBCATEGORIA_LD,ID_PERFIL_LD,FE_INGRESO,US_CREACION,FE_CREACION,IP_CREACION,US_ACTUALIZACION,FE_ACTUALIZACION,IP_ACTUALIZACION) values ('31','202000017364','6','32','34','40','147','175','295',to_date('23/06/23','DD/MM/RR'),'SIAS_JOB',to_timestamp('23/06/23 08:25:33,038000000 PM','DD/MM/RR HH12:MI:SS,FF AM'),'127.0.0.1',null,null,null);
Insert into SICOES_TM_SUPER_PERFIL (ID_SUPER_PERFIL,NU_EXPEDIENTE,ID_SUPERVISORA,ID_SECTOR_LD,ID_SUBSECTOR_LD,ID_ACTIVIDAD_LD,ID_UNIDAD_LD,ID_SUBCATEGORIA_LD,ID_PERFIL_LD,FE_INGRESO,US_CREACION,FE_CREACION,IP_CREACION,US_ACTUALIZACION,FE_ACTUALIZACION,IP_ACTUALIZACION) values ('32','202000017364','6','32','34','39','146','174','276',to_date('23/06/23','DD/MM/RR'),'SIAS_JOB',to_timestamp('23/06/23 08:25:33,039000000 PM','DD/MM/RR HH12:MI:SS,FF AM'),'127.0.0.1',null,null,null);
Insert into SICOES_TM_SUPER_PERFIL (ID_SUPER_PERFIL,NU_EXPEDIENTE,ID_SUPERVISORA,ID_SECTOR_LD,ID_SUBSECTOR_LD,ID_ACTIVIDAD_LD,ID_UNIDAD_LD,ID_SUBCATEGORIA_LD,ID_PERFIL_LD,FE_INGRESO,US_CREACION,FE_CREACION,IP_CREACION,US_ACTUALIZACION,FE_ACTUALIZACION,IP_ACTUALIZACION) values ('33','202000017364','6','32','34','40','147','175','290',to_date('23/06/23','DD/MM/RR'),'SIAS_JOB',to_timestamp('23/06/23 08:25:33,039000000 PM','DD/MM/RR HH12:MI:SS,FF AM'),'127.0.0.1',null,null,null);
Insert into SICOES_TM_SUPER_PERFIL (ID_SUPER_PERFIL,NU_EXPEDIENTE,ID_SUPERVISORA,ID_SECTOR_LD,ID_SUBSECTOR_LD,ID_ACTIVIDAD_LD,ID_UNIDAD_LD,ID_SUBCATEGORIA_LD,ID_PERFIL_LD,FE_INGRESO,US_CREACION,FE_CREACION,IP_CREACION,US_ACTUALIZACION,FE_ACTUALIZACION,IP_ACTUALIZACION) values ('34','202000017364','6','32','34','40','147','175','294',to_date('23/06/23','DD/MM/RR'),'SIAS_JOB',to_timestamp('23/06/23 08:25:33,039000000 PM','DD/MM/RR HH12:MI:SS,FF AM'),'127.0.0.1',null,null,null);
Insert into SICOES_TM_SUPER_PERFIL (ID_SUPER_PERFIL,NU_EXPEDIENTE,ID_SUPERVISORA,ID_SECTOR_LD,ID_SUBSECTOR_LD,ID_ACTIVIDAD_LD,ID_UNIDAD_LD,ID_SUBCATEGORIA_LD,ID_PERFIL_LD,FE_INGRESO,US_CREACION,FE_CREACION,IP_CREACION,US_ACTUALIZACION,FE_ACTUALIZACION,IP_ACTUALIZACION) values ('35','202000017364','6','32','34','38','145','170','242',to_date('23/06/23','DD/MM/RR'),'SIAS_JOB',to_timestamp('23/06/23 08:25:33,039000000 PM','DD/MM/RR HH12:MI:SS,FF AM'),'127.0.0.1',null,null,null);
Insert into SICOES_TM_SUPER_PERFIL (ID_SUPER_PERFIL,NU_EXPEDIENTE,ID_SUPERVISORA,ID_SECTOR_LD,ID_SUBSECTOR_LD,ID_ACTIVIDAD_LD,ID_UNIDAD_LD,ID_SUBCATEGORIA_LD,ID_PERFIL_LD,FE_INGRESO,US_CREACION,FE_CREACION,IP_CREACION,US_ACTUALIZACION,FE_ACTUALIZACION,IP_ACTUALIZACION) values ('4','202000017361','2','32','36','44','152','194','438',to_date('23/06/23','DD/MM/RR'),'SIAS_JOB',to_timestamp('23/06/23 03:42:23,892000000 PM','DD/MM/RR HH12:MI:SS,FF AM'),'127.0.0.1','SIAS_JOB',to_timestamp('23/06/23 05:57:34,796000000 PM','DD/MM/RR HH12:MI:SS,FF AM'),'127.0.0.1');
Insert into SICOES_TM_SUPER_PERFIL (ID_SUPER_PERFIL,NU_EXPEDIENTE,ID_SUPERVISORA,ID_SECTOR_LD,ID_SUBSECTOR_LD,ID_ACTIVIDAD_LD,ID_UNIDAD_LD,ID_SUBCATEGORIA_LD,ID_PERFIL_LD,FE_INGRESO,US_CREACION,FE_CREACION,IP_CREACION,US_ACTUALIZACION,FE_ACTUALIZACION,IP_ACTUALIZACION) values ('5','202000017361','2','32','34','38','145','170','242',to_date('23/06/23','DD/MM/RR'),'SIAS_JOB',to_timestamp('23/06/23 03:42:23,893000000 PM','DD/MM/RR HH12:MI:SS,FF AM'),'127.0.0.1','SIAS_JOB',to_timestamp('23/06/23 05:57:34,801000000 PM','DD/MM/RR HH12:MI:SS,FF AM'),'127.0.0.1');
Insert into SICOES_TM_SUPER_PERFIL (ID_SUPER_PERFIL,NU_EXPEDIENTE,ID_SUPERVISORA,ID_SECTOR_LD,ID_SUBSECTOR_LD,ID_ACTIVIDAD_LD,ID_UNIDAD_LD,ID_SUBCATEGORIA_LD,ID_PERFIL_LD,FE_INGRESO,US_CREACION,FE_CREACION,IP_CREACION,US_ACTUALIZACION,FE_ACTUALIZACION,IP_ACTUALIZACION) values ('6','202000017355','2','32','34','38','145','166','214',to_date('23/06/23','DD/MM/RR'),'SIAS_JOB',to_timestamp('23/06/23 03:42:23,894000000 PM','DD/MM/RR HH12:MI:SS,FF AM'),'127.0.0.1',null,null,null);
Insert into SICOES_TM_SUPER_PERFIL (ID_SUPER_PERFIL,NU_EXPEDIENTE,ID_SUPERVISORA,ID_SECTOR_LD,ID_SUBSECTOR_LD,ID_ACTIVIDAD_LD,ID_UNIDAD_LD,ID_SUBCATEGORIA_LD,ID_PERFIL_LD,FE_INGRESO,US_CREACION,FE_CREACION,IP_CREACION,US_ACTUALIZACION,FE_ACTUALIZACION,IP_ACTUALIZACION) values ('7','202000017361','2','32','36','50','160','205','777',to_date('23/06/23','DD/MM/RR'),'SIAS_JOB',to_timestamp('23/06/23 03:42:23,894000000 PM','DD/MM/RR HH12:MI:SS,FF AM'),'127.0.0.1','SIAS_JOB',to_timestamp('23/06/23 05:57:34,796000000 PM','DD/MM/RR HH12:MI:SS,FF AM'),'127.0.0.1');
Insert into SICOES_TM_SUPER_PERFIL (ID_SUPER_PERFIL,NU_EXPEDIENTE,ID_SUPERVISORA,ID_SECTOR_LD,ID_SUBSECTOR_LD,ID_ACTIVIDAD_LD,ID_UNIDAD_LD,ID_SUBCATEGORIA_LD,ID_PERFIL_LD,FE_INGRESO,US_CREACION,FE_CREACION,IP_CREACION,US_ACTUALIZACION,FE_ACTUALIZACION,IP_ACTUALIZACION) values ('1','202000017356','1','32','34',null,null,null,null,to_date('23/06/23','DD/MM/RR'),'SIAS_JOB',to_timestamp('23/06/23 03:42:05,697000000 PM','DD/MM/RR HH12:MI:SS,FF AM'),'127.0.0.1',null,null,null);
Insert into SICOES_TM_SUPER_PERFIL (ID_SUPER_PERFIL,NU_EXPEDIENTE,ID_SUPERVISORA,ID_SECTOR_LD,ID_SUBSECTOR_LD,ID_ACTIVIDAD_LD,ID_UNIDAD_LD,ID_SUBCATEGORIA_LD,ID_PERFIL_LD,FE_INGRESO,US_CREACION,FE_CREACION,IP_CREACION,US_ACTUALIZACION,FE_ACTUALIZACION,IP_ACTUALIZACION) values ('2','202000017356','1','32','36',null,null,null,null,to_date('23/06/23','DD/MM/RR'),'SIAS_JOB',to_timestamp('23/06/23 03:42:05,708000000 PM','DD/MM/RR HH12:MI:SS,FF AM'),'127.0.0.1',null,null,null);
Insert into SICOES_TM_SUPER_PERFIL (ID_SUPER_PERFIL,NU_EXPEDIENTE,ID_SUPERVISORA,ID_SECTOR_LD,ID_SUBSECTOR_LD,ID_ACTIVIDAD_LD,ID_UNIDAD_LD,ID_SUBCATEGORIA_LD,ID_PERFIL_LD,FE_INGRESO,US_CREACION,FE_CREACION,IP_CREACION,US_ACTUALIZACION,FE_ACTUALIZACION,IP_ACTUALIZACION) values ('3','202000017356','1','32','35',null,null,null,null,to_date('23/06/23','DD/MM/RR'),'SIAS_JOB',to_timestamp('23/06/23 03:42:05,709000000 PM','DD/MM/RR HH12:MI:SS,FF AM'),'127.0.0.1',null,null,null);
Insert into SICOES_TM_SUPER_PERFIL (ID_SUPER_PERFIL,NU_EXPEDIENTE,ID_SUPERVISORA,ID_SECTOR_LD,ID_SUBSECTOR_LD,ID_ACTIVIDAD_LD,ID_UNIDAD_LD,ID_SUBCATEGORIA_LD,ID_PERFIL_LD,FE_INGRESO,US_CREACION,FE_CREACION,IP_CREACION,US_ACTUALIZACION,FE_ACTUALIZACION,IP_ACTUALIZACION) values ('16','202000017362','4','32','34',null,null,null,null,to_date('23/06/23','DD/MM/RR'),'SIAS_JOB',to_timestamp('23/06/23 06:29:31,783000000 PM','DD/MM/RR HH12:MI:SS,FF AM'),'127.0.0.1',null,null,null);
Insert into SICOES_TM_SUPER_PERFIL (ID_SUPER_PERFIL,NU_EXPEDIENTE,ID_SUPERVISORA,ID_SECTOR_LD,ID_SUBSECTOR_LD,ID_ACTIVIDAD_LD,ID_UNIDAD_LD,ID_SUBCATEGORIA_LD,ID_PERFIL_LD,FE_INGRESO,US_CREACION,FE_CREACION,IP_CREACION,US_ACTUALIZACION,FE_ACTUALIZACION,IP_ACTUALIZACION) values ('17','202000017362','4','33','37',null,null,null,null,to_date('23/06/23','DD/MM/RR'),'SIAS_JOB',to_timestamp('23/06/23 06:29:31,784000000 PM','DD/MM/RR HH12:MI:SS,FF AM'),'127.0.0.1',null,null,null);
Insert into SICOES_TM_SUPER_PERFIL (ID_SUPER_PERFIL,NU_EXPEDIENTE,ID_SUPERVISORA,ID_SECTOR_LD,ID_SUBSECTOR_LD,ID_ACTIVIDAD_LD,ID_UNIDAD_LD,ID_SUBCATEGORIA_LD,ID_PERFIL_LD,FE_INGRESO,US_CREACION,FE_CREACION,IP_CREACION,US_ACTUALIZACION,FE_ACTUALIZACION,IP_ACTUALIZACION) values ('18','202000017362','4','32','36',null,null,null,null,to_date('23/06/23','DD/MM/RR'),'SIAS_JOB',to_timestamp('23/06/23 06:29:31,784000000 PM','DD/MM/RR HH12:MI:SS,FF AM'),'127.0.0.1',null,null,null);
Insert into SICOES_TM_SUPER_PERFIL (ID_SUPER_PERFIL,NU_EXPEDIENTE,ID_SUPERVISORA,ID_SECTOR_LD,ID_SUBSECTOR_LD,ID_ACTIVIDAD_LD,ID_UNIDAD_LD,ID_SUBCATEGORIA_LD,ID_PERFIL_LD,FE_INGRESO,US_CREACION,FE_CREACION,IP_CREACION,US_ACTUALIZACION,FE_ACTUALIZACION,IP_ACTUALIZACION) values ('19','202000017362','4','32','35',null,null,null,null,to_date('23/06/23','DD/MM/RR'),'SIAS_JOB',to_timestamp('23/06/23 06:29:31,784000000 PM','DD/MM/RR HH12:MI:SS,FF AM'),'127.0.0.1',null,null,null);
Insert into SICOES_TM_SUPER_PERFIL (ID_SUPER_PERFIL,NU_EXPEDIENTE,ID_SUPERVISORA,ID_SECTOR_LD,ID_SUBSECTOR_LD,ID_ACTIVIDAD_LD,ID_UNIDAD_LD,ID_SUBCATEGORIA_LD,ID_PERFIL_LD,FE_INGRESO,US_CREACION,FE_CREACION,IP_CREACION,US_ACTUALIZACION,FE_ACTUALIZACION,IP_ACTUALIZACION) values ('11','202000017361','2','32','36','51','161','207','793',to_date('23/06/23','DD/MM/RR'),'SIAS_JOB',to_timestamp('23/06/23 05:57:34,796000000 PM','DD/MM/RR HH12:MI:SS,FF AM'),'127.0.0.1',null,null,null);
Insert into SICOES_TM_SUPER_PERFIL (ID_SUPER_PERFIL,NU_EXPEDIENTE,ID_SUPERVISORA,ID_SECTOR_LD,ID_SUBSECTOR_LD,ID_ACTIVIDAD_LD,ID_UNIDAD_LD,ID_SUBCATEGORIA_LD,ID_PERFIL_LD,FE_INGRESO,US_CREACION,FE_CREACION,IP_CREACION,US_ACTUALIZACION,FE_ACTUALIZACION,IP_ACTUALIZACION) values ('12','202000017361','2','32','34','40','147','175','295',to_date('23/06/23','DD/MM/RR'),'SIAS_JOB',to_timestamp('23/06/23 05:57:34,797000000 PM','DD/MM/RR HH12:MI:SS,FF AM'),'127.0.0.1',null,null,null);
Insert into SICOES_TM_SUPER_PERFIL (ID_SUPER_PERFIL,NU_EXPEDIENTE,ID_SUPERVISORA,ID_SECTOR_LD,ID_SUBSECTOR_LD,ID_ACTIVIDAD_LD,ID_UNIDAD_LD,ID_SUBCATEGORIA_LD,ID_PERFIL_LD,FE_INGRESO,US_CREACION,FE_CREACION,IP_CREACION,US_ACTUALIZACION,FE_ACTUALIZACION,IP_ACTUALIZACION) values ('13','202000017361','2','32','34','39','146','174','276',to_date('23/06/23','DD/MM/RR'),'SIAS_JOB',to_timestamp('23/06/23 05:57:34,798000000 PM','DD/MM/RR HH12:MI:SS,FF AM'),'127.0.0.1',null,null,null);
Insert into SICOES_TM_SUPER_PERFIL (ID_SUPER_PERFIL,NU_EXPEDIENTE,ID_SUPERVISORA,ID_SECTOR_LD,ID_SUBSECTOR_LD,ID_ACTIVIDAD_LD,ID_UNIDAD_LD,ID_SUBCATEGORIA_LD,ID_PERFIL_LD,FE_INGRESO,US_CREACION,FE_CREACION,IP_CREACION,US_ACTUALIZACION,FE_ACTUALIZACION,IP_ACTUALIZACION) values ('14','202000017361','2','32','34','40','147','175','290',to_date('23/06/23','DD/MM/RR'),'SIAS_JOB',to_timestamp('23/06/23 05:57:34,798000000 PM','DD/MM/RR HH12:MI:SS,FF AM'),'127.0.0.1',null,null,null);
Insert into SICOES_TM_SUPER_PERFIL (ID_SUPER_PERFIL,NU_EXPEDIENTE,ID_SUPERVISORA,ID_SECTOR_LD,ID_SUBSECTOR_LD,ID_ACTIVIDAD_LD,ID_UNIDAD_LD,ID_SUBCATEGORIA_LD,ID_PERFIL_LD,FE_INGRESO,US_CREACION,FE_CREACION,IP_CREACION,US_ACTUALIZACION,FE_ACTUALIZACION,IP_ACTUALIZACION) values ('15','202000017361','2','32','34','40','147','175','294',to_date('23/06/23','DD/MM/RR'),'SIAS_JOB',to_timestamp('23/06/23 05:57:34,800000000 PM','DD/MM/RR HH12:MI:SS,FF AM'),'127.0.0.1',null,null,null);
Insert into SICOES_TM_SUPER_PERFIL (ID_SUPER_PERFIL,NU_EXPEDIENTE,ID_SUPERVISORA,ID_SECTOR_LD,ID_SUBSECTOR_LD,ID_ACTIVIDAD_LD,ID_UNIDAD_LD,ID_SUBCATEGORIA_LD,ID_PERFIL_LD,FE_INGRESO,US_CREACION,FE_CREACION,IP_CREACION,US_ACTUALIZACION,FE_ACTUALIZACION,IP_ACTUALIZACION) values ('36','202000017376','7','32','36','50','160','205','777',to_date('23/06/23','DD/MM/RR'),'SIAS_JOB',to_timestamp('23/06/23 08:35:40,122000000 PM','DD/MM/RR HH12:MI:SS,FF AM'),'127.0.0.1',null,null,null);
Insert into SICOES_TM_SUPER_PERFIL (ID_SUPER_PERFIL,NU_EXPEDIENTE,ID_SUPERVISORA,ID_SECTOR_LD,ID_SUBSECTOR_LD,ID_ACTIVIDAD_LD,ID_UNIDAD_LD,ID_SUBCATEGORIA_LD,ID_PERFIL_LD,FE_INGRESO,US_CREACION,FE_CREACION,IP_CREACION,US_ACTUALIZACION,FE_ACTUALIZACION,IP_ACTUALIZACION) values ('37','202000017376','7','32','36','51','161','207','793',to_date('23/06/23','DD/MM/RR'),'SIAS_JOB',to_timestamp('23/06/23 08:35:40,122000000 PM','DD/MM/RR HH12:MI:SS,FF AM'),'127.0.0.1',null,null,null);
Insert into SICOES_TM_SUPER_PERFIL (ID_SUPER_PERFIL,NU_EXPEDIENTE,ID_SUPERVISORA,ID_SECTOR_LD,ID_SUBSECTOR_LD,ID_ACTIVIDAD_LD,ID_UNIDAD_LD,ID_SUBCATEGORIA_LD,ID_PERFIL_LD,FE_INGRESO,US_CREACION,FE_CREACION,IP_CREACION,US_ACTUALIZACION,FE_ACTUALIZACION,IP_ACTUALIZACION) values ('38','202000017376','7','32','34','38','145','170','242',to_date('23/06/23','DD/MM/RR'),'SIAS_JOB',to_timestamp('23/06/23 08:35:40,123000000 PM','DD/MM/RR HH12:MI:SS,FF AM'),'127.0.0.1',null,null,null);
Insert into SICOES_TM_SUPER_PERFIL (ID_SUPER_PERFIL,NU_EXPEDIENTE,ID_SUPERVISORA,ID_SECTOR_LD,ID_SUBSECTOR_LD,ID_ACTIVIDAD_LD,ID_UNIDAD_LD,ID_SUBCATEGORIA_LD,ID_PERFIL_LD,FE_INGRESO,US_CREACION,FE_CREACION,IP_CREACION,US_ACTUALIZACION,FE_ACTUALIZACION,IP_ACTUALIZACION) values ('39','202000017376','7','32','36','44','152','194','438',to_date('23/06/23','DD/MM/RR'),'SIAS_JOB',to_timestamp('23/06/23 08:35:40,123000000 PM','DD/MM/RR HH12:MI:SS,FF AM'),'127.0.0.1',null,null,null);
Insert into SICOES_TM_SUPER_PERFIL (ID_SUPER_PERFIL,NU_EXPEDIENTE,ID_SUPERVISORA,ID_SECTOR_LD,ID_SUBSECTOR_LD,ID_ACTIVIDAD_LD,ID_UNIDAD_LD,ID_SUBCATEGORIA_LD,ID_PERFIL_LD,FE_INGRESO,US_CREACION,FE_CREACION,IP_CREACION,US_ACTUALIZACION,FE_ACTUALIZACION,IP_ACTUALIZACION) values ('40','202000017376','7','32','34','40','147','175','290',to_date('23/06/23','DD/MM/RR'),'SIAS_JOB',to_timestamp('23/06/23 08:35:40,123000000 PM','DD/MM/RR HH12:MI:SS,FF AM'),'127.0.0.1',null,null,null);
Insert into SICOES_TM_SUPER_PERFIL (ID_SUPER_PERFIL,NU_EXPEDIENTE,ID_SUPERVISORA,ID_SECTOR_LD,ID_SUBSECTOR_LD,ID_ACTIVIDAD_LD,ID_UNIDAD_LD,ID_SUBCATEGORIA_LD,ID_PERFIL_LD,FE_INGRESO,US_CREACION,FE_CREACION,IP_CREACION,US_ACTUALIZACION,FE_ACTUALIZACION,IP_ACTUALIZACION) values ('41','202000017376','7','32','34','40','147','175','294',to_date('23/06/23','DD/MM/RR'),'SIAS_JOB',to_timestamp('23/06/23 08:35:40,123000000 PM','DD/MM/RR HH12:MI:SS,FF AM'),'127.0.0.1',null,null,null);
Insert into SICOES_TM_SUPER_PERFIL (ID_SUPER_PERFIL,NU_EXPEDIENTE,ID_SUPERVISORA,ID_SECTOR_LD,ID_SUBSECTOR_LD,ID_ACTIVIDAD_LD,ID_UNIDAD_LD,ID_SUBCATEGORIA_LD,ID_PERFIL_LD,FE_INGRESO,US_CREACION,FE_CREACION,IP_CREACION,US_ACTUALIZACION,FE_ACTUALIZACION,IP_ACTUALIZACION) values ('42','202000017376','7','32','34','40','147','175','295',to_date('23/06/23','DD/MM/RR'),'SIAS_JOB',to_timestamp('23/06/23 08:35:40,124000000 PM','DD/MM/RR HH12:MI:SS,FF AM'),'127.0.0.1',null,null,null);
Insert into SICOES_TM_SUPER_PERFIL (ID_SUPER_PERFIL,NU_EXPEDIENTE,ID_SUPERVISORA,ID_SECTOR_LD,ID_SUBSECTOR_LD,ID_ACTIVIDAD_LD,ID_UNIDAD_LD,ID_SUBCATEGORIA_LD,ID_PERFIL_LD,FE_INGRESO,US_CREACION,FE_CREACION,IP_CREACION,US_ACTUALIZACION,FE_ACTUALIZACION,IP_ACTUALIZACION) values ('43','202000017376','7','32','34','39','146','174','276',to_date('23/06/23','DD/MM/RR'),'SIAS_JOB',to_timestamp('23/06/23 08:35:40,125000000 PM','DD/MM/RR HH12:MI:SS,FF AM'),'127.0.0.1',null,null,null);

Insert into SICOES_TM_SUPERVISORA (ID_SUPERVISORA,ID_TIPO_DOCUMENTO_LD,ID_PAIS_LD,ID_ESTADO_LD,ID_TIPO_PERSONA_LD,NU_EXPEDIENTE,NU_DOCUMENTO,NO_RAZON_SOCIAL,NO_PERSONA,AP_PATERNO,AP_MATERNO,CO_RUC,DE_DIRECCION,CO_CLIENTE,CO_DEPARTAMENTO,CO_PROVINCIA,CO_DISTRITO,NO_DEPARTAMENTO,NO_PROVINCIA,NO_DISTRITO,CO_PARTIDA_REGISTRAL,DE_TELEFONO1,DE_TELEFONO2,DE_TELEFONO3,CO_TIPO_PN,DE_TIPO_PN,DE_CORREO,FE_INGRESO,FE_SUSPEN_CANCELACION,ID_SUSPEN_CANCELACION,US_CREACION,FE_CREACION,IP_CREACION,US_ACTUALIZACION,FE_ACTUALIZACION,IP_ACTUALIZACION) values ('3','2','65','656','655','202000017358','20100070031','VOLVO PERU S A',null,null,null,'20100070031','CARRETERA PANAMERICANA SUR KM 23.88 -    LIMA/LIMA/LURIN','25643','150000','150100','150119','LIMA','LIMA','LURIN','000159357','996253145',null,null,null,null,'aanguiz.celsat@gmail.com',to_date('23/06/23','DD/MM/RR'),null,null,'SIAS_JOB',to_timestamp('23/06/23 05:49:06,385000000 PM','DD/MM/RR HH12:MI:SS,FF AM'),'127.0.0.1',null,null,null);
Insert into SICOES_TM_SUPERVISORA (ID_SUPERVISORA,ID_TIPO_DOCUMENTO_LD,ID_PAIS_LD,ID_ESTADO_LD,ID_TIPO_PERSONA_LD,NU_EXPEDIENTE,NU_DOCUMENTO,NO_RAZON_SOCIAL,NO_PERSONA,AP_PATERNO,AP_MATERNO,CO_RUC,DE_DIRECCION,CO_CLIENTE,CO_DEPARTAMENTO,CO_PROVINCIA,CO_DISTRITO,NO_DEPARTAMENTO,NO_PROVINCIA,NO_DISTRITO,CO_PARTIDA_REGISTRAL,DE_TELEFONO1,DE_TELEFONO2,DE_TELEFONO3,CO_TIPO_PN,DE_TIPO_PN,DE_CORREO,FE_INGRESO,FE_SUSPEN_CANCELACION,ID_SUSPEN_CANCELACION,US_CREACION,FE_CREACION,IP_CREACION,US_ACTUALIZACION,FE_ACTUALIZACION,IP_ACTUALIZACION) values ('5','3','125','656','679','202000017363','47618456',null,'HAROLD OLIVER','PAUCARCAJA','OCHOA','10476184563','SECTOR 3 GRUPO 22 MZ. A LT. 16 LIMA/LIMA/VILLA EL SALVADOR','249772','150000','150100','150142','LIMA','LIMA','VILLA EL SALVADOR',null,'999999999999',null,null,null,null,'celsat.seal@gmail.com',to_date('23/06/23','DD/MM/RR'),null,null,'SIAS_JOB',to_timestamp('23/06/23 07:58:43,880000000 PM','DD/MM/RR HH12:MI:SS,FF AM'),'127.0.0.1',null,null,null);
Insert into SICOES_TM_SUPERVISORA (ID_SUPERVISORA,ID_TIPO_DOCUMENTO_LD,ID_PAIS_LD,ID_ESTADO_LD,ID_TIPO_PERSONA_LD,NU_EXPEDIENTE,NU_DOCUMENTO,NO_RAZON_SOCIAL,NO_PERSONA,AP_PATERNO,AP_MATERNO,CO_RUC,DE_DIRECCION,CO_CLIENTE,CO_DEPARTAMENTO,CO_PROVINCIA,CO_DISTRITO,NO_DEPARTAMENTO,NO_PROVINCIA,NO_DISTRITO,CO_PARTIDA_REGISTRAL,DE_TELEFONO1,DE_TELEFONO2,DE_TELEFONO3,CO_TIPO_PN,DE_TIPO_PN,DE_CORREO,FE_INGRESO,FE_SUSPEN_CANCELACION,ID_SUSPEN_CANCELACION,US_CREACION,FE_CREACION,IP_CREACION,US_ACTUALIZACION,FE_ACTUALIZACION,IP_ACTUALIZACION) values ('6','3','125','656','679','202000017364','73496666',null,'JASON CHRISTIAN ANTHONY','ANGUIZ','VARGAS','10734966661','CALLE LAS VIOLETAS ASENT.H. ASOC. VIV. AUTOG. SAN BENITO ETAPA 1 MZ. I LT. 18 LIMA/LIMA/CARABAYLLO','249758','150000','150100','150106','LIMA','LIMA','CARABAYLLO',null,'999999999999',null,null,null,null,'anthony.anguiz@celsat.pe',to_date('23/06/23','DD/MM/RR'),null,null,'SIAS_JOB',to_timestamp('23/06/23 08:25:33,034000000 PM','DD/MM/RR HH12:MI:SS,FF AM'),'127.0.0.1',null,null,null);
Insert into SICOES_TM_SUPERVISORA (ID_SUPERVISORA,ID_TIPO_DOCUMENTO_LD,ID_PAIS_LD,ID_ESTADO_LD,ID_TIPO_PERSONA_LD,NU_EXPEDIENTE,NU_DOCUMENTO,NO_RAZON_SOCIAL,NO_PERSONA,AP_PATERNO,AP_MATERNO,CO_RUC,DE_DIRECCION,CO_CLIENTE,CO_DEPARTAMENTO,CO_PROVINCIA,CO_DISTRITO,NO_DEPARTAMENTO,NO_PROVINCIA,NO_DISTRITO,CO_PARTIDA_REGISTRAL,DE_TELEFONO1,DE_TELEFONO2,DE_TELEFONO3,CO_TIPO_PN,DE_TIPO_PN,DE_CORREO,FE_INGRESO,FE_SUSPEN_CANCELACION,ID_SUSPEN_CANCELACION,US_CREACION,FE_CREACION,IP_CREACION,US_ACTUALIZACION,FE_ACTUALIZACION,IP_ACTUALIZACION) values ('2','3','125','656','679','202000017361','44786674',null,'VERONICA LILIANA','GARCIA','RUBIO','10447866744','AV. QUILLAZU N S/N CPMEN QUILLAZU PASCO/OXAPAMPA/OXAPAMPA','249757','190000','190300','190301','PASCO','OXAPAMPA','OXAPAMPA',null,'999999999999',null,null,null,null,'10447866744@gmail.com',to_date('23/06/23','DD/MM/RR'),null,null,'SIAS_JOB',to_timestamp('23/06/23 03:42:23,873000000 PM','DD/MM/RR HH12:MI:SS,FF AM'),'127.0.0.1','SIAS_JOB',to_timestamp('23/06/23 05:57:34,790000000 PM','DD/MM/RR HH12:MI:SS,FF AM'),'127.0.0.1');
Insert into SICOES_TM_SUPERVISORA (ID_SUPERVISORA,ID_TIPO_DOCUMENTO_LD,ID_PAIS_LD,ID_ESTADO_LD,ID_TIPO_PERSONA_LD,NU_EXPEDIENTE,NU_DOCUMENTO,NO_RAZON_SOCIAL,NO_PERSONA,AP_PATERNO,AP_MATERNO,CO_RUC,DE_DIRECCION,CO_CLIENTE,CO_DEPARTAMENTO,CO_PROVINCIA,CO_DISTRITO,NO_DEPARTAMENTO,NO_PROVINCIA,NO_DISTRITO,CO_PARTIDA_REGISTRAL,DE_TELEFONO1,DE_TELEFONO2,DE_TELEFONO3,CO_TIPO_PN,DE_TIPO_PN,DE_CORREO,FE_INGRESO,FE_SUSPEN_CANCELACION,ID_SUSPEN_CANCELACION,US_CREACION,FE_CREACION,IP_CREACION,US_ACTUALIZACION,FE_ACTUALIZACION,IP_ACTUALIZACION) values ('1','2','65','656','655','202000017356','20510496168','CEL SAT (PERU).COM S.A.C.',null,null,null,'20510496168','AVENIDA PASEO DE LA REPUBLICA 3905 LIMA/LIMA/SURQUILLO','4875','150000','150100','150141','LIMA','LIMA','SURQUILLO','NUEVA PARTIDA','978456123',null,null,null,null,'celsat.osinergmin@gmail.com',to_date('23/06/23','DD/MM/RR'),null,null,'SIAS_JOB',to_timestamp('23/06/23 03:42:05,639000000 PM','DD/MM/RR HH12:MI:SS,FF AM'),'127.0.0.1',null,null,null);
Insert into SICOES_TM_SUPERVISORA (ID_SUPERVISORA,ID_TIPO_DOCUMENTO_LD,ID_PAIS_LD,ID_ESTADO_LD,ID_TIPO_PERSONA_LD,NU_EXPEDIENTE,NU_DOCUMENTO,NO_RAZON_SOCIAL,NO_PERSONA,AP_PATERNO,AP_MATERNO,CO_RUC,DE_DIRECCION,CO_CLIENTE,CO_DEPARTAMENTO,CO_PROVINCIA,CO_DISTRITO,NO_DEPARTAMENTO,NO_PROVINCIA,NO_DISTRITO,CO_PARTIDA_REGISTRAL,DE_TELEFONO1,DE_TELEFONO2,DE_TELEFONO3,CO_TIPO_PN,DE_TIPO_PN,DE_CORREO,FE_INGRESO,FE_SUSPEN_CANCELACION,ID_SUSPEN_CANCELACION,US_CREACION,FE_CREACION,IP_CREACION,US_ACTUALIZACION,FE_ACTUALIZACION,IP_ACTUALIZACION) values ('4','2','65','702','655','202000017362','20544435362','IGOOLT S.A.C.',null,null,null,'20544435362','CALLE LAS CODORNICES 237  LIMA/LIMA/SURQUILLO','243994','150000','150100','150141','LIMA','LIMA','SURQUILLO','0000335452','996523154',null,null,null,null,'celsat.sicoes@gmail.com',to_date('23/06/23','DD/MM/RR'),to_date('30/06/23','DD/MM/RR'),'1','SIAS_JOB',to_timestamp('23/06/23 06:29:31,779000000 PM','DD/MM/RR HH12:MI:SS,FF AM'),'127.0.0.1',null,null,null);
Insert into SICOES_TM_SUPERVISORA (ID_SUPERVISORA,ID_TIPO_DOCUMENTO_LD,ID_PAIS_LD,ID_ESTADO_LD,ID_TIPO_PERSONA_LD,NU_EXPEDIENTE,NU_DOCUMENTO,NO_RAZON_SOCIAL,NO_PERSONA,AP_PATERNO,AP_MATERNO,CO_RUC,DE_DIRECCION,CO_CLIENTE,CO_DEPARTAMENTO,CO_PROVINCIA,CO_DISTRITO,NO_DEPARTAMENTO,NO_PROVINCIA,NO_DISTRITO,CO_PARTIDA_REGISTRAL,DE_TELEFONO1,DE_TELEFONO2,DE_TELEFONO3,CO_TIPO_PN,DE_TIPO_PN,DE_CORREO,FE_INGRESO,FE_SUSPEN_CANCELACION,ID_SUSPEN_CANCELACION,US_CREACION,FE_CREACION,IP_CREACION,US_ACTUALIZACION,FE_ACTUALIZACION,IP_ACTUALIZACION) values ('7','3','125','656','679','202000017376','47602831',null,'SAMANTHA SHIRLEY GIULIANA','MENDOZA','LAPA','10476028316','AV. SAN NICOLAS URB. SANTA BARBARA MZ. E LT. 7 LIMA/LIMA/SAN MARTIN DE PORRES','249777','150000','150100','150135','LIMA','LIMA','SAN MARTIN DE PORRES',null,'999999999999',null,null,null,null,'47602831@gmail.com',to_date('23/06/23','DD/MM/RR'),null,null,'SIAS_JOB',to_timestamp('23/06/23 08:35:40,118000000 PM','DD/MM/RR HH12:MI:SS,FF AM'),'127.0.0.1',null,null,null);

Insert into SICOES_TM_SUPER_REPRESENTANTE (ID_SUPER_REPRESENTANTE,ID_TIPO_DOCUMENTO_LD,ID_SUPERVISORA,NU_DOCUMENTO,NO_REPRESENTANTE,AP_PATERNO,AP_MATERNO,US_CREACION,FE_CREACION,IP_CREACION,US_ACTUALIZACION,FE_ACTUALIZACION,IP_ACTUALIZACION) values ('2','3','3','47521452','KEROLEN ELLEN','LIMA','GUERRA','SIAS_JOB',to_timestamp('23/06/23 05:49:06,386000000 PM','DD/MM/RR HH12:MI:SS,FF AM'),'127.0.0.1',null,null,null);
Insert into SICOES_TM_SUPER_REPRESENTANTE (ID_SUPER_REPRESENTANTE,ID_TIPO_DOCUMENTO_LD,ID_SUPERVISORA,NU_DOCUMENTO,NO_REPRESENTANTE,AP_PATERNO,AP_MATERNO,US_CREACION,FE_CREACION,IP_CREACION,US_ACTUALIZACION,FE_ACTUALIZACION,IP_ACTUALIZACION) values ('1','3','1','72884584','CHRISTIAN IMER','VILCA','JUSTINIANO','SIAS_JOB',to_timestamp('23/06/23 03:42:05,650000000 PM','DD/MM/RR HH12:MI:SS,FF AM'),'127.0.0.1',null,null,null);
Insert into SICOES_TM_SUPER_REPRESENTANTE (ID_SUPER_REPRESENTANTE,ID_TIPO_DOCUMENTO_LD,ID_SUPERVISORA,NU_DOCUMENTO,NO_REPRESENTANTE,AP_PATERNO,AP_MATERNO,US_CREACION,FE_CREACION,IP_CREACION,US_ACTUALIZACION,FE_ACTUALIZACION,IP_ACTUALIZACION) values ('3','3','4','45211566','GARY','URBANO','ROJAS','SIAS_JOB',to_timestamp('23/06/23 06:29:31,779000000 PM','DD/MM/RR HH12:MI:SS,FF AM'),'127.0.0.1',null,null,null);