<?xml version = '1.0' encoding = 'UTF-8'?>
<Table class="oracle.dbtools.crest.model.design.relational.Table" directorySegmentName="seg_0" id="513371F0-7A18-E577-10E1-46BB5B71C4B1" name="SICOES_TZ_HIST_EST_REQ_RENOV">
<sourceDDLFile>Modelo DB Renovacion Contrato v5.sql</sourceDDLFile>
<createdBy>wmamani</createdBy>
<createdTime>2025-08-12 21:49:16 UTC</createdTime>
<ownerDesignName>Modelo DB Renovacion Contrato v8</ownerDesignName>
<importedID>A7EB2953-232D-84BC-4EB4-2B22F43CEE4D</importedID>
<ordsAlias>sicoes_tz_historial_estado_campo</ordsAlias>
<allowColumnReorder>false</allowColumnReorder>
<existDependencyGenerateInDDl>true</existDependencyGenerateInDDl>
<parsed>true</parsed>
<columns itemClass="oracle.dbtools.crest.model.design.relational.Column">
<Column name="ID_HISTORIAL_ESTADO_CAMPO" id="24214EBB-BB4F-9803-FFFE-E0B6FD4D8FB6">
<sourceDDLFile>Modelo DB Renovacion Contrato v5.sql</sourceDDLFile>
<createdBy>wmamani</createdBy>
<createdTime>2025-08-12 21:49:16 UTC</createdTime>
<commentInRDBMS><![CDATA[ID del historial del estado del Requerimiento de Renovación]]></commentInRDBMS>
<ownerDesignName>Modelo DB Renovacion Contrato v8</ownerDesignName>
<importedID>0E0CA3DA-DAF0-79FA-61F6-7A11D02673E3</importedID>
<use>0</use>
<logicalDatatype>LOGDT019</logicalDatatype>
<domain>B9C62191-A27F-45B7-9152-E1AD7578BBF5</domain>
<ownDataTypeParameters>,,</ownDataTypeParameters>
<autoIncrementCycle>false</autoIncrementCycle>
</Column>
<Column name="ID_REQUERIMIENTO" id="ACB55359-1823-BCE7-D0A0-1E4C6343A3AC">
<sourceDDLFile>Modelo DB Renovacion Contrato v5.sql</sourceDDLFile>
<createdBy>wmamani</createdBy>
<createdTime>2025-08-12 21:49:16 UTC</createdTime>
<commentInRDBMS><![CDATA[FK del requerimiento de renovación]]></commentInRDBMS>
<ownerDesignName>Modelo DB Renovacion Contrato v8</ownerDesignName>
<importedID>7D332477-D142-B494-0B5C-C300C05603F6</importedID>
<use>0</use>
<logicalDatatype>LOGDT019</logicalDatatype>
<domain>B9C62191-A27F-45B7-9152-E1AD7578BBF5</domain>
<ownDataTypeParameters>,,</ownDataTypeParameters>
<autoIncrementCycle>false</autoIncrementCycle>
<associations>
<colAssociation fkAssociation="2ED35626-A02D-8307-F05B-06DBBEB5265D" referredColumn="1BF13B97-7272-EF24-E341-41F459D7C2F6"/>
</associations>
</Column>
<Column name="ID_USUARIO" id="FA9F52D7-F42C-E501-1D46-D635F0EB81EE">
<sourceDDLFile>Modelo DB Renovacion Contrato v5.sql</sourceDDLFile>
<createdBy>wmamani</createdBy>
<createdTime>2025-08-12 21:49:16 UTC</createdTime>
<commentInRDBMS><![CDATA[FK del usuario que realizó la actualización del campo ]]></commentInRDBMS>
<ownerDesignName>Modelo DB Renovacion Contrato v8</ownerDesignName>
<importedID>934A1CAE-5689-0374-E039-090431F4BFBB</importedID>
<nullsAllowed>true</nullsAllowed>
<use>0</use>
<logicalDatatype>LOGDT019</logicalDatatype>
<domain>C1C75A7D-C391-AD19-15E6-347D03C99463</domain>
<ownDataTypeParameters>,,</ownDataTypeParameters>
<autoIncrementCycle>false</autoIncrementCycle>
<associations>
<colAssociation fkAssociation="267B6B88-CD48-24DB-D0D4-2785E88E1E59" referredColumn="29C60833-A1FC-5903-F9C7-8BCD47D63ADA"/>
</associations>
</Column>
<Column name="DE_ESTADO_ANTERIOR_LD" id="5C1469ED-7FC8-10E5-6234-FAF13ED94A12">
<createdBy>ggarcia</createdBy>
<createdTime>2025-08-15 14:12:13 UTC</createdTime>
<commentInRDBMS><![CDATA[Código del Estado Anterior (perteneciente a la  lista 84)]]></commentInRDBMS>
<ownerDesignName>Modelo DB Renovacion Contrato v8</ownerDesignName>
<use>0</use>
<logicalDatatype>LOGDT019</logicalDatatype>
<domain>C1C75A7D-C391-AD19-15E6-347D03C99463</domain>
<ownDataTypeParameters>,,</ownDataTypeParameters>
<previousColumn>false</previousColumn>
<autoIncrementCycle>false</autoIncrementCycle>
<associations>
<colAssociation fkAssociation="DC6F56B1-719D-F362-EC5B-6CD5F250C867" referredColumn="C8D0F15A-E1FC-6471-D91B-4237F5B41DA9"/>
</associations>
</Column>
<Column name="DE_ESTADO_NUEVO_LD" id="F47D5E81-B6D8-6694-8735-F8B0455F1F1F">
<createdBy>ggarcia</createdBy>
<createdTime>2025-08-15 14:16:06 UTC</createdTime>
<commentInRDBMS><![CDATA[Código del Estado Nuevo  (perteneciente a la  lista 84)]]></commentInRDBMS>
<ownerDesignName>Modelo DB Renovacion Contrato v8</ownerDesignName>
<use>0</use>
<logicalDatatype>LOGDT019</logicalDatatype>
<domain>C1C75A7D-C391-AD19-15E6-347D03C99463</domain>
<ownDataTypeParameters>,,</ownDataTypeParameters>
<previousColumn>false</previousColumn>
<autoIncrementCycle>false</autoIncrementCycle>
<associations>
<colAssociation fkAssociation="597BD6DB-6C67-79CF-24B5-07E113865DE7" referredColumn="C8D0F15A-E1FC-6471-D91B-4237F5B41DA9"/>
</associations>
</Column>
<Column name="FE_FECHA_CAMBIO" id="7A3C59A6-577A-BC63-581F-33B2A0C6C068">
<sourceDDLFile>Modelo DB Renovacion Contrato v5.sql</sourceDDLFile>
<createdBy>wmamani</createdBy>
<createdTime>2025-08-12 21:49:16 UTC</createdTime>
<commentInRDBMS><![CDATA[Fecha en que se ha realizado el cambio de estado]]></commentInRDBMS>
<ownerDesignName>Modelo DB Renovacion Contrato v8</ownerDesignName>
<importedID>99B55DFE-34C9-53E4-CC1E-7B42E2F43179</importedID>
<use>0</use>
<logicalDatatype>LOGDT015</logicalDatatype>
<domain>7EF48A08-5E85-9761-36EF-04B1E9BC1751</domain>
<defaultValue>SYSTIMESTAMP</defaultValue>
<ownDataTypeParameters>,,</ownDataTypeParameters>
<autoIncrementCycle>false</autoIncrementCycle>
</Column>
<Column name="ES_REGISTRO" id="0325A4FA-157B-2C9E-BD82-F3CF12491840">
<createdBy>wmamani</createdBy>
<createdTime>2025-08-12 21:49:16 UTC</createdTime>
<commentInRDBMS><![CDATA[Estado del registro 1: Activo 0:Inactivo]]></commentInRDBMS>
<ownerDesignName>Modelo DB Renovacion Contrato v8</ownerDesignName>
<importedID>D04FFF9F-AEB5-CB4A-93D7-233DC40F3B57</importedID>
<nullsAllowed>true</nullsAllowed>
<useDomainConstraints>false</useDomainConstraints>
<use>1</use>
<logicalDatatype>LOGDT025</logicalDatatype>
<dataTypeSize>1</dataTypeSize>
<ownDataTypeParameters>1,,</ownDataTypeParameters>
<autoIncrementCycle>false</autoIncrementCycle>
</Column>
<Column name="US_CREACION" id="B9A688DA-1AF4-8597-158C-324FB8EA61A0">
<sourceDDLFile>Modelo DB Renovacion Contrato v5.sql</sourceDDLFile>
<createdBy>wmamani</createdBy>
<createdTime>2025-08-12 21:49:16 UTC</createdTime>
<commentInRDBMS><![CDATA[Usuario que ha creado el registro]]></commentInRDBMS>
<ownerDesignName>Modelo DB Renovacion Contrato v8</ownerDesignName>
<importedID>454DE09A-20DA-0252-200B-CB4199F18AA6</importedID>
<use>0</use>
<logicalDatatype>LOGDT024</logicalDatatype>
<domain>86E52BEF-9834-7386-2960-5741452E833E</domain>
<ownDataTypeParameters>,,</ownDataTypeParameters>
<autoIncrementCycle>false</autoIncrementCycle>
</Column>
<Column name="IP_CREACION" id="E4F76EE7-687C-D738-A4F9-592C3C3351EE">
<sourceDDLFile>Modelo DB Renovacion Contrato v5.sql</sourceDDLFile>
<createdBy>wmamani</createdBy>
<createdTime>2025-08-12 21:49:16 UTC</createdTime>
<commentInRDBMS><![CDATA[IP del equipo de donde se ha creado  el registro]]></commentInRDBMS>
<ownerDesignName>Modelo DB Renovacion Contrato v8</ownerDesignName>
<importedID>ED0C9936-CADA-A521-82C2-451517F77572</importedID>
<use>0</use>
<logicalDatatype>LOGDT024</logicalDatatype>
<domain>86E52BEF-9834-7386-2960-5741452E833E</domain>
<ownDataTypeParameters>,,</ownDataTypeParameters>
<autoIncrementCycle>false</autoIncrementCycle>
</Column>
<Column name="FE_CREACION" id="FD2099C6-246B-E82B-680D-BFC19AA44EF7">
<sourceDDLFile>Modelo DB Renovacion Contrato v5.sql</sourceDDLFile>
<createdBy>wmamani</createdBy>
<createdTime>2025-08-12 21:49:16 UTC</createdTime>
<commentInRDBMS><![CDATA[Fecha de creación del registro]]></commentInRDBMS>
<ownerDesignName>Modelo DB Renovacion Contrato v8</ownerDesignName>
<importedID>FCDA4470-CE41-4B81-25E0-F7D3C9F824F0</importedID>
<use>0</use>
<logicalDatatype>LOGDT007</logicalDatatype>
<domain>D0677703-A1D8-17E4-4BF6-42D788F55987</domain>
<defaultValue>SYSDATE</defaultValue>
<ownDataTypeParameters>,,</ownDataTypeParameters>
<autoIncrementCycle>false</autoIncrementCycle>
</Column>
<Column name="US_ACTUALIZACION" id="02270F00-961F-CF38-4892-B7714F5C3F75">
<sourceDDLFile>Modelo DB Renovacion Contrato v5.sql</sourceDDLFile>
<createdBy>wmamani</createdBy>
<createdTime>2025-08-12 21:49:16 UTC</createdTime>
<commentInRDBMS><![CDATA[Usuario que modificó el registro]]></commentInRDBMS>
<ownerDesignName>Modelo DB Renovacion Contrato v8</ownerDesignName>
<importedID>06E37505-6134-A983-6B29-5A23D68FEF31</importedID>
<nullsAllowed>true</nullsAllowed>
<use>0</use>
<logicalDatatype>LOGDT024</logicalDatatype>
<domain>86E52BEF-9834-7386-2960-5741452E833E</domain>
<ownDataTypeParameters>,,</ownDataTypeParameters>
<autoIncrementCycle>false</autoIncrementCycle>
</Column>
<Column name="IP_ACTUALIZACION" id="44ACAB71-84FC-5A68-8708-471C2ECC1A50">
<sourceDDLFile>Modelo DB Renovacion Contrato v5.sql</sourceDDLFile>
<createdBy>wmamani</createdBy>
<createdTime>2025-08-12 21:49:16 UTC</createdTime>
<commentInRDBMS><![CDATA[IP del equipo de donde se ha modificado el registro]]></commentInRDBMS>
<ownerDesignName>Modelo DB Renovacion Contrato v8</ownerDesignName>
<importedID>D141FCF0-E3E1-497C-6B72-2D9D69EDA7E8</importedID>
<nullsAllowed>true</nullsAllowed>
<use>0</use>
<logicalDatatype>LOGDT024</logicalDatatype>
<domain>86E52BEF-9834-7386-2960-5741452E833E</domain>
<ownDataTypeParameters>,,</ownDataTypeParameters>
<autoIncrementCycle>false</autoIncrementCycle>
</Column>
<Column name="FE_ACTUALIZACION" id="E519CD71-2A21-8667-3D2A-3C907051720B">
<sourceDDLFile>Modelo DB Renovacion Contrato v5.sql</sourceDDLFile>
<createdBy>wmamani</createdBy>
<createdTime>2025-08-12 21:49:16 UTC</createdTime>
<commentInRDBMS><![CDATA[Fecha de actualización  del registro]]></commentInRDBMS>
<ownerDesignName>Modelo DB Renovacion Contrato v8</ownerDesignName>
<importedID>CCF7B39A-BB4D-F396-CE24-B9EFBEA4E4B0</importedID>
<nullsAllowed>true</nullsAllowed>
<use>0</use>
<logicalDatatype>LOGDT007</logicalDatatype>
<domain>D0677703-A1D8-17E4-4BF6-42D788F55987</domain>
<ownDataTypeParameters>,,</ownDataTypeParameters>
<autoIncrementCycle>false</autoIncrementCycle>
</Column>
</columns>
<indexes itemClass="oracle.dbtools.crest.model.design.relational.Index">
<ind_PK_UK id="379877FD-40E2-E566-0CAD-E6A152F5F565" name="SICOES_TZ_HIST_EST_CAMPO_PK">
<sourceDDLFile>Modelo DB Renovacion Contrato v5.sql</sourceDDLFile>
<createdBy>wmamani</createdBy>
<createdTime>2025-08-12 21:49:16 UTC</createdTime>
<ownerDesignName>Modelo DB Renovacion Contrato v8</ownerDesignName>
<importedID>5FEDF31E-65F4-8F5D-517C-140B507B4BE6</importedID>
<pk>true</pk>
<indexState>Primary Constraint</indexState>
<isSurrogateKey>false</isSurrogateKey>
<indexColumnUsage>
<colUsage columnID="24214EBB-BB4F-9803-FFFE-E0B6FD4D8FB6"/>
</indexColumnUsage>
</ind_PK_UK>
<ind_PK_UK id="4CD2B0EC-897A-BF70-C99D-6DEC88CB1A4C" name="FK_ESTADO_REQUERIMIENTO">
<createdBy>wmamani</createdBy>
<createdTime>2025-08-12 21:49:16 UTC</createdTime>
<ownerDesignName>Modelo DB Renovacion Contrato v8</ownerDesignName>
<indexState>Foreign Key</indexState>
<isSurrogateKey>false</isSurrogateKey>
<indexColumnUsage>
<colUsage columnID="ACB55359-1823-BCE7-D0A0-1E4C6343A3AC"/>
</indexColumnUsage>
</ind_PK_UK>
<ind_PK_UK id="89B049D0-B646-A0CC-8A20-FCA729FF605E" name="FK_ESTADO_USUARIO">
<createdBy>wmamani</createdBy>
<createdTime>2025-08-12 21:49:16 UTC</createdTime>
<ownerDesignName>Modelo DB Renovacion Contrato v8</ownerDesignName>
<indexState>Foreign Key</indexState>
<isSurrogateKey>false</isSurrogateKey>
<indexColumnUsage>
<colUsage columnID="FA9F52D7-F42C-E501-1D46-D635F0EB81EE"/>
</indexColumnUsage>
</ind_PK_UK>
<ind_PK_UK id="EC7C5C98-D298-19FA-2142-AC5DA4EC11C1" name="KF_ESTADO_ANTERIOR">
<createdBy>ggarcia</createdBy>
<createdTime>2025-08-15 14:12:13 UTC</createdTime>
<ownerDesignName>Modelo DB Renovacion Contrato v8</ownerDesignName>
<indexState>Foreign Key</indexState>
<isSurrogateKey>false</isSurrogateKey>
<indexColumnUsage>
<colUsage columnID="5C1469ED-7FC8-10E5-6234-FAF13ED94A12"/>
</indexColumnUsage>
</ind_PK_UK>
<ind_PK_UK id="5C6C94A8-ECEE-433B-638A-6C5E20E6C57C" name="FK_ESTADO NUEVO">
<createdBy>ggarcia</createdBy>
<createdTime>2025-08-15 14:16:06 UTC</createdTime>
<ownerDesignName>Modelo DB Renovacion Contrato v8</ownerDesignName>
<indexState>Foreign Key</indexState>
<isSurrogateKey>false</isSurrogateKey>
<indexColumnUsage>
<colUsage columnID="F47D5E81-B6D8-6694-8735-F8B0455F1F1F"/>
</indexColumnUsage>
</ind_PK_UK>
</indexes>
</Table>