<?xml version = '1.0' encoding = 'UTF-8'?>
<Table class="oracle.dbtools.crest.model.design.relational.Table" directorySegmentName="seg_0" id="8257EC3A-2D7F-91E5-C46B-A000B502609E" schemaObject="5D9F74B1-CAE6-0E23-5637-B60AFA6FD3C3" name="SICOES_TR_PRO_PROFESIONAL">
<sourceDDLFile>Modelo DB Renovacion Contrato v5.sql</sourceDDLFile>
<createdBy>wmamani</createdBy>
<createdTime>2025-08-12 21:49:16 UTC</createdTime>
<ownerDesignName>Modelo DB Renovacion Contrato v8</ownerDesignName>
<importedID>E94ADC53-BF5D-3EF4-47EE-6BCE57A1A78D</importedID>
<allowColumnReorder>false</allowColumnReorder>
<existDependencyGenerateInDDl>true</existDependencyGenerateInDDl>
<parsed>true</parsed>
<columns itemClass="oracle.dbtools.crest.model.design.relational.Column">
<Column name="ID_PRO_PROFESIONAL" id="105343BD-C228-FE76-0AA4-4C559AEAC4BE">
<sourceDDLFile>Modelo DB Renovacion Contrato v5.sql</sourceDDLFile>
<createdBy>wmamani</createdBy>
<createdTime>2025-08-12 21:49:16 UTC</createdTime>
<commentInRDBMS><![CDATA[ID de la registro de la tabla TR_PRO_PROFESIONAL]]></commentInRDBMS>
<ownerDesignName>Modelo DB Renovacion Contrato v8</ownerDesignName>
<importedID>531682B6-1BEB-9DCA-53BD-B0B87D2824F1</importedID>
<use>0</use>
<logicalDatatype>LOGDT019</logicalDatatype>
<domain>C1C75A7D-C391-AD19-15E6-347D03C99463</domain>
<ownDataTypeParameters>,,</ownDataTypeParameters>
<autoIncrementCycle>false</autoIncrementCycle>
</Column>
<Column name="ID_PROPUESTA" id="B897D5BF-1745-513A-A29B-38E444B7A04D">
<sourceDDLFile>Modelo DB Renovacion Contrato v5.sql</sourceDDLFile>
<createdBy>wmamani</createdBy>
<createdTime>2025-08-12 21:49:16 UTC</createdTime>
<commentInRDBMS><![CDATA[FK de la tabla PROPUESTA]]></commentInRDBMS>
<ownerDesignName>Modelo DB Renovacion Contrato v8</ownerDesignName>
<importedID>AFF7DE76-BAFD-70CD-34A3-6DE2D5A9A343</importedID>
<nullsAllowed>true</nullsAllowed>
<use>0</use>
<logicalDatatype>LOGDT019</logicalDatatype>
<domain>C1C75A7D-C391-AD19-15E6-347D03C99463</domain>
<ownDataTypeParameters>,,</ownDataTypeParameters>
<autoIncrementCycle>false</autoIncrementCycle>
<associations>
<colAssociation fkAssociation="0946C653-C6DF-603A-A6FA-4C7D6F71E0A4" referredColumn="6695829D-7DB8-E56E-E283-2EBE1082A7D3"/>
</associations>
</Column>
<Column name="ID_SUPERVISORA" id="359BBAE8-044D-1553-DF71-082B3B5AD676">
<sourceDDLFile>Modelo DB Renovacion Contrato v5.sql</sourceDDLFile>
<createdBy>wmamani</createdBy>
<createdTime>2025-08-12 21:49:16 UTC</createdTime>
<commentInRDBMS><![CDATA[FK de la empresa supervisora]]></commentInRDBMS>
<ownerDesignName>Modelo DB Renovacion Contrato v8</ownerDesignName>
<importedID>78DAC64B-4B7B-C63E-84C0-6CEA22762425</importedID>
<nullsAllowed>true</nullsAllowed>
<use>0</use>
<logicalDatatype>LOGDT019</logicalDatatype>
<domain>C1C75A7D-C391-AD19-15E6-347D03C99463</domain>
<ownDataTypeParameters>,,</ownDataTypeParameters>
<autoIncrementCycle>false</autoIncrementCycle>
<associations>
<colAssociation fkAssociation="B97CB658-4B39-6118-0F9D-3F68B8618407" referredColumn="9DEFED43-4333-73D8-2815-9AF5F8BE6812"/>
</associations>
</Column>
<Column name="ID_ESTADO_LD" id="AEA02765-EB05-9D8E-96BB-9BA82840270E">
<sourceDDLFile>Modelo DB Renovacion Contrato v5.sql</sourceDDLFile>
<createdBy>wmamani</createdBy>
<createdTime>2025-08-12 21:49:16 UTC</createdTime>
<commentInRDBMS><![CDATA[Identificador del estado en la tabla SICOES_TM_LISTADO_DETALLE]]></commentInRDBMS>
<ownerDesignName>Modelo DB Renovacion Contrato v8</ownerDesignName>
<importedID>825FD609-E7CA-AA29-B24A-5D955AB78529</importedID>
<nullsAllowed>true</nullsAllowed>
<use>0</use>
<logicalDatatype>LOGDT019</logicalDatatype>
<domain>C1C75A7D-C391-AD19-15E6-347D03C99463</domain>
<ownDataTypeParameters>,,</ownDataTypeParameters>
<autoIncrementCycle>false</autoIncrementCycle>
</Column>
<Column name="ID_SECTOR_LD" id="F82B544C-BB3D-D393-1BE9-BB0E0783DC8D">
<sourceDDLFile>Modelo DB Renovacion Contrato v5.sql</sourceDDLFile>
<createdBy>wmamani</createdBy>
<createdTime>2025-08-12 21:49:16 UTC</createdTime>
<commentInRDBMS><![CDATA[Identificador del sector en la tabla SICOES_TM_LISTADO_DETALLE]]></commentInRDBMS>
<ownerDesignName>Modelo DB Renovacion Contrato v8</ownerDesignName>
<importedID>67A8912D-8417-8A18-BE32-5EEAFB863ECC</importedID>
<nullsAllowed>true</nullsAllowed>
<use>0</use>
<logicalDatatype>LOGDT019</logicalDatatype>
<domain>C1C75A7D-C391-AD19-15E6-347D03C99463</domain>
<ownDataTypeParameters>,,</ownDataTypeParameters>
<autoIncrementCycle>false</autoIncrementCycle>
</Column>
<Column name="ID_SUBSECTOR_LD" id="42E4523C-76E8-C7FC-7BA5-49EB79BBDD41">
<sourceDDLFile>Modelo DB Renovacion Contrato v5.sql</sourceDDLFile>
<createdBy>wmamani</createdBy>
<createdTime>2025-08-12 21:49:16 UTC</createdTime>
<commentInRDBMS><![CDATA[Identificador del subsector en la tabla SICOES_TM_LISTADO_DETALLE]]></commentInRDBMS>
<ownerDesignName>Modelo DB Renovacion Contrato v8</ownerDesignName>
<importedID>87C4D52A-2DC6-3687-A7CE-13F79E9546D9</importedID>
<nullsAllowed>true</nullsAllowed>
<use>0</use>
<logicalDatatype>LOGDT019</logicalDatatype>
<domain>C1C75A7D-C391-AD19-15E6-347D03C99463</domain>
<ownDataTypeParameters>,,</ownDataTypeParameters>
<autoIncrementCycle>false</autoIncrementCycle>
</Column>
<Column name="ID_PERFIL_LD" id="7241F7E1-71F9-1168-9EC1-A10715DF7951">
<sourceDDLFile>Modelo DB Renovacion Contrato v5.sql</sourceDDLFile>
<createdBy>wmamani</createdBy>
<createdTime>2025-08-12 21:49:16 UTC</createdTime>
<commentInRDBMS><![CDATA[Identificador del perfil  en la tabla SICOES_TM_LISTADO_DETALLE]]></commentInRDBMS>
<ownerDesignName>Modelo DB Renovacion Contrato v8</ownerDesignName>
<importedID>32FC94A1-45AB-4A78-5DA0-92C0A9C41F64</importedID>
<nullsAllowed>true</nullsAllowed>
<use>0</use>
<logicalDatatype>LOGDT019</logicalDatatype>
<domain>C1C75A7D-C391-AD19-15E6-347D03C99463</domain>
<ownDataTypeParameters>,,</ownDataTypeParameters>
<autoIncrementCycle>false</autoIncrementCycle>
</Column>
<Column name="FE_INVITACION" id="B1230186-692E-B9C0-022B-33C51AAFA9F1">
<sourceDDLFile>Modelo DB Renovacion Contrato v5.sql</sourceDDLFile>
<createdBy>wmamani</createdBy>
<createdTime>2025-08-12 21:49:16 UTC</createdTime>
<commentInRDBMS><![CDATA[fecha de invitación]]></commentInRDBMS>
<ownerDesignName>Modelo DB Renovacion Contrato v8</ownerDesignName>
<importedID>959051AE-D7CE-96C9-E5B2-633E16840694</importedID>
<nullsAllowed>true</nullsAllowed>
<use>0</use>
<logicalDatatype>LOGDT007</logicalDatatype>
<domain>D0677703-A1D8-17E4-4BF6-42D788F55987</domain>
<ownDataTypeParameters>,,</ownDataTypeParameters>
<autoIncrementCycle>false</autoIncrementCycle>
</Column>
<Column name="FE_RESPUESTA" id="FC8E51DE-2492-1FDC-ADE5-F0C12575F2F3">
<sourceDDLFile>Modelo DB Renovacion Contrato v5.sql</sourceDDLFile>
<createdBy>wmamani</createdBy>
<createdTime>2025-08-12 21:49:16 UTC</createdTime>
<commentInRDBMS><![CDATA[Fecha de respuesta]]></commentInRDBMS>
<ownerDesignName>Modelo DB Renovacion Contrato v8</ownerDesignName>
<importedID>B939D394-12DA-8804-8A5B-094F7B44BB9B</importedID>
<nullsAllowed>true</nullsAllowed>
<use>0</use>
<logicalDatatype>LOGDT007</logicalDatatype>
<domain>D0677703-A1D8-17E4-4BF6-42D788F55987</domain>
<ownDataTypeParameters>,,</ownDataTypeParameters>
<autoIncrementCycle>false</autoIncrementCycle>
</Column>
<Column name="US_CREACION" id="87BFFE00-67DE-2CDF-E0D0-CB99D2271ED0">
<sourceDDLFile>Modelo DB Renovacion Contrato v5.sql</sourceDDLFile>
<createdBy>wmamani</createdBy>
<createdTime>2025-08-12 21:49:16 UTC</createdTime>
<commentInRDBMS><![CDATA[Usuario que ha creado el registro ]]></commentInRDBMS>
<ownerDesignName>Modelo DB Renovacion Contrato v8</ownerDesignName>
<importedID>E9B4B0E6-5944-4EF1-C90B-77BE053510B6</importedID>
<use>0</use>
<logicalDatatype>LOGDT024</logicalDatatype>
<domain>FBFFB088-4C9F-7F94-7668-5E2FB7972DCC</domain>
<ownDataTypeParameters>,,</ownDataTypeParameters>
<autoIncrementCycle>false</autoIncrementCycle>
</Column>
<Column name="FE_CREACION" id="D4B11AF4-59AE-4A5A-2352-D6753F562747">
<sourceDDLFile>Modelo DB Renovacion Contrato v5.sql</sourceDDLFile>
<createdBy>wmamani</createdBy>
<createdTime>2025-08-12 21:49:16 UTC</createdTime>
<commentInRDBMS><![CDATA[Fecha de creación del registro]]></commentInRDBMS>
<ownerDesignName>Modelo DB Renovacion Contrato v8</ownerDesignName>
<importedID>830EA7B8-59B7-DCDD-48DE-7A3165B9E246</importedID>
<use>0</use>
<logicalDatatype>LOGDT007</logicalDatatype>
<domain>D0677703-A1D8-17E4-4BF6-42D788F55987</domain>
<ownDataTypeParameters>,,</ownDataTypeParameters>
<autoIncrementCycle>false</autoIncrementCycle>
</Column>
<Column name="IP_CREACION" id="F6780393-B4AA-7B9F-4AF9-D00471F39CE5">
<sourceDDLFile>Modelo DB Renovacion Contrato v5.sql</sourceDDLFile>
<createdBy>wmamani</createdBy>
<createdTime>2025-08-12 21:49:16 UTC</createdTime>
<commentInRDBMS><![CDATA[IP del equipo de donde se ha creado  el registro]]></commentInRDBMS>
<ownerDesignName>Modelo DB Renovacion Contrato v8</ownerDesignName>
<importedID>919BB3E3-EA4C-6881-77F4-0DE53FAAD651</importedID>
<use>0</use>
<logicalDatatype>LOGDT024</logicalDatatype>
<domain>FBFFB088-4C9F-7F94-7668-5E2FB7972DCC</domain>
<ownDataTypeParameters>,,</ownDataTypeParameters>
<autoIncrementCycle>false</autoIncrementCycle>
</Column>
<Column name="US_ACTUALIZACION" id="2F2402AD-5EF4-C497-8232-26F5451F1EF0">
<sourceDDLFile>Modelo DB Renovacion Contrato v5.sql</sourceDDLFile>
<createdBy>wmamani</createdBy>
<createdTime>2025-08-12 21:49:16 UTC</createdTime>
<commentInRDBMS><![CDATA[Usuario que modificó el registro]]></commentInRDBMS>
<ownerDesignName>Modelo DB Renovacion Contrato v8</ownerDesignName>
<importedID>3C04998F-FB4B-CAD6-069D-9EC74D373B17</importedID>
<nullsAllowed>true</nullsAllowed>
<use>0</use>
<logicalDatatype>LOGDT024</logicalDatatype>
<domain>FBFFB088-4C9F-7F94-7668-5E2FB7972DCC</domain>
<ownDataTypeParameters>,,</ownDataTypeParameters>
<autoIncrementCycle>false</autoIncrementCycle>
</Column>
<Column name="FE_ACTUALIZACION" id="4FDBE87A-DF8C-C717-6037-29906C778EEC">
<sourceDDLFile>Modelo DB Renovacion Contrato v5.sql</sourceDDLFile>
<createdBy>wmamani</createdBy>
<createdTime>2025-08-12 21:49:16 UTC</createdTime>
<commentInRDBMS><![CDATA[Fecha de actualización del registro]]></commentInRDBMS>
<ownerDesignName>Modelo DB Renovacion Contrato v8</ownerDesignName>
<importedID>E41C7D17-6A4A-90CC-2CBA-566EF0167F0C</importedID>
<nullsAllowed>true</nullsAllowed>
<use>0</use>
<logicalDatatype>LOGDT007</logicalDatatype>
<domain>D0677703-A1D8-17E4-4BF6-42D788F55987</domain>
<ownDataTypeParameters>,,</ownDataTypeParameters>
<autoIncrementCycle>false</autoIncrementCycle>
</Column>
<Column name="IP_ACTUALIZACION" id="EE8CF665-0D10-7BE5-A766-CF42D7502D56">
<sourceDDLFile>Modelo DB Renovacion Contrato v5.sql</sourceDDLFile>
<createdBy>wmamani</createdBy>
<createdTime>2025-08-12 21:49:16 UTC</createdTime>
<commentInRDBMS><![CDATA[IP del equipo de donde se ha modificado el registro]]></commentInRDBMS>
<ownerDesignName>Modelo DB Renovacion Contrato v8</ownerDesignName>
<importedID>B2FA053D-39B2-F5CA-9841-C919FCA2003F</importedID>
<nullsAllowed>true</nullsAllowed>
<use>0</use>
<logicalDatatype>LOGDT024</logicalDatatype>
<domain>FBFFB088-4C9F-7F94-7668-5E2FB7972DCC</domain>
<ownDataTypeParameters>,,</ownDataTypeParameters>
<autoIncrementCycle>false</autoIncrementCycle>
</Column>
<Column name="ID_ESTADO_BLOQUEO_LD" id="5FB4AA1B-0420-7CD7-4BF6-AE00C1783FE5">
<sourceDDLFile>Modelo DB Renovacion Contrato v5.sql</sourceDDLFile>
<createdBy>wmamani</createdBy>
<createdTime>2025-08-12 21:49:16 UTC</createdTime>
<commentInRDBMS><![CDATA[Identificador del estado bloqueo  en la tabla SICOES_TM_LISTADO_DETALLE]]></commentInRDBMS>
<ownerDesignName>Modelo DB Renovacion Contrato v8</ownerDesignName>
<importedID>6062FBA8-F4D3-7A2C-CF6E-85C7181CFDBB</importedID>
<nullsAllowed>true</nullsAllowed>
<use>0</use>
<logicalDatatype>LOGDT019</logicalDatatype>
<domain>C1C75A7D-C391-AD19-15E6-347D03C99463</domain>
<ownDataTypeParameters>,,</ownDataTypeParameters>
<autoIncrementCycle>false</autoIncrementCycle>
</Column>
<Column name="DE_COMENTARIO" id="BBDEF6C1-A614-EAE6-F665-A5F2476448ED">
<sourceDDLFile>Modelo DB Renovacion Contrato v5.sql</sourceDDLFile>
<createdBy>wmamani</createdBy>
<createdTime>2025-08-12 21:49:16 UTC</createdTime>
<commentInRDBMS><![CDATA[Comentario]]></commentInRDBMS>
<ownerDesignName>Modelo DB Renovacion Contrato v8</ownerDesignName>
<importedID>9ADD3711-E295-DCDF-D4AD-6CA392C9AEBF</importedID>
<nullsAllowed>true</nullsAllowed>
<use>0</use>
<logicalDatatype>LOGDT024</logicalDatatype>
<domain>022BE65A-8A3C-0A73-3692-400F8BA295D3</domain>
<ownDataTypeParameters>,,</ownDataTypeParameters>
<autoIncrementCycle>false</autoIncrementCycle>
</Column>
<Column name="FE_DESBLOQUEO" id="1342D2CB-B3DC-AD48-EBE2-1A490380C2B3">
<sourceDDLFile>Modelo DB Renovacion Contrato v5.sql</sourceDDLFile>
<createdBy>wmamani</createdBy>
<createdTime>2025-08-12 21:49:16 UTC</createdTime>
<commentInRDBMS><![CDATA[Fecha desbloqueo]]></commentInRDBMS>
<ownerDesignName>Modelo DB Renovacion Contrato v8</ownerDesignName>
<importedID>76C4AF0D-C2F3-4241-65FE-112DB7194DFF</importedID>
<nullsAllowed>true</nullsAllowed>
<use>0</use>
<logicalDatatype>LOGDT007</logicalDatatype>
<domain>D0677703-A1D8-17E4-4BF6-42D788F55987</domain>
<ownDataTypeParameters>,,</ownDataTypeParameters>
<autoIncrementCycle>false</autoIncrementCycle>
</Column>
</columns>
<indexes itemClass="oracle.dbtools.crest.model.design.relational.Index">
<ind_PK_UK id="1614CD41-290A-91F6-6458-AEFE537E3245" name="SICOES_TR_PRO_PROFESIONAL_PK">
<sourceDDLFile>Modelo DB Renovacion Contrato v5.sql</sourceDDLFile>
<createdBy>wmamani</createdBy>
<createdTime>2025-08-12 21:49:16 UTC</createdTime>
<ownerDesignName>Modelo DB Renovacion Contrato v8</ownerDesignName>
<importedID>8C88F302-9241-81A9-04A3-D5F9A1AA0075</importedID>
<pk>true</pk>
<indexState>Primary Constraint</indexState>
<isSurrogateKey>false</isSurrogateKey>
<indexColumnUsage>
<colUsage columnID="105343BD-C228-FE76-0AA4-4C559AEAC4BE"/>
</indexColumnUsage>
</ind_PK_UK>
<ind_PK_UK id="92D7584B-F6B8-2A92-EB93-8A95ED8DAA5D" name="SICOES_ID_SUPE_PRO_PRO_FK">
<createdBy>wmamani</createdBy>
<createdTime>2025-08-12 21:49:16 UTC</createdTime>
<ownerDesignName>Modelo DB Renovacion Contrato v8</ownerDesignName>
<indexState>Foreign Key</indexState>
<isSurrogateKey>false</isSurrogateKey>
<indexColumnUsage>
<colUsage columnID="359BBAE8-044D-1553-DF71-082B3B5AD676"/>
</indexColumnUsage>
</ind_PK_UK>
<ind_PK_UK id="03F580AD-6891-8AB0-0A2F-7E8CDA75F93E" name="SICOES_ID_PROP_PRO_PRO_FK">
<createdBy>wmamani</createdBy>
<createdTime>2025-08-12 21:49:16 UTC</createdTime>
<ownerDesignName>Modelo DB Renovacion Contrato v8</ownerDesignName>
<indexState>Foreign Key</indexState>
<isSurrogateKey>false</isSurrogateKey>
<indexColumnUsage>
<colUsage columnID="B897D5BF-1745-513A-A29B-38E444B7A04D"/>
</indexColumnUsage>
</ind_PK_UK>
</indexes>
</Table>