<?xml version = '1.0' encoding = 'UTF-8'?>
<Table class="oracle.dbtools.crest.model.design.relational.Table" directorySegmentName="seg_0" id="A9F6D508-D8AB-B575-193D-9438820F37FA" name="SICOES_TZ_HIST_EST_APROB_CAMPO">
<sourceDDLFile>Modelo DB Renovacion Contrato v5.sql</sourceDDLFile>
<createdBy>wmamani</createdBy>
<createdTime>2025-08-12 21:49:16 UTC</createdTime>
<ownerDesignName>Modelo DB Renovacion Contrato v8</ownerDesignName>
<importedID>89C14C96-EC2E-0D73-79C5-1DFCE011BD32</importedID>
<allowColumnReorder>false</allowColumnReorder>
<existDependencyGenerateInDDl>true</existDependencyGenerateInDDl>
<parsed>true</parsed>
<columns itemClass="oracle.dbtools.crest.model.design.relational.Column">
<Column name="ID_HISTORIAL_ESTADO_CAMPO" id="15B4012C-D205-F33F-B19E-9310E3E29274">
<sourceDDLFile>Modelo DB Renovacion Contrato v5.sql</sourceDDLFile>
<createdBy>wmamani</createdBy>
<createdTime>2025-08-12 21:49:16 UTC</createdTime>
<commentInRDBMS><![CDATA[ID DEL HISTORIAL DE APROBACIÓN]]></commentInRDBMS>
<ownerDesignName>Modelo DB Renovacion Contrato v8</ownerDesignName>
<importedID>E38A2C15-1517-F166-8A13-B0CAEDB1ED10</importedID>
<use>0</use>
<logicalDatatype>LOGDT019</logicalDatatype>
<domain>B9C62191-A27F-45B7-9152-E1AD7578BBF5</domain>
<ownDataTypeParameters>,,</ownDataTypeParameters>
<autoIncrementCycle>false</autoIncrementCycle>
</Column>
<Column name="ID_REQ_APROBACION" id="38677987-7C99-F2C1-872F-E12B0AADD28F">
<sourceDDLFile>Modelo DB Renovacion Contrato v5.sql</sourceDDLFile>
<createdBy>wmamani</createdBy>
<createdTime>2025-08-12 21:49:16 UTC</createdTime>
<commentInRDBMS><![CDATA[FK DEL REQUERIMIENTO DE APROBACION]]></commentInRDBMS>
<ownerDesignName>Modelo DB Renovacion Contrato v8</ownerDesignName>
<importedID>6BE027C1-8E6D-DB89-E600-11F630329294</importedID>
<use>0</use>
<logicalDatatype>LOGDT019</logicalDatatype>
<domain>C3426F3C-B128-3714-8DE4-E0BFB7888315</domain>
<ownDataTypeParameters>,,</ownDataTypeParameters>
<autoIncrementCycle>false</autoIncrementCycle>
<associations>
<colAssociation fkAssociation="8E61A6A8-3507-412E-2D85-441B7E1A9D9F" referredColumn="AC91EC16-D35F-221C-85ED-971F1C81F53E"/>
</associations>
</Column>
<Column name="ID_USUARIO" id="17772AFF-A588-523E-C7A6-73AB15DBE4D9">
<sourceDDLFile>Modelo DB Renovacion Contrato v5.sql</sourceDDLFile>
<createdBy>wmamani</createdBy>
<createdTime>2025-08-12 21:49:16 UTC</createdTime>
<commentInRDBMS><![CDATA[FK del usuario que realizó el cambio de estado]]></commentInRDBMS>
<ownerDesignName>Modelo DB Renovacion Contrato v8</ownerDesignName>
<importedID>64326DB3-3A1F-D43E-3137-5AB4F62A16CB</importedID>
<nullsAllowed>true</nullsAllowed>
<use>0</use>
<logicalDatatype>LOGDT019</logicalDatatype>
<domain>C1C75A7D-C391-AD19-15E6-347D03C99463</domain>
<ownDataTypeParameters>,,</ownDataTypeParameters>
<autoIncrementCycle>false</autoIncrementCycle>
<associations>
<colAssociation fkAssociation="99D5D910-D58F-02CE-483A-F09F3454E7AA" referredColumn="29C60833-A1FC-5903-F9C7-8BCD47D63ADA"/>
</associations>
</Column>
<Column name="DE_ESTADO_ANTERIOR_LD" id="D1B1B825-2E6B-5359-ABBC-300DE66E0C6F">
<createdBy>ggarcia</createdBy>
<createdTime>2025-08-15 14:25:24 UTC</createdTime>
<commentInRDBMS><![CDATA[Código del Estado Anterior (perteneciente a la  lista 88)]]></commentInRDBMS>
<ownerDesignName>Modelo DB Renovacion Contrato v8</ownerDesignName>
<use>0</use>
<logicalDatatype>LOGDT019</logicalDatatype>
<domain>C1C75A7D-C391-AD19-15E6-347D03C99463</domain>
<ownDataTypeParameters>,,</ownDataTypeParameters>
<previousColumn>false</previousColumn>
<autoIncrementCycle>false</autoIncrementCycle>
<associations>
<colAssociation fkAssociation="6EC9264D-259E-A74D-8804-D84FD8CF727F" referredColumn="C8D0F15A-E1FC-6471-D91B-4237F5B41DA9"/>
</associations>
</Column>
<Column name="DE_ESTADO_NUEVO_LD" id="EE6B6F57-775D-BF4D-F637-90E3206ED2C3">
<createdBy>ggarcia</createdBy>
<createdTime>2025-08-15 14:27:52 UTC</createdTime>
<commentInRDBMS><![CDATA[Código del Estado Nuevo  (perteneciente a la  lista 88)]]></commentInRDBMS>
<ownerDesignName>Modelo DB Renovacion Contrato v8</ownerDesignName>
<use>0</use>
<logicalDatatype>LOGDT019</logicalDatatype>
<domain>C1C75A7D-C391-AD19-15E6-347D03C99463</domain>
<ownDataTypeParameters>,,</ownDataTypeParameters>
<previousColumn>false</previousColumn>
<autoIncrementCycle>false</autoIncrementCycle>
<associations>
<colAssociation fkAssociation="5780B79C-BA82-6144-5C4E-EEB75C3521EA" referredColumn="C8D0F15A-E1FC-6471-D91B-4237F5B41DA9"/>
</associations>
</Column>
<Column name="ID_GRUPO_LD" id="FBAAE743-5EA1-4BF7-DA36-0D1C9B58277D">
<createdBy>ggarcia</createdBy>
<createdTime>2025-08-15 14:35:57 UTC</createdTime>
<commentInRDBMS><![CDATA[Identificador del Grupo al Cual pertenece el usuario aprobador (G1, G2, G3). Se obtiene del listado 38]]></commentInRDBMS>
<ownerDesignName>Modelo DB Renovacion Contrato v8</ownerDesignName>
<use>0</use>
<logicalDatatype>LOGDT019</logicalDatatype>
<domain>C1C75A7D-C391-AD19-15E6-347D03C99463</domain>
<ownDataTypeParameters>,,</ownDataTypeParameters>
<previousColumn>false</previousColumn>
<autoIncrementCycle>false</autoIncrementCycle>
<associations>
<colAssociation fkAssociation="E2E15538-8F9E-09B9-A4E4-4CA1A5D09A56" referredColumn="C8D0F15A-E1FC-6471-D91B-4237F5B41DA9"/>
</associations>
</Column>
<Column name="ID_GRUPO_APROBADOR_LD" id="961D660C-DD4D-DDB9-1811-D8B8A965FABB">
<createdBy>ggarcia</createdBy>
<createdTime>2025-08-15 14:39:00 UTC</createdTime>
<commentInRDBMS><![CDATA[ID para identificar al aprobador (Jefe, Gerente, GPPPM, GSE). Se obtiene del listado 87
]]></commentInRDBMS>
<ownerDesignName>Modelo DB Renovacion Contrato v8</ownerDesignName>
<use>0</use>
<logicalDatatype>LOGDT019</logicalDatatype>
<domain>C1C75A7D-C391-AD19-15E6-347D03C99463</domain>
<ownDataTypeParameters>,,</ownDataTypeParameters>
<previousColumn>false</previousColumn>
<autoIncrementCycle>false</autoIncrementCycle>
<associations>
<colAssociation fkAssociation="2B2AA0C3-0A7D-5B0A-4322-FB7A85043D73" referredColumn="C8D0F15A-E1FC-6471-D91B-4237F5B41DA9"/>
</associations>
</Column>
<Column name="FE_FECHA_CAMBIO" id="C670590A-C7CB-2D74-A08B-42C1CEF10821">
<sourceDDLFile>Modelo DB Renovacion Contrato v5.sql</sourceDDLFile>
<createdBy>wmamani</createdBy>
<createdTime>2025-08-12 21:49:16 UTC</createdTime>
<commentInRDBMS><![CDATA[Fecha en que se ha realizado el cambio de estado]]></commentInRDBMS>
<ownerDesignName>Modelo DB Renovacion Contrato v8</ownerDesignName>
<importedID>E3133BC2-C733-8AFD-AABD-6120036B59A8</importedID>
<use>0</use>
<logicalDatatype>LOGDT015</logicalDatatype>
<domain>7EF48A08-5E85-9761-36EF-04B1E9BC1751</domain>
<defaultValue>SYSTIMESTAMP</defaultValue>
<ownDataTypeParameters>,,</ownDataTypeParameters>
<autoIncrementCycle>false</autoIncrementCycle>
</Column>
<Column name="ES_REGISTRO" id="9A9F183B-7ECF-1B46-95E0-D561253D703B">
<createdBy>wmamani</createdBy>
<createdTime>2025-08-12 21:49:16 UTC</createdTime>
<commentInRDBMS><![CDATA[Estado del registro 1: Activo 0:Inactivo]]></commentInRDBMS>
<ownerDesignName>Modelo DB Renovacion Contrato v8</ownerDesignName>
<importedID>67622D84-E3B9-658C-81BC-5C02418C67B6</importedID>
<useDomainConstraints>false</useDomainConstraints>
<use>1</use>
<logicalDatatype>LOGDT025</logicalDatatype>
<dataTypeSize>1</dataTypeSize>
<ownDataTypeParameters>1,,</ownDataTypeParameters>
<autoIncrementCycle>false</autoIncrementCycle>
</Column>
<Column name="US_CREACION" id="DAAB58D0-DC8E-6725-CA68-FA782B8B1363">
<sourceDDLFile>Modelo DB Renovacion Contrato v5.sql</sourceDDLFile>
<createdBy>wmamani</createdBy>
<createdTime>2025-08-12 21:49:16 UTC</createdTime>
<commentInRDBMS><![CDATA[Usuario que ha creado el registro]]></commentInRDBMS>
<ownerDesignName>Modelo DB Renovacion Contrato v8</ownerDesignName>
<importedID>34055DF9-D0E5-3757-404A-CC0E0258DCEE</importedID>
<use>0</use>
<logicalDatatype>LOGDT024</logicalDatatype>
<domain>86E52BEF-9834-7386-2960-5741452E833E</domain>
<ownDataTypeParameters>,,</ownDataTypeParameters>
<autoIncrementCycle>false</autoIncrementCycle>
</Column>
<Column name="IP_CREACION" id="9AC8F523-E64D-1975-369A-49868146A3A3">
<sourceDDLFile>Modelo DB Renovacion Contrato v5.sql</sourceDDLFile>
<createdBy>wmamani</createdBy>
<createdTime>2025-08-12 21:49:16 UTC</createdTime>
<commentInRDBMS><![CDATA[IP del equipo de donde se ha creado  el registro]]></commentInRDBMS>
<ownerDesignName>Modelo DB Renovacion Contrato v8</ownerDesignName>
<importedID>9251B99D-59CF-93D8-2C83-74AFDF19999D</importedID>
<use>0</use>
<logicalDatatype>LOGDT024</logicalDatatype>
<domain>86E52BEF-9834-7386-2960-5741452E833E</domain>
<ownDataTypeParameters>,,</ownDataTypeParameters>
<autoIncrementCycle>false</autoIncrementCycle>
</Column>
<Column name="FE_CREACION" id="15D3226B-DBA6-5311-0B07-E8B8016B4AFB">
<sourceDDLFile>Modelo DB Renovacion Contrato v5.sql</sourceDDLFile>
<createdBy>wmamani</createdBy>
<createdTime>2025-08-12 21:49:16 UTC</createdTime>
<commentInRDBMS><![CDATA[Fecha de creación del registro]]></commentInRDBMS>
<ownerDesignName>Modelo DB Renovacion Contrato v8</ownerDesignName>
<importedID>333BB02A-0A34-9048-F6C1-A96A47EE87A1</importedID>
<use>0</use>
<logicalDatatype>LOGDT007</logicalDatatype>
<domain>D0677703-A1D8-17E4-4BF6-42D788F55987</domain>
<defaultValue>SYSDATE</defaultValue>
<ownDataTypeParameters>,,</ownDataTypeParameters>
<autoIncrementCycle>false</autoIncrementCycle>
</Column>
<Column name="US_ACTUALIZACION" id="9BC91CFB-1FFB-E3F6-20FD-1E25C7AD1C5B">
<sourceDDLFile>Modelo DB Renovacion Contrato v5.sql</sourceDDLFile>
<createdBy>wmamani</createdBy>
<createdTime>2025-08-12 21:49:16 UTC</createdTime>
<commentInRDBMS><![CDATA[Usuario que modificó el registro]]></commentInRDBMS>
<ownerDesignName>Modelo DB Renovacion Contrato v8</ownerDesignName>
<importedID>8692A86E-A61A-3FD6-7598-2C07636B6AD6</importedID>
<nullsAllowed>true</nullsAllowed>
<use>0</use>
<logicalDatatype>LOGDT024</logicalDatatype>
<domain>86E52BEF-9834-7386-2960-5741452E833E</domain>
<ownDataTypeParameters>,,</ownDataTypeParameters>
<autoIncrementCycle>false</autoIncrementCycle>
</Column>
<Column name="IP_ACTUALIZACION" id="84BB5132-74CE-839B-4D90-09F58A9B97F8">
<sourceDDLFile>Modelo DB Renovacion Contrato v5.sql</sourceDDLFile>
<createdBy>wmamani</createdBy>
<createdTime>2025-08-12 21:49:16 UTC</createdTime>
<commentInRDBMS><![CDATA[IP del equipo de donde se ha modificado el registro]]></commentInRDBMS>
<ownerDesignName>Modelo DB Renovacion Contrato v8</ownerDesignName>
<importedID>23BBF3C3-552A-0160-A93B-BE7DBC88AF0D</importedID>
<nullsAllowed>true</nullsAllowed>
<use>0</use>
<logicalDatatype>LOGDT024</logicalDatatype>
<domain>86E52BEF-9834-7386-2960-5741452E833E</domain>
<ownDataTypeParameters>,,</ownDataTypeParameters>
<autoIncrementCycle>false</autoIncrementCycle>
</Column>
<Column name="FE_ACTUALIZACION" id="745503CB-DF87-DB84-6675-B97373C73C58">
<sourceDDLFile>Modelo DB Renovacion Contrato v5.sql</sourceDDLFile>
<createdBy>wmamani</createdBy>
<createdTime>2025-08-12 21:49:16 UTC</createdTime>
<commentInRDBMS><![CDATA[Fecha de actualización  del registro]]></commentInRDBMS>
<ownerDesignName>Modelo DB Renovacion Contrato v8</ownerDesignName>
<importedID>8DF92C25-D1C2-F5CC-3161-19138C122B87</importedID>
<nullsAllowed>true</nullsAllowed>
<use>0</use>
<logicalDatatype>LOGDT007</logicalDatatype>
<domain>D0677703-A1D8-17E4-4BF6-42D788F55987</domain>
<ownDataTypeParameters>,,</ownDataTypeParameters>
<autoIncrementCycle>false</autoIncrementCycle>
</Column>
</columns>
<indexes itemClass="oracle.dbtools.crest.model.design.relational.Index">
<ind_PK_UK id="5D63325F-788C-FCEE-C76E-E970A9B47982" name="SICOES_TZ_HIST_EST_APROB_CAMPO_PK">
<sourceDDLFile>Modelo DB Renovacion Contrato v5.sql</sourceDDLFile>
<createdBy>wmamani</createdBy>
<createdTime>2025-08-12 21:49:16 UTC</createdTime>
<ownerDesignName>Modelo DB Renovacion Contrato v8</ownerDesignName>
<importedID>E5C4295C-25BD-B7FA-999F-EB09F375DDF3</importedID>
<pk>true</pk>
<indexState>Primary Constraint</indexState>
<isSurrogateKey>false</isSurrogateKey>
<indexColumnUsage>
<colUsage columnID="15B4012C-D205-F33F-B19E-9310E3E29274"/>
</indexColumnUsage>
</ind_PK_UK>
<ind_PK_UK id="A64CE22A-A38D-6368-B305-B87912000411" name="FK_ESTADO_USUARIOv1">
<createdBy>wmamani</createdBy>
<createdTime>2025-08-12 21:49:16 UTC</createdTime>
<ownerDesignName>Modelo DB Renovacion Contrato v8</ownerDesignName>
<indexState>Foreign Key</indexState>
<isSurrogateKey>false</isSurrogateKey>
<indexColumnUsage>
<colUsage columnID="17772AFF-A588-523E-C7A6-73AB15DBE4D9"/>
</indexColumnUsage>
</ind_PK_UK>
<ind_PK_UK id="B5874B74-531C-0CBB-CC78-56F46AE13A80" name="FK_ESTADO_APROBACION_02">
<createdBy>wmamani</createdBy>
<createdTime>2025-08-12 21:49:16 UTC</createdTime>
<ownerDesignName>Modelo DB Renovacion Contrato v8</ownerDesignName>
<indexState>Foreign Key</indexState>
<isSurrogateKey>false</isSurrogateKey>
<indexColumnUsage>
<colUsage columnID="38677987-7C99-F2C1-872F-E12B0AADD28F"/>
</indexColumnUsage>
</ind_PK_UK>
<ind_PK_UK id="649F32D0-9D12-517C-078F-1FB526F0E348" name="FK_ESTADO_ANTERIOR">
<createdBy>ggarcia</createdBy>
<createdTime>2025-08-15 14:25:24 UTC</createdTime>
<ownerDesignName>Modelo DB Renovacion Contrato v8</ownerDesignName>
<indexState>Foreign Key</indexState>
<isSurrogateKey>false</isSurrogateKey>
<indexColumnUsage>
<colUsage columnID="D1B1B825-2E6B-5359-ABBC-300DE66E0C6F"/>
</indexColumnUsage>
</ind_PK_UK>
<ind_PK_UK id="659443C1-DDCB-9B93-7F18-17018B13EB8E" name="FK_ESTADO_NUEVO">
<createdBy>ggarcia</createdBy>
<createdTime>2025-08-15 14:27:52 UTC</createdTime>
<ownerDesignName>Modelo DB Renovacion Contrato v8</ownerDesignName>
<indexState>Foreign Key</indexState>
<isSurrogateKey>false</isSurrogateKey>
<indexColumnUsage>
<colUsage columnID="EE6B6F57-775D-BF4D-F637-90E3206ED2C3"/>
</indexColumnUsage>
</ind_PK_UK>
<ind_PK_UK id="5B5831E4-236C-E637-113F-32228E0F3C2F" name="FK_GRUPO_LD">
<createdBy>ggarcia</createdBy>
<createdTime>2025-08-15 14:35:57 UTC</createdTime>
<ownerDesignName>Modelo DB Renovacion Contrato v8</ownerDesignName>
<indexState>Foreign Key</indexState>
<isSurrogateKey>false</isSurrogateKey>
<indexColumnUsage>
<colUsage columnID="FBAAE743-5EA1-4BF7-DA36-0D1C9B58277D"/>
</indexColumnUsage>
</ind_PK_UK>
<ind_PK_UK id="B0443157-C822-8712-6A8C-181F4ECDD2C3" name="SICOES_TZ_HIST_EST_APROB_CAMPO_SICOES_TM_LISTADO_DETALLE_FK">
<createdBy>ggarcia</createdBy>
<createdTime>2025-08-15 14:39:00 UTC</createdTime>
<ownerDesignName>Modelo DB Renovacion Contrato v8</ownerDesignName>
<indexState>Foreign Key</indexState>
<isSurrogateKey>false</isSurrogateKey>
<indexColumnUsage>
<colUsage columnID="961D660C-DD4D-DDB9-1811-D8B8A965FABB"/>
</indexColumnUsage>
</ind_PK_UK>
</indexes>
</Table>