<?xml version = '1.0' encoding = 'UTF-8'?>
<Table class="oracle.dbtools.crest.model.design.relational.Table" directorySegmentName="seg_0" id="AF57EA65-DE90-1CC7-2128-09468B8B8577" schemaObject="5D9F74B1-CAE6-0E23-5637-B60AFA6FD3C3" name="SICOES_TC_SOLI_PERF_CONT">
<sourceDDLFile>Modelo DB Renovacion Contrato v5.sql</sourceDDLFile>
<createdBy>wmamani</createdBy>
<createdTime>2025-08-12 21:49:15 UTC</createdTime>
<ownerDesignName>Modelo DB Renovacion Contrato v8</ownerDesignName>
<importedID>0022D915-B79E-53DF-71BB-85890754F94A</importedID>
<allowColumnReorder>false</allowColumnReorder>
<existDependencyGenerateInDDl>true</existDependencyGenerateInDDl>
<parsed>true</parsed>
<columns itemClass="oracle.dbtools.crest.model.design.relational.Column">
<Column name="ID_SOLI_PERF_CONT" id="2515F1DD-E6F4-5FC7-60E5-3749A841B2B7">
<sourceDDLFile>Modelo DB Renovacion Contrato v5.sql</sourceDDLFile>
<createdBy>wmamani</createdBy>
<createdTime>2025-08-12 21:49:16 UTC</createdTime>
<commentInRDBMS><![CDATA[Identificador de registro de Solicitud de Perfeccionamiento de Contrato]]></commentInRDBMS>
<ownerDesignName>Modelo DB Renovacion Contrato v8</ownerDesignName>
<importedID>F54293FB-46E8-1E2A-5802-005C30FF5A40</importedID>
<use>0</use>
<logicalDatatype>LOGDT019</logicalDatatype>
<domain>C3426F3C-B128-3714-8DE4-E0BFB7888315</domain>
<ownDataTypeParameters>,,</ownDataTypeParameters>
<autoIncrementCycle>false</autoIncrementCycle>
</Column>
<Column name="ID_PROPUESTA" id="94470084-2A01-9566-B2A6-3FCAC4A6F6C9">
<sourceDDLFile>Modelo DB Renovacion Contrato v5.sql</sourceDDLFile>
<createdBy>wmamani</createdBy>
<createdTime>2025-08-12 21:49:16 UTC</createdTime>
<commentInRDBMS><![CDATA[Id de registro de propuesta en estado Consentido]]></commentInRDBMS>
<ownerDesignName>Modelo DB Renovacion Contrato v8</ownerDesignName>
<importedID>B6A943BF-8DDF-582F-A180-FA1C67BA7D2D</importedID>
<use>0</use>
<logicalDatatype>LOGDT019</logicalDatatype>
<domain>C1C75A7D-C391-AD19-15E6-347D03C99463</domain>
<ownDataTypeParameters>,,</ownDataTypeParameters>
<autoIncrementCycle>false</autoIncrementCycle>
<associations>
<colAssociation fkAssociation="13F59BF2-ABF1-48A6-DE5E-837351CB2748" referredColumn="6695829D-7DB8-E56E-E283-2EBE1082A7D3"/>
</associations>
</Column>
<Column name="ID_SOLI_PERF_CONT_PADRE" id="AD342D85-2B95-8033-3421-3201E5D584EF">
<sourceDDLFile>Modelo DB Renovacion Contrato v5.sql</sourceDDLFile>
<createdBy>wmamani</createdBy>
<createdTime>2025-08-12 21:49:16 UTC</createdTime>
<commentInRDBMS><![CDATA[Identificador de registro de Solicitud de Perfeccionamiento de Contrato Inicial, para caso de Subsanación]]></commentInRDBMS>
<ownerDesignName>Modelo DB Renovacion Contrato v8</ownerDesignName>
<importedID>8E90F3DB-DD27-9EA3-E6FA-C5D810A49BF9</importedID>
<nullsAllowed>true</nullsAllowed>
<use>0</use>
<logicalDatatype>LOGDT019</logicalDatatype>
<domain>C3426F3C-B128-3714-8DE4-E0BFB7888315</domain>
<ownDataTypeParameters>,,</ownDataTypeParameters>
<autoIncrementCycle>false</autoIncrementCycle>
</Column>
<Column name="ID_SUPERVISORA" id="C3E1D27E-4BE0-989D-1826-CE34A1CBDC3C">
<sourceDDLFile>Modelo DB Renovacion Contrato v5.sql</sourceDDLFile>
<createdBy>wmamani</createdBy>
<createdTime>2025-08-12 21:49:16 UTC</createdTime>
<commentInRDBMS><![CDATA[Id de Entidad Supervisora]]></commentInRDBMS>
<ownerDesignName>Modelo DB Renovacion Contrato v8</ownerDesignName>
<importedID>377ED70E-7DB2-520A-9A1D-F53F080B698B</importedID>
<use>0</use>
<logicalDatatype>LOGDT019</logicalDatatype>
<domain>B9C62191-A27F-45B7-9152-E1AD7578BBF5</domain>
<ownDataTypeParameters>,,</ownDataTypeParameters>
<autoIncrementCycle>false</autoIncrementCycle>
</Column>
<Column name="DE_SOLICITUD" id="FF4597CF-9E49-4A31-9A9F-60B95C8E7C46">
<sourceDDLFile>Modelo DB Renovacion Contrato v5.sql</sourceDDLFile>
<createdBy>wmamani</createdBy>
<createdTime>2025-08-12 21:49:16 UTC</createdTime>
<commentInRDBMS><![CDATA[Descripción de la Solicitud]]></commentInRDBMS>
<ownerDesignName>Modelo DB Renovacion Contrato v8</ownerDesignName>
<importedID>D3E27D71-8962-FAEF-0F69-E601564E3200</importedID>
<nullsAllowed>true</nullsAllowed>
<use>0</use>
<logicalDatatype>LOGDT024</logicalDatatype>
<domain>963531DF-1C3D-2463-CF09-AE8547612D5A</domain>
<ownDataTypeParameters>,,</ownDataTypeParameters>
<autoIncrementCycle>false</autoIncrementCycle>
</Column>
<Column name="TI_SOLICITUD" id="1851BE82-210A-D904-C2F1-C21BE0CE9A6F">
<sourceDDLFile>Modelo DB Renovacion Contrato v5.sql</sourceDDLFile>
<createdBy>wmamani</createdBy>
<createdTime>2025-08-12 21:49:16 UTC</createdTime>
<commentInRDBMS><![CDATA[1=Inscripción, 2=Subsanación]]></commentInRDBMS>
<ownerDesignName>Modelo DB Renovacion Contrato v8</ownerDesignName>
<importedID>F16E1F76-B8A9-86FF-A8C3-B162058BC96B</importedID>
<use>0</use>
<logicalDatatype>LOGDT025</logicalDatatype>
<domain>600BFA08-8FF0-DCBF-DD87-60549547ED19</domain>
<ownDataTypeParameters>,,</ownDataTypeParameters>
<autoIncrementCycle>false</autoIncrementCycle>
</Column>
<Column name="ES_PROC_SOLICITUD" id="0791C43F-241F-97E5-132B-4D8259B4AB57">
<sourceDDLFile>Modelo DB Renovacion Contrato v5.sql</sourceDDLFile>
<createdBy>wmamani</createdBy>
<createdTime>2025-08-12 21:49:16 UTC</createdTime>
<commentInRDBMS><![CDATA[1=Preliminar, 2=En proceso, 3=Observado, 4=Concluido, 5=Archivado]]></commentInRDBMS>
<ownerDesignName>Modelo DB Renovacion Contrato v8</ownerDesignName>
<importedID>2585E280-AB85-5621-6DB8-546DA48698C5</importedID>
<nullsAllowed>true</nullsAllowed>
<use>0</use>
<logicalDatatype>LOGDT025</logicalDatatype>
<domain>600BFA08-8FF0-DCBF-DD87-60549547ED19</domain>
<ownDataTypeParameters>,,</ownDataTypeParameters>
<autoIncrementCycle>false</autoIncrementCycle>
</Column>
<Column name="FE_PLAZO_SUBSANACION" id="0A98548F-0594-90C7-086C-2E3D106B0AB4">
<sourceDDLFile>Modelo DB Renovacion Contrato v5.sql</sourceDDLFile>
<createdBy>wmamani</createdBy>
<createdTime>2025-08-12 21:49:16 UTC</createdTime>
<commentInRDBMS><![CDATA[Fecha límite de subsanación]]></commentInRDBMS>
<ownerDesignName>Modelo DB Renovacion Contrato v8</ownerDesignName>
<importedID>DFDCEDF1-8351-5813-11F7-0C82CC91291F</importedID>
<nullsAllowed>true</nullsAllowed>
<use>0</use>
<logicalDatatype>LOGDT007</logicalDatatype>
<domain>D0677703-A1D8-17E4-4BF6-42D788F55987</domain>
<ownDataTypeParameters>,,</ownDataTypeParameters>
<autoIncrementCycle>false</autoIncrementCycle>
</Column>
<Column name="ES_SOLI_PERF_CONT" id="C656EA36-5420-0D6D-5880-01ADB0593CD7">
<sourceDDLFile>Modelo DB Renovacion Contrato v5.sql</sourceDDLFile>
<createdBy>wmamani</createdBy>
<createdTime>2025-08-12 21:49:16 UTC</createdTime>
<commentInRDBMS><![CDATA[1 - Activo
0 - Inactivo]]></commentInRDBMS>
<ownerDesignName>Modelo DB Renovacion Contrato v8</ownerDesignName>
<importedID>3A81F86B-5AAD-0361-951B-B08930B6C209</importedID>
<use>0</use>
<logicalDatatype>LOGDT025</logicalDatatype>
<domain>600BFA08-8FF0-DCBF-DD87-60549547ED19</domain>
<ownDataTypeParameters>,,</ownDataTypeParameters>
<autoIncrementCycle>false</autoIncrementCycle>
</Column>
<Column name="US_CREACION" id="D0275CF3-C0AD-579D-DF30-B1E24DBAED87">
<sourceDDLFile>Modelo DB Renovacion Contrato v5.sql</sourceDDLFile>
<createdBy>wmamani</createdBy>
<createdTime>2025-08-12 21:49:16 UTC</createdTime>
<commentInRDBMS><![CDATA[Usuario que ha creado el registro]]></commentInRDBMS>
<ownerDesignName>Modelo DB Renovacion Contrato v8</ownerDesignName>
<importedID>942B0875-AFC5-C2B3-B8F3-1B6A86A67F77</importedID>
<use>0</use>
<logicalDatatype>LOGDT024</logicalDatatype>
<domain>16020897-5692-18B0-AE8D-5AC04BCBA23D</domain>
<ownDataTypeParameters>,,</ownDataTypeParameters>
<autoIncrementCycle>false</autoIncrementCycle>
</Column>
<Column name="IP_CREACION" id="20C7BA24-D051-B66E-72E3-AAB8B83F6FF0">
<sourceDDLFile>Modelo DB Renovacion Contrato v5.sql</sourceDDLFile>
<createdBy>wmamani</createdBy>
<createdTime>2025-08-12 21:49:16 UTC</createdTime>
<commentInRDBMS><![CDATA[IP del equipo de donde se ha creado  el registro]]></commentInRDBMS>
<ownerDesignName>Modelo DB Renovacion Contrato v8</ownerDesignName>
<importedID>E5B45EC5-9BB9-281E-99EF-6FF11692EB57</importedID>
<use>0</use>
<logicalDatatype>LOGDT024</logicalDatatype>
<domain>16020897-5692-18B0-AE8D-5AC04BCBA23D</domain>
<ownDataTypeParameters>,,</ownDataTypeParameters>
<autoIncrementCycle>false</autoIncrementCycle>
</Column>
<Column name="FE_CREACION" id="9FEF6E55-5579-24DD-3BB0-2363A0A05E06">
<sourceDDLFile>Modelo DB Renovacion Contrato v5.sql</sourceDDLFile>
<createdBy>wmamani</createdBy>
<createdTime>2025-08-12 21:49:16 UTC</createdTime>
<commentInRDBMS><![CDATA[Fecha de creación del registro]]></commentInRDBMS>
<ownerDesignName>Modelo DB Renovacion Contrato v8</ownerDesignName>
<importedID>1DD3BDE5-E2F5-3104-17E5-E735C818860A</importedID>
<use>0</use>
<logicalDatatype>LOGDT007</logicalDatatype>
<domain>D0677703-A1D8-17E4-4BF6-42D788F55987</domain>
<ownDataTypeParameters>,,</ownDataTypeParameters>
<autoIncrementCycle>false</autoIncrementCycle>
</Column>
<Column name="US_ACTUALIZACION" id="B0E04EF9-F2B3-A23B-8CA7-CBACC56CF023">
<sourceDDLFile>Modelo DB Renovacion Contrato v5.sql</sourceDDLFile>
<createdBy>wmamani</createdBy>
<createdTime>2025-08-12 21:49:16 UTC</createdTime>
<commentInRDBMS><![CDATA[Usuario que modificó el registro]]></commentInRDBMS>
<ownerDesignName>Modelo DB Renovacion Contrato v8</ownerDesignName>
<importedID>3E7A6ECE-BAC8-865D-AB68-8BDD59A76193</importedID>
<nullsAllowed>true</nullsAllowed>
<use>0</use>
<logicalDatatype>LOGDT024</logicalDatatype>
<domain>16020897-5692-18B0-AE8D-5AC04BCBA23D</domain>
<ownDataTypeParameters>,,</ownDataTypeParameters>
<autoIncrementCycle>false</autoIncrementCycle>
</Column>
<Column name="IP_ACTUALIZACION" id="6B1EA3F1-6A9C-7A05-1D5C-C2FD1C34C0A8">
<sourceDDLFile>Modelo DB Renovacion Contrato v5.sql</sourceDDLFile>
<createdBy>wmamani</createdBy>
<createdTime>2025-08-12 21:49:16 UTC</createdTime>
<commentInRDBMS><![CDATA[IP del equipo de donde se ha modificado el registro]]></commentInRDBMS>
<ownerDesignName>Modelo DB Renovacion Contrato v8</ownerDesignName>
<importedID>CEC77B9B-9685-95F5-38DD-57F82CDE0B6A</importedID>
<nullsAllowed>true</nullsAllowed>
<use>0</use>
<logicalDatatype>LOGDT024</logicalDatatype>
<domain>16020897-5692-18B0-AE8D-5AC04BCBA23D</domain>
<ownDataTypeParameters>,,</ownDataTypeParameters>
<autoIncrementCycle>false</autoIncrementCycle>
</Column>
<Column name="FE_ACTUALIZACION" id="90B7CC29-C8BD-1352-1ABA-D698E76A23DF">
<sourceDDLFile>Modelo DB Renovacion Contrato v5.sql</sourceDDLFile>
<createdBy>wmamani</createdBy>
<createdTime>2025-08-12 21:49:16 UTC</createdTime>
<commentInRDBMS><![CDATA[Fecha en que se ha actualizado el registro]]></commentInRDBMS>
<ownerDesignName>Modelo DB Renovacion Contrato v8</ownerDesignName>
<importedID>B82021B4-7E2E-5AAF-E5F9-AA59DFDDDC47</importedID>
<nullsAllowed>true</nullsAllowed>
<use>0</use>
<logicalDatatype>LOGDT007</logicalDatatype>
<domain>D0677703-A1D8-17E4-4BF6-42D788F55987</domain>
<ownDataTypeParameters>,,</ownDataTypeParameters>
<autoIncrementCycle>false</autoIncrementCycle>
</Column>
<Column name="ID_TIPO_CONTRATACION_LD" id="4F3B7265-0661-1099-32F5-ACA4FE3FB824">
<sourceDDLFile>Modelo DB Renovacion Contrato v5.sql</sourceDDLFile>
<createdBy>wmamani</createdBy>
<createdTime>2025-08-12 21:49:16 UTC</createdTime>
<ownerDesignName>Modelo DB Renovacion Contrato v8</ownerDesignName>
<importedID>AECEB220-22CA-44C8-9BD1-3A57E92A6BAF</importedID>
<nullsAllowed>true</nullsAllowed>
<use>0</use>
<logicalDatatype>LOGDT019</logicalDatatype>
<domain>B9C62191-A27F-45B7-9152-E1AD7578BBF5</domain>
<ownDataTypeParameters>,,</ownDataTypeParameters>
<autoIncrementCycle>false</autoIncrementCycle>
</Column>
<Column name="NU_EXPEDIENTE" id="4296BB22-4AA0-DF4C-5155-744F1957E671">
<sourceDDLFile>Modelo DB Renovacion Contrato v5.sql</sourceDDLFile>
<createdBy>wmamani</createdBy>
<createdTime>2025-08-12 21:49:16 UTC</createdTime>
<ownerDesignName>Modelo DB Renovacion Contrato v8</ownerDesignName>
<importedID>BBBF6864-E047-9CDE-8E3B-08D02C3744EE</importedID>
<nullsAllowed>true</nullsAllowed>
<use>0</use>
<logicalDatatype>LOGDT024</logicalDatatype>
<domain>5300C573-6D6C-73E1-3B94-E88BA977AE92</domain>
<ownDataTypeParameters>,,</ownDataTypeParameters>
<autoIncrementCycle>false</autoIncrementCycle>
</Column>
<Column name="FE_PRESENTACION" id="7E4D453C-EAF0-F72F-7B51-42E3A66B99E9">
<sourceDDLFile>Modelo DB Renovacion Contrato v5.sql</sourceDDLFile>
<createdBy>wmamani</createdBy>
<createdTime>2025-08-12 21:49:16 UTC</createdTime>
<commentInRDBMS><![CDATA[Fecha Límte de Presentación de la solicitud de Inscripción - Subsanación.]]></commentInRDBMS>
<ownerDesignName>Modelo DB Renovacion Contrato v8</ownerDesignName>
<importedID>19D60752-8DED-9950-8FD6-0741655AB630</importedID>
<nullsAllowed>true</nullsAllowed>
<use>0</use>
<logicalDatatype>LOGDT007</logicalDatatype>
<domain>D0677703-A1D8-17E4-4BF6-42D788F55987</domain>
<ownDataTypeParameters>,,</ownDataTypeParameters>
<autoIncrementCycle>false</autoIncrementCycle>
</Column>
<Column name="FE_PLAZO_INSCRIPCION" id="6931A10D-D587-E434-EE4D-D08936E68CE3">
<sourceDDLFile>Modelo DB Renovacion Contrato v5.sql</sourceDDLFile>
<createdBy>wmamani</createdBy>
<createdTime>2025-08-12 21:49:16 UTC</createdTime>
<ownerDesignName>Modelo DB Renovacion Contrato v8</ownerDesignName>
<importedID>B245505E-40C9-D562-7C1E-D52F5D862E77</importedID>
<nullsAllowed>true</nullsAllowed>
<use>0</use>
<logicalDatatype>LOGDT007</logicalDatatype>
<domain>D0677703-A1D8-17E4-4BF6-42D788F55987</domain>
<ownDataTypeParameters>,,</ownDataTypeParameters>
<autoIncrementCycle>false</autoIncrementCycle>
</Column>
<Column name="DE_VALOR_ADJ_SIMPLIFICADA" id="0E527D6B-1DD3-A678-6066-EC4EE48056B0">
<sourceDDLFile>Modelo DB Renovacion Contrato v5.sql</sourceDDLFile>
<createdBy>wmamani</createdBy>
<createdTime>2025-08-12 21:49:16 UTC</createdTime>
<ownerDesignName>Modelo DB Renovacion Contrato v8</ownerDesignName>
<importedID>A8089366-60BA-79B0-B7BA-AC4AFD594ABB</importedID>
<nullsAllowed>true</nullsAllowed>
<use>0</use>
<logicalDatatype>LOGDT024</logicalDatatype>
<domain>0FF58980-E709-53AA-33CA-1CD0235D5E07</domain>
<ownDataTypeParameters>,,</ownDataTypeParameters>
<autoIncrementCycle>false</autoIncrementCycle>
</Column>
<Column name="ID_DOC_INICIO" id="AA28546F-B83A-83AD-FE59-BF227E7B27C3">
<sourceDDLFile>Modelo DB Renovacion Contrato v5.sql</sourceDDLFile>
<createdBy>wmamani</createdBy>
<createdTime>2025-08-12 21:49:16 UTC</createdTime>
<commentInRDBMS><![CDATA[Identificador del documento de inicio asociado a la solicitud/perfil]]></commentInRDBMS>
<ownerDesignName>Modelo DB Renovacion Contrato v8</ownerDesignName>
<importedID>FDC86F2A-B1A9-77AF-A6B2-2A29776FAD9E</importedID>
<nullsAllowed>true</nullsAllowed>
<use>0</use>
<logicalDatatype>LOGDT019</logicalDatatype>
<domain>B9C62191-A27F-45B7-9152-E1AD7578BBF5</domain>
<ownDataTypeParameters>,,</ownDataTypeParameters>
<autoIncrementCycle>false</autoIncrementCycle>
</Column>
</columns>
<indexes itemClass="oracle.dbtools.crest.model.design.relational.Index">
<ind_PK_UK id="953E857E-CED8-D2A6-D1A9-6932F29DE34B" name="SICOES_TM_SECCIONV1_PK">
<sourceDDLFile>Modelo DB Renovacion Contrato v5.sql</sourceDDLFile>
<createdBy>wmamani</createdBy>
<createdTime>2025-08-12 21:49:16 UTC</createdTime>
<ownerDesignName>Modelo DB Renovacion Contrato v8</ownerDesignName>
<importedID>EA956526-D8F0-D9B4-5456-73817BEEF285</importedID>
<pk>true</pk>
<indexState>Primary Constraint</indexState>
<isSurrogateKey>false</isSurrogateKey>
<indexColumnUsage>
<colUsage columnID="2515F1DD-E6F4-5FC7-60E5-3749A841B2B7"/>
</indexColumnUsage>
</ind_PK_UK>
<ind_PK_UK id="A08C4A92-7C6F-6061-DB52-283199DE8ED0" name="SICOES_TC_SOPECO_TR_PRO_FK">
<createdBy>wmamani</createdBy>
<createdTime>2025-08-12 21:49:16 UTC</createdTime>
<ownerDesignName>Modelo DB Renovacion Contrato v8</ownerDesignName>
<indexState>Foreign Key</indexState>
<isSurrogateKey>false</isSurrogateKey>
<indexColumnUsage>
<colUsage columnID="94470084-2A01-9566-B2A6-3FCAC4A6F6C9"/>
</indexColumnUsage>
</ind_PK_UK>
</indexes>
</Table>