<?xml version = '1.0' encoding = 'UTF-8'?>
<Table class="oracle.dbtools.crest.model.design.relational.Table" directorySegmentName="seg_0" id="B174CF3E-347D-32C7-A786-4973B665ABFB" schemaObject="5D9F74B1-CAE6-0E23-5637-B60AFA6FD3C3" name="SICOES_TC_REQ_APROBACION">
<sourceDDLFile>Modelo DB Renovacion Contrato v5.sql</sourceDDLFile>
<createdBy>wmamani</createdBy>
<createdTime>2025-08-12 21:49:16 UTC</createdTime>
<ownerDesignName>Modelo DB Renovacion Contrato v8</ownerDesignName>
<importedID>EF68E730-852F-18EC-AA42-2EC5B7C2A96F</importedID>
<allowColumnReorder>false</allowColumnReorder>
<existDependencyGenerateInDDl>true</existDependencyGenerateInDDl>
<parsed>true</parsed>
<columns itemClass="oracle.dbtools.crest.model.design.relational.Column">
<Column name="ID_REQ_APROBACION" id="AC91EC16-D35F-221C-85ED-971F1C81F53E">
<sourceDDLFile>Modelo DB Renovacion Contrato v5.sql</sourceDDLFile>
<createdBy>wmamani</createdBy>
<createdTime>2025-08-12 21:49:16 UTC</createdTime>
<commentInRDBMS><![CDATA[Identificador de registro en la tabla de aprobaciones de requerimientos. Secuencia: SICOES_SEQ_REQ_APROBACION]]></commentInRDBMS>
<ownerDesignName>Modelo DB Renovacion Contrato v8</ownerDesignName>
<importedID>66765383-1B89-31AE-10EF-AC344279F9BD</importedID>
<use>0</use>
<logicalDatatype>LOGDT019</logicalDatatype>
<domain>C3426F3C-B128-3714-8DE4-E0BFB7888315</domain>
<ownDataTypeParameters>,,</ownDataTypeParameters>
<autoIncrementCycle>false</autoIncrementCycle>
</Column>
<Column name="ID_REQUERIMIENTO" id="AAF9F01F-2C02-7A46-D58B-9A68A1150238">
<sourceDDLFile>Modelo DB Renovacion Contrato v5.sql</sourceDDLFile>
<createdBy>wmamani</createdBy>
<createdTime>2025-08-12 21:49:16 UTC</createdTime>
<commentInRDBMS><![CDATA[Foranea de la tabla SICOES_TC_REQUERIMIENTO que contiene el requerimiento]]></commentInRDBMS>
<ownerDesignName>Modelo DB Renovacion Contrato v8</ownerDesignName>
<importedID>DB04F917-D210-8244-0DDB-408ABA40505E</importedID>
<use>0</use>
<logicalDatatype>LOGDT019</logicalDatatype>
<domain>C3426F3C-B128-3714-8DE4-E0BFB7888315</domain>
<ownDataTypeParameters>,,</ownDataTypeParameters>
<autoIncrementCycle>false</autoIncrementCycle>
</Column>
<Column name="ID_REQ_INFORME" id="081020FD-BE51-176B-A74E-20047989602B">
<sourceDDLFile>Modelo DB Renovacion Contrato v5.sql</sourceDDLFile>
<createdBy>wmamani</createdBy>
<createdTime>2025-08-12 21:49:16 UTC</createdTime>
<commentInRDBMS><![CDATA[FK del informe de renovación]]></commentInRDBMS>
<ownerDesignName>Modelo DB Renovacion Contrato v8</ownerDesignName>
<importedID>0491DFC5-C54C-6DC4-9234-E36160FE55CA</importedID>
<nullsAllowed>true</nullsAllowed>
<use>0</use>
<logicalDatatype>LOGDT019</logicalDatatype>
<domain>C3426F3C-B128-3714-8DE4-E0BFB7888315</domain>
<ownDataTypeParameters>,,</ownDataTypeParameters>
<autoIncrementCycle>false</autoIncrementCycle>
</Column>
<Column name="ID_REQ_DOCUMENTO" id="08B0E5BD-D668-A4DB-4558-1FBF697E5C59">
<sourceDDLFile>Modelo DB Renovacion Contrato v5.sql</sourceDDLFile>
<createdBy>wmamani</createdBy>
<createdTime>2025-08-12 21:49:16 UTC</createdTime>
<ownerDesignName>Modelo DB Renovacion Contrato v8</ownerDesignName>
<importedID>B0F490B3-0290-9C09-2B2E-8612EA9E4526</importedID>
<nullsAllowed>true</nullsAllowed>
<use>0</use>
<logicalDatatype>LOGDT019</logicalDatatype>
<domain>C3426F3C-B128-3714-8DE4-E0BFB7888315</domain>
<ownDataTypeParameters>,,</ownDataTypeParameters>
<autoIncrementCycle>false</autoIncrementCycle>
</Column>
<Column name="ID_TIPO_LD" id="0C9E9D07-5B2A-937E-764F-768624C30D6D">
<sourceDDLFile>Modelo DB Renovacion Contrato v5.sql</sourceDDLFile>
<createdBy>wmamani</createdBy>
<createdTime>2025-08-12 21:49:16 UTC</createdTime>
<commentInRDBMS><![CDATA[Foranea de la tabla SICOES_TM_LISTADO_DETALLE que contiene el tipo de aprobacion. Por ejemplo:  952: Aprobar / 953: Firmar]]></commentInRDBMS>
<ownerDesignName>Modelo DB Renovacion Contrato v8</ownerDesignName>
<importedID>679B7A99-DCA8-2A33-603D-340D36E3020C</importedID>
<nullsAllowed>true</nullsAllowed>
<use>0</use>
<logicalDatatype>LOGDT019</logicalDatatype>
<domain>C3426F3C-B128-3714-8DE4-E0BFB7888315</domain>
<ownDataTypeParameters>,,</ownDataTypeParameters>
<autoIncrementCycle>false</autoIncrementCycle>
</Column>
<Column name="ID_GRUPO_LD" id="F9981E8F-B108-8726-BB13-82D7B38B6CD5">
<sourceDDLFile>Modelo DB Renovacion Contrato v5.sql</sourceDDLFile>
<createdBy>wmamani</createdBy>
<createdTime>2025-08-12 21:49:16 UTC</createdTime>
<commentInRDBMS><![CDATA[Foranea de la tabla SICOES_TM_LISTADO_DETALLE que contiene el grupo de aprobación. Por ejemplo: 542: G1, 543:G2, 1001:G3, 1002:G4 ]]></commentInRDBMS>
<ownerDesignName>Modelo DB Renovacion Contrato v8</ownerDesignName>
<importedID>23D11466-EDDC-20E4-E7A0-907DF3CAC2AA</importedID>
<nullsAllowed>true</nullsAllowed>
<use>0</use>
<logicalDatatype>LOGDT019</logicalDatatype>
<domain>C3426F3C-B128-3714-8DE4-E0BFB7888315</domain>
<ownDataTypeParameters>,,</ownDataTypeParameters>
<autoIncrementCycle>false</autoIncrementCycle>
</Column>
<Column name="ID_USUARIO" id="790E3867-3B6D-CFA2-03F0-9E2C6C02E955">
<sourceDDLFile>Modelo DB Renovacion Contrato v5.sql</sourceDDLFile>
<createdBy>wmamani</createdBy>
<createdTime>2025-08-12 21:49:16 UTC</createdTime>
<commentInRDBMS><![CDATA[Foranea de la tabla SICOES_TM_USUARIO que contiene el usuario que aprueba el requerimiento]]></commentInRDBMS>
<ownerDesignName>Modelo DB Renovacion Contrato v8</ownerDesignName>
<importedID>2EC163D8-0DA6-EBFB-B2CB-D7DA99C425F4</importedID>
<nullsAllowed>true</nullsAllowed>
<use>0</use>
<logicalDatatype>LOGDT019</logicalDatatype>
<domain>C3426F3C-B128-3714-8DE4-E0BFB7888315</domain>
<ownDataTypeParameters>,,</ownDataTypeParameters>
<autoIncrementCycle>false</autoIncrementCycle>
</Column>
<Column name="ID_ESTADO_LD" id="8883D51F-A39B-EDC6-F28C-295D0D6D88F6">
<sourceDDLFile>Modelo DB Renovacion Contrato v5.sql</sourceDDLFile>
<createdBy>wmamani</createdBy>
<createdTime>2025-08-12 21:49:16 UTC</createdTime>
<commentInRDBMS><![CDATA[Foranea de la tabla SICOES_TM_LISTADO_DETALLE que contiene el estado de la aprobacion. Por ejemplo: 958: Asignado / 959: Aprobado / 960: Desaprobado
]]></commentInRDBMS>
<ownerDesignName>Modelo DB Renovacion Contrato v8</ownerDesignName>
<importedID>FF7A834C-075E-0394-12DF-DA48B6CA6F27</importedID>
<nullsAllowed>true</nullsAllowed>
<use>0</use>
<logicalDatatype>LOGDT019</logicalDatatype>
<domain>C3426F3C-B128-3714-8DE4-E0BFB7888315</domain>
<ownDataTypeParameters>,,</ownDataTypeParameters>
<autoIncrementCycle>false</autoIncrementCycle>
</Column>
<Column name="ID_FIRMADO_LD" id="CC2D2688-A2FF-E029-1D1C-EF07EDD5D4F4">
<sourceDDLFile>Modelo DB Renovacion Contrato v5.sql</sourceDDLFile>
<createdBy>wmamani</createdBy>
<createdTime>2025-08-12 21:49:16 UTC</createdTime>
<commentInRDBMS><![CDATA[Foranea de la tabla SICOES_TM_LISTADO_DETALLE que indica si el requerimiento ha sido firmado]]></commentInRDBMS>
<ownerDesignName>Modelo DB Renovacion Contrato v8</ownerDesignName>
<importedID>54816728-C9C1-2D5D-53F2-86DB62242B22</importedID>
<nullsAllowed>true</nullsAllowed>
<use>0</use>
<logicalDatatype>LOGDT019</logicalDatatype>
<domain>C3426F3C-B128-3714-8DE4-E0BFB7888315</domain>
<ownDataTypeParameters>,,</ownDataTypeParameters>
<autoIncrementCycle>false</autoIncrementCycle>
</Column>
<Column name="DE_OBSERVACION" id="B3B404F0-FD4E-DFA1-5668-E202D1B38379">
<sourceDDLFile>Modelo DB Renovacion Contrato v5.sql</sourceDDLFile>
<createdBy>wmamani</createdBy>
<createdTime>2025-08-12 21:49:16 UTC</createdTime>
<commentInRDBMS><![CDATA[Observación relacionada a la aprobación]]></commentInRDBMS>
<ownerDesignName>Modelo DB Renovacion Contrato v8</ownerDesignName>
<importedID>F4942E83-28E5-FAF6-867C-BE2A67AAED3E</importedID>
<nullsAllowed>true</nullsAllowed>
<use>0</use>
<logicalDatatype>LOGDT024</logicalDatatype>
<domain>261BF74A-3CDE-3161-567F-2DFFBB5A3EE6</domain>
<ownDataTypeParameters>,,</ownDataTypeParameters>
<autoIncrementCycle>false</autoIncrementCycle>
</Column>
<Column name="FE_APROBACION" id="12BB4F7F-5910-C665-08DE-54D8A6E16A4D">
<sourceDDLFile>Modelo DB Renovacion Contrato v5.sql</sourceDDLFile>
<createdBy>wmamani</createdBy>
<createdTime>2025-08-12 21:49:16 UTC</createdTime>
<commentInRDBMS><![CDATA[Fecha de aprobación]]></commentInRDBMS>
<ownerDesignName>Modelo DB Renovacion Contrato v8</ownerDesignName>
<importedID>D5185FD5-64FD-7ADD-40C7-B79C9FDFDF27</importedID>
<nullsAllowed>true</nullsAllowed>
<use>0</use>
<logicalDatatype>LOGDT007</logicalDatatype>
<domain>D0677703-A1D8-17E4-4BF6-42D788F55987</domain>
<ownDataTypeParameters>,,</ownDataTypeParameters>
<autoIncrementCycle>false</autoIncrementCycle>
</Column>
<Column name="FE_RECHAZO" id="732EB45B-0CA5-918E-74FB-415D717DEB9B">
<sourceDDLFile>Modelo DB Renovacion Contrato v5.sql</sourceDDLFile>
<createdBy>wmamani</createdBy>
<createdTime>2025-08-12 21:49:16 UTC</createdTime>
<commentInRDBMS><![CDATA[Fecha de rechazo]]></commentInRDBMS>
<ownerDesignName>Modelo DB Renovacion Contrato v8</ownerDesignName>
<importedID>98771B80-7BD9-2DC2-FCF1-E4E70E0DD3FD</importedID>
<nullsAllowed>true</nullsAllowed>
<use>0</use>
<logicalDatatype>LOGDT007</logicalDatatype>
<domain>D0677703-A1D8-17E4-4BF6-42D788F55987</domain>
<ownDataTypeParameters>,,</ownDataTypeParameters>
<autoIncrementCycle>false</autoIncrementCycle>
</Column>
<Column name="FE_FIRMA" id="77CF80B0-5E34-4CDC-369B-A942B0876B0E">
<sourceDDLFile>Modelo DB Renovacion Contrato v5.sql</sourceDDLFile>
<createdBy>wmamani</createdBy>
<createdTime>2025-08-12 21:49:16 UTC</createdTime>
<commentInRDBMS><![CDATA[Fecha de firma digital]]></commentInRDBMS>
<ownerDesignName>Modelo DB Renovacion Contrato v8</ownerDesignName>
<importedID>347C7B94-FB8D-C795-8AB5-369127E5F759</importedID>
<nullsAllowed>true</nullsAllowed>
<use>0</use>
<logicalDatatype>LOGDT007</logicalDatatype>
<domain>D0677703-A1D8-17E4-4BF6-42D788F55987</domain>
<ownDataTypeParameters>,,</ownDataTypeParameters>
<autoIncrementCycle>false</autoIncrementCycle>
</Column>
<Column name="ID_INFORME_RENOVACION" id="81A1422D-3E29-D394-5FAE-036CE460E4EA">
<sourceDDLFile>Modelo DB Renovacion Contrato v5.sql</sourceDDLFile>
<createdBy>wmamani</createdBy>
<createdTime>2025-08-12 21:49:16 UTC</createdTime>
<commentInRDBMS><![CDATA[FK del informe de renovación]]></commentInRDBMS>
<ownerDesignName>Modelo DB Renovacion Contrato v8</ownerDesignName>
<importedID>A759FD85-88EE-439E-B94F-9C5696773350</importedID>
<nullsAllowed>true</nullsAllowed>
<use>0</use>
<logicalDatatype>LOGDT019</logicalDatatype>
<domain>B9C62191-A27F-45B7-9152-E1AD7578BBF5</domain>
<ownDataTypeParameters>,,</ownDataTypeParameters>
<autoIncrementCycle>false</autoIncrementCycle>
<associations>
<colAssociation fkAssociation="EE5440B4-65CB-D90D-3173-A038AE97D81B" referredColumn="356FB5CF-0971-20CE-C542-D04AD07A70D0"/>
</associations>
</Column>
<Column name="ID_NOTIFICACION" id="046B31AB-2110-1027-D6D8-A999E1CB60D4">
<sourceDDLFile>Modelo DB Renovacion Contrato v5.sql</sourceDDLFile>
<createdBy>wmamani</createdBy>
<createdTime>2025-08-12 21:49:16 UTC</createdTime>
<commentInRDBMS><![CDATA[Codigo Notificacion]]></commentInRDBMS>
<ownerDesignName>Modelo DB Renovacion Contrato v8</ownerDesignName>
<importedID>4D8F6634-4595-DD2F-0C1E-C9133EECE1F0</importedID>
<use>0</use>
<logicalDatatype>LOGDT019</logicalDatatype>
<domain>C1C75A7D-C391-AD19-15E6-347D03C99463</domain>
<ownDataTypeParameters>,,</ownDataTypeParameters>
<autoIncrementCycle>false</autoIncrementCycle>
<associations>
<colAssociation fkAssociation="2665FFD9-B833-0366-DDEA-B6157680522B" referredColumn="98A63EF7-CAFF-2088-7494-B0E82948EE63"/>
</associations>
</Column>
<Column name="US_CREACION" id="455FEB9C-C260-FDBE-EB0C-4AF4DF9DED53">
<sourceDDLFile>Modelo DB Renovacion Contrato v5.sql</sourceDDLFile>
<createdBy>wmamani</createdBy>
<createdTime>2025-08-12 21:49:16 UTC</createdTime>
<commentInRDBMS><![CDATA[Usuario que ha creado el registro]]></commentInRDBMS>
<ownerDesignName>Modelo DB Renovacion Contrato v8</ownerDesignName>
<importedID>879B5D34-AF2C-E004-5C61-C7F9AEB8EE61</importedID>
<nullsAllowed>true</nullsAllowed>
<use>0</use>
<logicalDatatype>LOGDT024</logicalDatatype>
<domain>16020897-5692-18B0-AE8D-5AC04BCBA23D</domain>
<ownDataTypeParameters>,,</ownDataTypeParameters>
<autoIncrementCycle>false</autoIncrementCycle>
</Column>
<Column name="IP_CREACION" id="B9BB5934-C8E6-B140-8ED9-4826C2ED18EC">
<sourceDDLFile>Modelo DB Renovacion Contrato v5.sql</sourceDDLFile>
<createdBy>wmamani</createdBy>
<createdTime>2025-08-12 21:49:16 UTC</createdTime>
<commentInRDBMS><![CDATA[IP del equipo de donde se ha creado  el registro]]></commentInRDBMS>
<ownerDesignName>Modelo DB Renovacion Contrato v8</ownerDesignName>
<importedID>C0C0B901-9021-AA59-57BF-3210B024C17C</importedID>
<nullsAllowed>true</nullsAllowed>
<use>0</use>
<logicalDatatype>LOGDT024</logicalDatatype>
<domain>16020897-5692-18B0-AE8D-5AC04BCBA23D</domain>
<ownDataTypeParameters>,,</ownDataTypeParameters>
<autoIncrementCycle>false</autoIncrementCycle>
</Column>
<Column name="FE_CREACION" id="0F1FB9BE-7542-5977-6BF2-E10C16C135B8">
<sourceDDLFile>Modelo DB Renovacion Contrato v5.sql</sourceDDLFile>
<createdBy>wmamani</createdBy>
<createdTime>2025-08-12 21:49:16 UTC</createdTime>
<commentInRDBMS><![CDATA[Fecha de creación del registro]]></commentInRDBMS>
<ownerDesignName>Modelo DB Renovacion Contrato v8</ownerDesignName>
<importedID>D95F3B9E-EDD1-4C17-262E-F79E0C71FFAC</importedID>
<nullsAllowed>true</nullsAllowed>
<use>0</use>
<logicalDatatype>LOGDT007</logicalDatatype>
<domain>D0677703-A1D8-17E4-4BF6-42D788F55987</domain>
<ownDataTypeParameters>,,</ownDataTypeParameters>
<autoIncrementCycle>false</autoIncrementCycle>
</Column>
<Column name="US_ACTUALIZACION" id="96598257-5865-280B-708B-32F0BD90D066">
<sourceDDLFile>Modelo DB Renovacion Contrato v5.sql</sourceDDLFile>
<createdBy>wmamani</createdBy>
<createdTime>2025-08-12 21:49:16 UTC</createdTime>
<commentInRDBMS><![CDATA[Usuario que modificó el registro]]></commentInRDBMS>
<ownerDesignName>Modelo DB Renovacion Contrato v8</ownerDesignName>
<importedID>A74E05B8-D952-75BF-B327-4BFD69302EC5</importedID>
<nullsAllowed>true</nullsAllowed>
<use>0</use>
<logicalDatatype>LOGDT024</logicalDatatype>
<domain>16020897-5692-18B0-AE8D-5AC04BCBA23D</domain>
<ownDataTypeParameters>,,</ownDataTypeParameters>
<autoIncrementCycle>false</autoIncrementCycle>
</Column>
<Column name="IP_ACTUALIZACION" id="A3940BE8-7157-4F05-F3CD-0720D8D29FAE">
<sourceDDLFile>Modelo DB Renovacion Contrato v5.sql</sourceDDLFile>
<createdBy>wmamani</createdBy>
<createdTime>2025-08-12 21:49:16 UTC</createdTime>
<commentInRDBMS><![CDATA[IP del equipo de donde se ha modificado el registro]]></commentInRDBMS>
<ownerDesignName>Modelo DB Renovacion Contrato v8</ownerDesignName>
<importedID>9370E0C7-686F-2178-4222-0C58EE82DAD5</importedID>
<nullsAllowed>true</nullsAllowed>
<use>0</use>
<logicalDatatype>LOGDT024</logicalDatatype>
<domain>16020897-5692-18B0-AE8D-5AC04BCBA23D</domain>
<ownDataTypeParameters>,,</ownDataTypeParameters>
<autoIncrementCycle>false</autoIncrementCycle>
</Column>
<Column name="FE_ACTUALIZACION" id="31DB2C0A-FFD7-319B-3B4A-603CEF60F037">
<sourceDDLFile>Modelo DB Renovacion Contrato v5.sql</sourceDDLFile>
<createdBy>wmamani</createdBy>
<createdTime>2025-08-12 21:49:16 UTC</createdTime>
<commentInRDBMS><![CDATA[Fecha en que se ha actualizado el registro]]></commentInRDBMS>
<ownerDesignName>Modelo DB Renovacion Contrato v8</ownerDesignName>
<importedID>AC7DF8E0-DE39-79C9-A17F-8ABC0BE3C904</importedID>
<nullsAllowed>true</nullsAllowed>
<use>0</use>
<logicalDatatype>LOGDT007</logicalDatatype>
<domain>D0677703-A1D8-17E4-4BF6-42D788F55987</domain>
<ownDataTypeParameters>,,</ownDataTypeParameters>
<autoIncrementCycle>false</autoIncrementCycle>
</Column>
<Column name="FE_ASIGNACION" id="DFD2CF65-E66E-E944-7893-C0113CD28D58">
<sourceDDLFile>Modelo DB Renovacion Contrato v5.sql</sourceDDLFile>
<createdBy>wmamani</createdBy>
<createdTime>2025-08-12 21:49:16 UTC</createdTime>
<commentInRDBMS><![CDATA[Fecha de asignación]]></commentInRDBMS>
<ownerDesignName>Modelo DB Renovacion Contrato v8</ownerDesignName>
<importedID>4F5B4A8B-FBFC-40AD-8946-9DD01A1CEC84</importedID>
<nullsAllowed>true</nullsAllowed>
<use>0</use>
<logicalDatatype>LOGDT007</logicalDatatype>
<domain>D0677703-A1D8-17E4-4BF6-42D788F55987</domain>
<ownDataTypeParameters>,,</ownDataTypeParameters>
<autoIncrementCycle>false</autoIncrementCycle>
</Column>
<Column name="ID_TIPO_APROBADOR_LD" id="AAD5DB8A-2085-B947-ED80-017589D0106F">
<sourceDDLFile>Modelo DB Renovacion Contrato v5.sql</sourceDDLFile>
<createdBy>wmamani</createdBy>
<createdTime>2025-08-12 21:49:16 UTC</createdTime>
<commentInRDBMS><![CDATA[Foranea de la tabla SICOES_TM_LISTADO_DETALLE que contiene el tipo aprobador. Por ejemplo: 544 - Aprobador Técnico]]></commentInRDBMS>
<ownerDesignName>Modelo DB Renovacion Contrato v8</ownerDesignName>
<importedID>3A8479C4-2D3B-D384-B977-55AD1C044B5F</importedID>
<nullsAllowed>true</nullsAllowed>
<use>0</use>
<logicalDatatype>LOGDT019</logicalDatatype>
<domain>C3426F3C-B128-3714-8DE4-E0BFB7888315</domain>
<ownDataTypeParameters>,,</ownDataTypeParameters>
<autoIncrementCycle>false</autoIncrementCycle>
</Column>
<Column name="ID_GRUPO_APROBADOR_LD" id="AD2A8289-C0C1-16D0-FD04-26DAEDED8838">
<sourceDDLFile>Modelo DB Renovacion Contrato v5.sql</sourceDDLFile>
<createdBy>wmamani</createdBy>
<createdTime>2025-08-12 21:49:16 UTC</createdTime>
<commentInRDBMS><![CDATA[Foranea de la tabla SICOES_TM_LISTADO_DETALLE que contiene el grupo aprobador. Por ejemplo: 954:Jefe de Unidad, 955: Gerente, 956: GPPM, 957:GSE]]></commentInRDBMS>
<ownerDesignName>Modelo DB Renovacion Contrato v8</ownerDesignName>
<importedID>08171310-B3CE-1B8E-2A61-5ECACF48BA68</importedID>
<nullsAllowed>true</nullsAllowed>
<use>0</use>
<logicalDatatype>LOGDT019</logicalDatatype>
<domain>C3426F3C-B128-3714-8DE4-E0BFB7888315</domain>
<ownDataTypeParameters>,,</ownDataTypeParameters>
<autoIncrementCycle>false</autoIncrementCycle>
</Column>
</columns>
<indexes itemClass="oracle.dbtools.crest.model.design.relational.Index">
<ind_PK_UK id="4124E5B2-89EA-F2EE-8D08-A4B4246BB29B" name="SICOES_TC_REQ_APROBACION_PK">
<sourceDDLFile>Modelo DB Renovacion Contrato v5.sql</sourceDDLFile>
<createdBy>wmamani</createdBy>
<createdTime>2025-08-12 21:49:16 UTC</createdTime>
<ownerDesignName>Modelo DB Renovacion Contrato v8</ownerDesignName>
<importedID>0A86A419-D806-1779-9794-CCA8DDC9AD0D</importedID>
<pk>true</pk>
<indexState>Primary Constraint</indexState>
<isSurrogateKey>false</isSurrogateKey>
<indexColumnUsage>
<colUsage columnID="AC91EC16-D35F-221C-85ED-971F1C81F53E"/>
</indexColumnUsage>
</ind_PK_UK>
<ind_PK_UK id="F73FAF1B-3611-7AF2-0027-F76BDACBA9CF" name="SICOES_TC_APROB_TR_NOTIFICACION_FK">
<createdBy>wmamani</createdBy>
<createdTime>2025-08-12 21:49:16 UTC</createdTime>
<ownerDesignName>Modelo DB Renovacion Contrato v8</ownerDesignName>
<indexState>Foreign Key</indexState>
<isSurrogateKey>false</isSurrogateKey>
<indexColumnUsage>
<colUsage columnID="046B31AB-2110-1027-D6D8-A999E1CB60D4"/>
</indexColumnUsage>
</ind_PK_UK>
<ind_PK_UK id="04D4A310-C79D-45ED-C87C-7148E21AC458" name="FK_REQ_APRO_INF_RENOVACION_02">
<createdBy>wmamani</createdBy>
<createdTime>2025-08-12 21:49:16 UTC</createdTime>
<ownerDesignName>Modelo DB Renovacion Contrato v8</ownerDesignName>
<indexState>Foreign Key</indexState>
<isSurrogateKey>false</isSurrogateKey>
<indexColumnUsage>
<colUsage columnID="81A1422D-3E29-D394-5FAE-036CE460E4EA"/>
</indexColumnUsage>
</ind_PK_UK>
</indexes>
</Table>