<?xml version = '1.0' encoding = 'UTF-8'?>
<Table class="oracle.dbtools.crest.model.design.relational.Table" directorySegmentName="seg_0" id="B828DFD1-0462-30F4-B725-FBA57A1EC2C1" name="SICOES_TD_INFORME_RENOVACION">
<sourceDDLFile>Modelo DB Renovacion Contrato v5.sql</sourceDDLFile>
<createdBy>wmamani</createdBy>
<createdTime>2025-08-12 21:49:16 UTC</createdTime>
<ownerDesignName>Modelo DB Renovacion Contrato v8</ownerDesignName>
<importedID>F5AC9603-2F46-03E3-15B1-D5D062E95DC2</importedID>
<allowColumnReorder>false</allowColumnReorder>
<existDependencyGenerateInDDl>true</existDependencyGenerateInDDl>
<parsed>true</parsed>
<columns itemClass="oracle.dbtools.crest.model.design.relational.Column">
<Column name="ID_INFORME_RENOVACION" id="356FB5CF-0971-20CE-C542-D04AD07A70D0">
<sourceDDLFile>Modelo DB Renovacion Contrato v5.sql</sourceDDLFile>
<createdBy>wmamani</createdBy>
<createdTime>2025-08-12 21:49:16 UTC</createdTime>
<commentInRDBMS><![CDATA[Identificador del Informe de Renovación]]></commentInRDBMS>
<ownerDesignName>Modelo DB Renovacion Contrato v8</ownerDesignName>
<importedID>CCAD641A-6258-3D96-2AE5-E2C7FAD01926</importedID>
<use>0</use>
<logicalDatatype>LOGDT019</logicalDatatype>
<domain>B9C62191-A27F-45B7-9152-E1AD7578BBF5</domain>
<ownDataTypeParameters>,,</ownDataTypeParameters>
<autoIncrementCycle>false</autoIncrementCycle>
</Column>
<Column name="ID_USUARIO" id="2CF71966-9A90-6F36-3A76-36C8119BF4B5">
<sourceDDLFile>Modelo DB Renovacion Contrato v5.sql</sourceDDLFile>
<createdBy>wmamani</createdBy>
<createdTime>2025-08-12 21:49:16 UTC</createdTime>
<commentInRDBMS><![CDATA[FK del usuario que genera el informe]]></commentInRDBMS>
<ownerDesignName>Modelo DB Renovacion Contrato v8</ownerDesignName>
<importedID>BFFAA02F-B551-91AA-EC5D-4150BAE055BE</importedID>
<nullsAllowed>true</nullsAllowed>
<use>0</use>
<logicalDatatype>LOGDT019</logicalDatatype>
<domain>C1C75A7D-C391-AD19-15E6-347D03C99463</domain>
<ownDataTypeParameters>,,</ownDataTypeParameters>
<autoIncrementCycle>false</autoIncrementCycle>
<associations>
<colAssociation fkAssociation="D88105EC-719B-6931-1E09-92AC71562F30" referredColumn="29C60833-A1FC-5903-F9C7-8BCD47D63ADA"/>
</associations>
</Column>
<Column name="ID_NOTIFICACION" id="6D70E50F-40D3-FACB-643C-EB8A7A42AD37">
<sourceDDLFile>Modelo DB Renovacion Contrato v5.sql</sourceDDLFile>
<createdBy>wmamani</createdBy>
<createdTime>2025-08-12 21:49:16 UTC</createdTime>
<commentInRDBMS><![CDATA[FK de la notificación asociada a la creación del informe]]></commentInRDBMS>
<ownerDesignName>Modelo DB Renovacion Contrato v8</ownerDesignName>
<importedID>1D2B4FAF-AAEE-9D7F-C663-A0D6A0F97305</importedID>
<nullsAllowed>true</nullsAllowed>
<use>0</use>
<logicalDatatype>LOGDT019</logicalDatatype>
<domain>C1C75A7D-C391-AD19-15E6-347D03C99463</domain>
<ownDataTypeParameters>,,</ownDataTypeParameters>
<autoIncrementCycle>false</autoIncrementCycle>
<associations>
<colAssociation fkAssociation="F2CEE556-F237-6569-84ED-B0835BFBB7D5" referredColumn="98A63EF7-CAFF-2088-7494-B0E82948EE63"/>
</associations>
</Column>
<Column name="ID_REQUERIMIENTO" id="426110D9-1005-77D3-0C85-517DE5AE3BAD">
<sourceDDLFile>Modelo DB Renovacion Contrato v5.sql</sourceDDLFile>
<createdBy>wmamani</createdBy>
<createdTime>2025-08-12 21:49:16 UTC</createdTime>
<commentInRDBMS><![CDATA[FK del Requerimiento de Renovación]]></commentInRDBMS>
<ownerDesignName>Modelo DB Renovacion Contrato v8</ownerDesignName>
<importedID>EB04A6DC-7C19-E2C1-050D-E162759701DA</importedID>
<use>0</use>
<logicalDatatype>LOGDT019</logicalDatatype>
<domain>B9C62191-A27F-45B7-9152-E1AD7578BBF5</domain>
<ownDataTypeParameters>,,</ownDataTypeParameters>
<autoIncrementCycle>false</autoIncrementCycle>
<associations>
<colAssociation fkAssociation="EE97E6CE-4E8E-0DE5-4065-61579A5BCFD9" referredColumn="1BF13B97-7272-EF24-E341-41F459D7C2F6"/>
</associations>
</Column>
<Column name="DE_OBJETO" id="788CEDA6-1BED-A82C-DF4F-32D43D5D5370">
<sourceDDLFile>Modelo DB Renovacion Contrato v5.sql</sourceDDLFile>
<createdBy>wmamani</createdBy>
<createdTime>2025-08-12 21:49:16 UTC</createdTime>
<commentInRDBMS><![CDATA[Descripción del Objeto del Informe]]></commentInRDBMS>
<ownerDesignName>Modelo DB Renovacion Contrato v8</ownerDesignName>
<importedID>6F23E21C-5456-DA5D-FF94-3792A459B673</importedID>
<nullsAllowed>true</nullsAllowed>
<use>0</use>
<logicalDatatype>LOGDT028</logicalDatatype>
<domain>46CF25D4-1F0E-1D4F-CDD3-1687408E816D</domain>
<ownDataTypeParameters>,,</ownDataTypeParameters>
<autoIncrementCycle>false</autoIncrementCycle>
</Column>
<Column name="DE_BASE_LEGAL" id="5829B13F-8998-CA84-8834-C6C1F7FE7ED6">
<sourceDDLFile>Modelo DB Renovacion Contrato v5.sql</sourceDDLFile>
<createdBy>wmamani</createdBy>
<createdTime>2025-08-12 21:49:16 UTC</createdTime>
<commentInRDBMS><![CDATA[Descripción de la base legal  del Informe]]></commentInRDBMS>
<ownerDesignName>Modelo DB Renovacion Contrato v8</ownerDesignName>
<importedID>D01D4F85-E651-2578-4757-F83A97667268</importedID>
<nullsAllowed>true</nullsAllowed>
<use>0</use>
<logicalDatatype>LOGDT028</logicalDatatype>
<domain>46CF25D4-1F0E-1D4F-CDD3-1687408E816D</domain>
<ownDataTypeParameters>,,</ownDataTypeParameters>
<autoIncrementCycle>false</autoIncrementCycle>
</Column>
<Column name="DE_ANTECEDENTES" id="48D0A8F8-33B0-BD4B-3D86-431F8A25A1AC">
<sourceDDLFile>Modelo DB Renovacion Contrato v5.sql</sourceDDLFile>
<createdBy>wmamani</createdBy>
<createdTime>2025-08-12 21:49:16 UTC</createdTime>
<commentInRDBMS><![CDATA[Descripción de los antecedentes considerados en el IInforme]]></commentInRDBMS>
<ownerDesignName>Modelo DB Renovacion Contrato v8</ownerDesignName>
<importedID>2BDB1D9D-95F7-09E2-64AA-87D61CF6867D</importedID>
<nullsAllowed>true</nullsAllowed>
<use>0</use>
<logicalDatatype>LOGDT028</logicalDatatype>
<domain>46CF25D4-1F0E-1D4F-CDD3-1687408E816D</domain>
<ownDataTypeParameters>,,</ownDataTypeParameters>
<autoIncrementCycle>false</autoIncrementCycle>
</Column>
<Column name="DE_JUSTIFICACION" id="0E4DBEC8-B76C-52C1-09BF-5678600A7443">
<sourceDDLFile>Modelo DB Renovacion Contrato v5.sql</sourceDDLFile>
<createdBy>wmamani</createdBy>
<createdTime>2025-08-12 21:49:16 UTC</createdTime>
<commentInRDBMS><![CDATA[Descripción de la justificación  del Informe]]></commentInRDBMS>
<ownerDesignName>Modelo DB Renovacion Contrato v8</ownerDesignName>
<importedID>F33E0B5E-1E5D-FA68-1F57-7B45F697140C</importedID>
<nullsAllowed>true</nullsAllowed>
<use>0</use>
<logicalDatatype>LOGDT028</logicalDatatype>
<domain>46CF25D4-1F0E-1D4F-CDD3-1687408E816D</domain>
<ownDataTypeParameters>,,</ownDataTypeParameters>
<autoIncrementCycle>false</autoIncrementCycle>
</Column>
<Column name="DE_NECESIDAD" id="18110006-97AE-01B0-42B4-D9ADE14714DF">
<sourceDDLFile>Modelo DB Renovacion Contrato v5.sql</sourceDDLFile>
<createdBy>wmamani</createdBy>
<createdTime>2025-08-12 21:49:16 UTC</createdTime>
<commentInRDBMS><![CDATA[Descripción de la necesidad  del Informe]]></commentInRDBMS>
<ownerDesignName>Modelo DB Renovacion Contrato v8</ownerDesignName>
<importedID>72CBC0E0-78B3-6271-1B02-B6AE430ADFD9</importedID>
<nullsAllowed>true</nullsAllowed>
<use>0</use>
<logicalDatatype>LOGDT028</logicalDatatype>
<domain>46CF25D4-1F0E-1D4F-CDD3-1687408E816D</domain>
<ownDataTypeParameters>,,</ownDataTypeParameters>
<autoIncrementCycle>false</autoIncrementCycle>
</Column>
<Column name="DE_CONCLUSIONES" id="2291BD78-AA96-7137-34B3-E70A366E19A8">
<sourceDDLFile>Modelo DB Renovacion Contrato v5.sql</sourceDDLFile>
<createdBy>wmamani</createdBy>
<createdTime>2025-08-12 21:49:16 UTC</createdTime>
<commentInRDBMS><![CDATA[Descripción de las conclusiones  del Informe]]></commentInRDBMS>
<ownerDesignName>Modelo DB Renovacion Contrato v8</ownerDesignName>
<importedID>E0523E27-B5BE-3381-38D7-E192BBA57EC5</importedID>
<nullsAllowed>true</nullsAllowed>
<use>0</use>
<logicalDatatype>LOGDT028</logicalDatatype>
<domain>46CF25D4-1F0E-1D4F-CDD3-1687408E816D</domain>
<ownDataTypeParameters>,,</ownDataTypeParameters>
<autoIncrementCycle>false</autoIncrementCycle>
</Column>
<Column name="ES_COMPLETADO" id="65899082-53E8-5958-B45B-C8A9E54E9513">
<createdBy>ggarcia</createdBy>
<createdTime>2025-08-13 21:18:15 UTC</createdTime>
<commentInRDBMS><![CDATA[1:Completo 0:Incompleto]]></commentInRDBMS>
<ownerDesignName>Modelo DB Renovacion Contrato v8</ownerDesignName>
<use>0</use>
<logicalDatatype>LOGDT019</logicalDatatype>
<domain>56A73D34-CE67-86B0-2481-A63B0358E468</domain>
<ownDataTypeParameters>,,</ownDataTypeParameters>
<autoIncrementCycle>false</autoIncrementCycle>
</Column>
<Column name="ES_VIGENTE" id="32869F1D-8A14-B685-CB2E-A6BA57A444EB">
<sourceDDLFile>Modelo DB Renovacion Contrato v5.sql</sourceDDLFile>
<createdBy>wmamani</createdBy>
<createdTime>2025-08-12 21:49:16 UTC</createdTime>
<commentInRDBMS><![CDATA[Estado del Informe 1: Activo 0: Desactivo]]></commentInRDBMS>
<ownerDesignName>Modelo DB Renovacion Contrato v8</ownerDesignName>
<importedID>2BC54078-0CB1-78DE-6DB6-7D04456AA522</importedID>
<use>0</use>
<logicalDatatype>LOGDT019</logicalDatatype>
<domain>56A73D34-CE67-86B0-2481-A63B0358E468</domain>
<ownDataTypeParameters>,,</ownDataTypeParameters>
<autoIncrementCycle>false</autoIncrementCycle>
</Column>
<Column name="ES_APROBACION_INFORME" id="B5F11743-9EC5-875D-E7D1-6DB60C7FD0EF">
<createdBy>ggarcia</createdBy>
<createdTime>2025-08-14 23:48:22 UTC</createdTime>
<commentInRDBMS><![CDATA[Estado de aprobación del informe de acuerdo a la tabla listado detalle]]></commentInRDBMS>
<ownerDesignName>Modelo DB Renovacion Contrato v8</ownerDesignName>
<use>0</use>
<logicalDatatype>LOGDT019</logicalDatatype>
<domain>C1C75A7D-C391-AD19-15E6-347D03C99463</domain>
<ownDataTypeParameters>,,</ownDataTypeParameters>
<previousColumn>false</previousColumn>
<autoIncrementCycle>false</autoIncrementCycle>
<associations>
<colAssociation fkAssociation="CF9477AF-B1F6-0F56-0D7F-955E14FB4690" referredColumn="C8D0F15A-E1FC-6471-D91B-4237F5B41DA9"/>
</associations>
</Column>
<Column name="DE_UUID_INFO_RENOVACION" id="362ED0E0-5B72-ABFF-3C62-BD3477DE874C">
<sourceDDLFile>Modelo DB Renovacion Contrato v5.sql</sourceDDLFile>
<createdBy>wmamani</createdBy>
<createdTime>2025-08-12 21:49:16 UTC</createdTime>
<commentInRDBMS><![CDATA[Identificador único del Informe de Renovación en el repositorio de archivo]]></commentInRDBMS>
<ownerDesignName>Modelo DB Renovacion Contrato v8</ownerDesignName>
<importedID>F2FFAD81-A6B8-F315-86CE-1A0E63CDDB42</importedID>
<useDomainConstraints>false</useDomainConstraints>
<use>1</use>
<logicalDatatype>LOGDT025</logicalDatatype>
<dataTypeSize>36</dataTypeSize>
<ownDataTypeParameters>36,,</ownDataTypeParameters>
<autoIncrementCycle>false</autoIncrementCycle>
</Column>
<Column name="DE_NOMBRE_ARCHIVO" id="671348AC-0671-DB71-9120-053A8D0A17D9">
<sourceDDLFile>Modelo DB Renovacion Contrato v5.sql</sourceDDLFile>
<createdBy>wmamani</createdBy>
<createdTime>2025-08-12 21:49:16 UTC</createdTime>
<commentInRDBMS><![CDATA[Nombre del archivo del informe de renovación]]></commentInRDBMS>
<ownerDesignName>Modelo DB Renovacion Contrato v8</ownerDesignName>
<importedID>6B12ECBF-226F-FE21-99A6-F1D2EC13ACC7</importedID>
<nullsAllowed>true</nullsAllowed>
<use>0</use>
<logicalDatatype>LOGDT024</logicalDatatype>
<domain>1BBB401B-6A26-EF2F-D531-E56EE7B804A5</domain>
<ownDataTypeParameters>,,</ownDataTypeParameters>
<autoIncrementCycle>false</autoIncrementCycle>
</Column>
<Column name="DE_RUTA_ARCHIVO" id="E6A78C92-E971-3200-6816-482FC2AB1CD6">
<sourceDDLFile>Modelo DB Renovacion Contrato v5.sql</sourceDDLFile>
<createdBy>wmamani</createdBy>
<createdTime>2025-08-12 21:49:16 UTC</createdTime>
<commentInRDBMS><![CDATA[Ruta donde se deposita el archivo del informe]]></commentInRDBMS>
<ownerDesignName>Modelo DB Renovacion Contrato v8</ownerDesignName>
<importedID>A23C2D07-7A6C-21ED-DB47-6E9108E60FE6</importedID>
<nullsAllowed>true</nullsAllowed>
<use>0</use>
<logicalDatatype>LOGDT024</logicalDatatype>
<domain>1BBB401B-6A26-EF2F-D531-E56EE7B804A5</domain>
<ownDataTypeParameters>,,</ownDataTypeParameters>
<autoIncrementCycle>false</autoIncrementCycle>
</Column>
<Column name="US_CREACION" id="9027B4B8-BD97-F485-8E28-49F82A3D6883">
<sourceDDLFile>Modelo DB Renovacion Contrato v5.sql</sourceDDLFile>
<createdBy>wmamani</createdBy>
<createdTime>2025-08-12 21:49:16 UTC</createdTime>
<commentInRDBMS><![CDATA[Usuario que ha creado el registro]]></commentInRDBMS>
<ownerDesignName>Modelo DB Renovacion Contrato v8</ownerDesignName>
<importedID>DE616F76-3083-4DE6-27A0-70D2D321FC0D</importedID>
<use>0</use>
<logicalDatatype>LOGDT024</logicalDatatype>
<domain>86E52BEF-9834-7386-2960-5741452E833E</domain>
<ownDataTypeParameters>,,</ownDataTypeParameters>
<autoIncrementCycle>false</autoIncrementCycle>
</Column>
<Column name="IP_CREACION" id="0A85FF92-8BE8-40C7-4F6F-41ABFF5A45F5">
<sourceDDLFile>Modelo DB Renovacion Contrato v5.sql</sourceDDLFile>
<createdBy>wmamani</createdBy>
<createdTime>2025-08-12 21:49:16 UTC</createdTime>
<commentInRDBMS><![CDATA[IP del equipo de donde se ha creado  el registro]]></commentInRDBMS>
<ownerDesignName>Modelo DB Renovacion Contrato v8</ownerDesignName>
<importedID>A909A6BF-E95B-FA7B-AA9F-69CD7FEE3E3B</importedID>
<use>0</use>
<logicalDatatype>LOGDT024</logicalDatatype>
<domain>86E52BEF-9834-7386-2960-5741452E833E</domain>
<ownDataTypeParameters>,,</ownDataTypeParameters>
<autoIncrementCycle>false</autoIncrementCycle>
</Column>
<Column name="FE_CREACION" id="A8DBE54E-F419-0AFC-AE82-7B4EBE42354E">
<sourceDDLFile>Modelo DB Renovacion Contrato v5.sql</sourceDDLFile>
<createdBy>wmamani</createdBy>
<createdTime>2025-08-12 21:49:16 UTC</createdTime>
<commentInRDBMS><![CDATA[Fecha de creación del registro]]></commentInRDBMS>
<ownerDesignName>Modelo DB Renovacion Contrato v8</ownerDesignName>
<importedID>E1069035-68CE-C3ED-344E-AD811DA42A5D</importedID>
<use>0</use>
<logicalDatatype>LOGDT007</logicalDatatype>
<domain>D0677703-A1D8-17E4-4BF6-42D788F55987</domain>
<defaultValue>SYSDATE</defaultValue>
<ownDataTypeParameters>,,</ownDataTypeParameters>
<autoIncrementCycle>false</autoIncrementCycle>
</Column>
<Column name="US_ACTUALIZACION" id="16F22AF8-0028-618D-5E0B-5BE0CDDCF66C">
<sourceDDLFile>Modelo DB Renovacion Contrato v5.sql</sourceDDLFile>
<createdBy>wmamani</createdBy>
<createdTime>2025-08-12 21:49:16 UTC</createdTime>
<commentInRDBMS><![CDATA[Usuario que modificó el registro]]></commentInRDBMS>
<ownerDesignName>Modelo DB Renovacion Contrato v8</ownerDesignName>
<importedID>72734711-22B0-0CD7-A3AE-500B85A13DEB</importedID>
<nullsAllowed>true</nullsAllowed>
<use>0</use>
<logicalDatatype>LOGDT024</logicalDatatype>
<domain>86E52BEF-9834-7386-2960-5741452E833E</domain>
<ownDataTypeParameters>,,</ownDataTypeParameters>
<autoIncrementCycle>false</autoIncrementCycle>
</Column>
<Column name="IP_ACTUALIZACION" id="FA1B0984-EC99-7503-3EFB-3B23F60B34E8">
<sourceDDLFile>Modelo DB Renovacion Contrato v5.sql</sourceDDLFile>
<createdBy>wmamani</createdBy>
<createdTime>2025-08-12 21:49:16 UTC</createdTime>
<commentInRDBMS><![CDATA[IP del equipo de donde se ha modificado el registro]]></commentInRDBMS>
<ownerDesignName>Modelo DB Renovacion Contrato v8</ownerDesignName>
<importedID>7F65B100-B705-894F-EF28-9C3CBFC9346B</importedID>
<nullsAllowed>true</nullsAllowed>
<use>0</use>
<logicalDatatype>LOGDT024</logicalDatatype>
<domain>86E52BEF-9834-7386-2960-5741452E833E</domain>
<ownDataTypeParameters>,,</ownDataTypeParameters>
<autoIncrementCycle>false</autoIncrementCycle>
</Column>
<Column name="FE_ACTUALIZACION" id="F6127998-1ADF-78BD-A2EC-CCAE8980B26D">
<sourceDDLFile>Modelo DB Renovacion Contrato v5.sql</sourceDDLFile>
<createdBy>wmamani</createdBy>
<createdTime>2025-08-12 21:49:16 UTC</createdTime>
<commentInRDBMS><![CDATA[Fecha en que se ha actualizado el registro]]></commentInRDBMS>
<ownerDesignName>Modelo DB Renovacion Contrato v8</ownerDesignName>
<importedID>63EFF056-2A5A-457D-8DEC-3196AD294F36</importedID>
<nullsAllowed>true</nullsAllowed>
<use>0</use>
<logicalDatatype>LOGDT007</logicalDatatype>
<domain>D0677703-A1D8-17E4-4BF6-42D788F55987</domain>
<ownDataTypeParameters>,,</ownDataTypeParameters>
<autoIncrementCycle>false</autoIncrementCycle>
</Column>
<Column name="ES_REGISTRO" id="82FC7D63-A4CD-57A1-2E91-111C9247F026">
<createdBy>wmamani</createdBy>
<createdTime>2025-08-12 22:14:36 UTC</createdTime>
<commentInRDBMS><![CDATA[Estado del registro 1: Activo 0:Inactivo]]></commentInRDBMS>
<ownerDesignName>Modelo DB Renovacion Contrato v8</ownerDesignName>
<nullsAllowed>true</nullsAllowed>
<useDomainConstraints>false</useDomainConstraints>
<use>1</use>
<logicalDatatype>LOGDT025</logicalDatatype>
<dataTypeSize>1</dataTypeSize>
<ownDataTypeParameters>1,,</ownDataTypeParameters>
<autoIncrementCycle>false</autoIncrementCycle>
</Column>
</columns>
<indexes itemClass="oracle.dbtools.crest.model.design.relational.Index">
<ind_PK_UK id="4270B96F-D3CF-1B64-C87B-6ACB4BE501AD" name="SICOES_TD_INFORME_RENOVACION_PK">
<sourceDDLFile>Modelo DB Renovacion Contrato v5.sql</sourceDDLFile>
<createdBy>wmamani</createdBy>
<createdTime>2025-08-12 21:49:16 UTC</createdTime>
<ownerDesignName>Modelo DB Renovacion Contrato v8</ownerDesignName>
<importedID>1FC8866F-2AB0-BCCD-48A6-7FB1112ED0F0</importedID>
<pk>true</pk>
<indexState>Primary Constraint</indexState>
<isSurrogateKey>false</isSurrogateKey>
<indexColumnUsage>
<colUsage columnID="356FB5CF-0971-20CE-C542-D04AD07A70D0"/>
</indexColumnUsage>
</ind_PK_UK>
<ind_PK_UK id="54D02B52-7E92-6573-75B9-1545DAA760F4" name="SICOES_TX_SICOES_TM_USUARIO_FK">
<createdBy>wmamani</createdBy>
<createdTime>2025-08-12 21:49:16 UTC</createdTime>
<ownerDesignName>Modelo DB Renovacion Contrato v8</ownerDesignName>
<indexState>Foreign Key</indexState>
<isSurrogateKey>false</isSurrogateKey>
<indexColumnUsage>
<colUsage columnID="2CF71966-9A90-6F36-3A76-36C8119BF4B5"/>
</indexColumnUsage>
</ind_PK_UK>
<ind_PK_UK id="0045F9E3-FB67-191F-6449-4620FBBE66A6" name="FK_INFORME_REQUERIMIENTO">
<createdBy>wmamani</createdBy>
<createdTime>2025-08-12 21:49:16 UTC</createdTime>
<ownerDesignName>Modelo DB Renovacion Contrato v8</ownerDesignName>
<indexState>Foreign Key</indexState>
<isSurrogateKey>false</isSurrogateKey>
<indexColumnUsage>
<colUsage columnID="426110D9-1005-77D3-0C85-517DE5AE3BAD"/>
</indexColumnUsage>
</ind_PK_UK>
<ind_PK_UK id="49D366C6-12A6-E6BE-A412-F0F4E48DAF1D" name="SICOES_INFO_TR_NOTIFICACION_FK">
<createdBy>wmamani</createdBy>
<createdTime>2025-08-12 21:49:16 UTC</createdTime>
<ownerDesignName>Modelo DB Renovacion Contrato v8</ownerDesignName>
<indexState>Foreign Key</indexState>
<isSurrogateKey>false</isSurrogateKey>
<indexColumnUsage>
<colUsage columnID="6D70E50F-40D3-FACB-643C-EB8A7A42AD37"/>
</indexColumnUsage>
</ind_PK_UK>
<ind_PK_UK id="EE202392-A4E8-968C-32C8-8EB08FCAAF81" name="SICOES_APROBACION_INFORME_FK">
<createdBy>ggarcia</createdBy>
<createdTime>2025-08-14 23:48:22 UTC</createdTime>
<ownerDesignName>Modelo DB Renovacion Contrato v8</ownerDesignName>
<indexState>Foreign Key</indexState>
<isSurrogateKey>false</isSurrogateKey>
<indexColumnUsage>
<colUsage columnID="B5F11743-9EC5-875D-E7D1-6DB60C7FD0EF"/>
</indexColumnUsage>
</ind_PK_UK>
</indexes>
</Table>