<?xml version = '1.0' encoding = 'UTF-8'?>
<Diagram class="oracle.dbtools.crest.swingui.relational.DPVRelational" name="Relational_1" id="EF4B40DF-4522-79C9-FDCD-E164D76C73AD">
<createdBy>wmamani</createdBy>
<modifiedBy>wmamani</modifiedBy>
<createdTime>2025-08-12 21:49:15 UTC</createdTime>
<autoRoute>false</autoRoute>
<boxInbox>true</boxInbox>
<showLegend>false</showLegend>
<showLabels>false</showLabels>
<showRelAttributes>false</showRelAttributes>
<gridEnabled>false</gridEnabled>
<showGrid>false</showGrid>
<diagramColor>-1</diagramColor>
<display>false</display>
<notation>1</notation>
<objectViews>
<OView class="oracle.dbtools.crest.swingui.relational.TVTable" oid="07608961-840A-F583-DE3C-1216E9C8A2A3" otype="Table" vid="22B915F6-E26D-4695-52B5-C8240DACB45E">
<hideElementsInCurrentOnly>false</hideElementsInCurrentOnly>
<bounds x="214" y="1833" width="295" height="570"/>
<useDefaultColor>false</useDefaultColor>
<backgroundColor>-3342388</backgroundColor>
<foregroundColor>-16776961</foregroundColor>
</OView>
<OView class="oracle.dbtools.crest.swingui.relational.TVTable" oid="18056DC7-50AA-C935-8CB6-C9B8CE570895" otype="Table" vid="DD4BCCBA-BF2B-153D-F1F2-FA643D29A697">
<hideElementsInCurrentOnly>false</hideElementsInCurrentOnly>
<bounds x="854" y="1518" width="319" height="354"/>
<useDefaultColor>false</useDefaultColor>
<backgroundColor>-3342388</backgroundColor>
<foregroundColor>-16776961</foregroundColor>
</OView>
<OView class="oracle.dbtools.crest.swingui.relational.TVTable" oid="19BE70AB-0EF8-21C0-8223-01DEF42A0F5D" otype="Table" vid="2407BF4C-FA4B-340A-1F80-9707C4A8805F">
<hideElementsInCurrentOnly>false</hideElementsInCurrentOnly>
<bounds x="1353" y="981" width="436" height="418"/>
</OView>
<OView class="oracle.dbtools.crest.swingui.relational.TVTable" oid="1FDE384F-8574-4527-35E4-1D5F6EB86935" otype="Table" vid="EEDB688B-31E2-5C45-4C9A-835878E09854">
<hideElementsInCurrentOnly>false</hideElementsInCurrentOnly>
<bounds x="1298" y="2242" width="286" height="327"/>
<useDefaultColor>false</useDefaultColor>
<backgroundColor>-3342388</backgroundColor>
<foregroundColor>-16776961</foregroundColor>
</OView>
<OView class="oracle.dbtools.crest.swingui.relational.TVTable" oid="2C6D623F-9A7C-FDE6-5B6A-4386B0AB472D" otype="Table" vid="D7FBB9AB-D3BF-BFFF-0237-26E7D41A8649">
<hideElementsInCurrentOnly>false</hideElementsInCurrentOnly>
<bounds x="992" y="70" width="359" height="375"/>
<useDefaultColor>false</useDefaultColor>
<backgroundColor>-3342388</backgroundColor>
<foregroundColor>-16776961</foregroundColor>
</OView>
<OView class="oracle.dbtools.crest.swingui.relational.TVTable" oid="31E6CB57-D081-AE3B-3620-54785475A9ED" otype="Table" vid="902826D3-F274-5469-5A9F-4A2174D4386C">
<hideElementsInCurrentOnly>false</hideElementsInCurrentOnly>
<bounds x="1635" y="1931" width="383" height="218"/>
</OView>
<OView class="oracle.dbtools.crest.swingui.relational.TVTable" oid="35A6DFC2-7CB7-7A48-8BF3-B96E8508287B" otype="Table" vid="48D2FAEF-87D2-E6E3-F645-ACA2D83C714E">
<hideElementsInCurrentOnly>false</hideElementsInCurrentOnly>
<bounds x="1400" y="1455" width="361" height="390"/>
<useDefaultColor>false</useDefaultColor>
<backgroundColor>-3342337</backgroundColor>
<foregroundColor>-16776961</foregroundColor>
</OView>
<OView class="oracle.dbtools.crest.swingui.relational.TVTable" oid="4141D512-1600-CA3A-CB78-D9C9A6041A9E" otype="Table" vid="315F72BC-0B41-783B-FF61-E9B5CEAA091E">
<hideElementsInCurrentOnly>false</hideElementsInCurrentOnly>
<bounds x="1932" y="1453" width="291" height="214"/>
<useDefaultColor>false</useDefaultColor>
<backgroundColor>-3342388</backgroundColor>
<foregroundColor>-16776961</foregroundColor>
</OView>
<OView class="oracle.dbtools.crest.swingui.relational.TVTable" oid="4772BB62-FFB5-5B19-1E6D-F3D9535E65E3" otype="Table" vid="6C153C6F-00F9-0901-D6FF-581DF87F30A7">
<hideElementsInCurrentOnly>false</hideElementsInCurrentOnly>
<bounds x="2159" y="237" width="293" height="221"/>
<useDefaultColor>false</useDefaultColor>
<backgroundColor>-3342388</backgroundColor>
<foregroundColor>-16776961</foregroundColor>
</OView>
<OView class="oracle.dbtools.crest.swingui.relational.TVTable" oid="513371F0-7A18-E577-10E1-46BB5B71C4B1" otype="Table" vid="BB0F5753-05EA-E59E-5634-3C99C2F2D99C">
<hideElementsInCurrentOnly>false</hideElementsInCurrentOnly>
<bounds x="1213" y="507" width="387" height="295"/>
</OView>
<OView class="oracle.dbtools.crest.swingui.relational.TVTable" oid="6C2BDF2F-F1E6-04F6-973D-2A74B5C2D596" otype="Table" vid="AEC1CBEE-BBB1-4860-CE98-47CA17247612">
<hideElementsInCurrentOnly>false</hideElementsInCurrentOnly>
<bounds x="810" y="2245" width="311" height="333"/>
<useDefaultColor>false</useDefaultColor>
<backgroundColor>-3342388</backgroundColor>
<foregroundColor>-16776961</foregroundColor>
</OView>
<OView class="oracle.dbtools.crest.swingui.relational.TVTable" oid="77F36771-6A22-28A9-79C8-2FD0CF2F5E6A" otype="Table" vid="D7D54EA0-3464-0532-8337-5A3BD3D1EAC8">
<hideElementsInCurrentOnly>false</hideElementsInCurrentOnly>
<bounds x="311" y="2502" width="280" height="187"/>
<useDefaultColor>false</useDefaultColor>
<backgroundColor>-3342388</backgroundColor>
<foregroundColor>-16776961</foregroundColor>
</OView>
<OView class="oracle.dbtools.crest.swingui.relational.TVTable" oid="7F19B4DF-5D9C-F9DF-3AD4-A62303407593" otype="Table" vid="5BB74F08-5852-0085-63C0-402227AC4A68">
<hideElementsInCurrentOnly>false</hideElementsInCurrentOnly>
<bounds x="1711" y="181" width="305" height="466"/>
<useDefaultColor>false</useDefaultColor>
<backgroundColor>-3342388</backgroundColor>
<foregroundColor>-16776961</foregroundColor>
</OView>
<OView class="oracle.dbtools.crest.swingui.relational.TVTable" oid="8203B2FF-E554-CB71-4BC7-5CE5333AF904" otype="Table" vid="7728CD8D-580C-F95F-18B3-C50A25FC5DDC">
<hideElementsInCurrentOnly>false</hideElementsInCurrentOnly>
<bounds x="2440" y="1619" width="354" height="260"/>
</OView>
<OView class="oracle.dbtools.crest.swingui.relational.TVTable" oid="8257EC3A-2D7F-91E5-C46B-A000B502609E" otype="Table" vid="7DE37E0A-3E60-5DF5-757C-E47BDB210A9A">
<hideElementsInCurrentOnly>false</hideElementsInCurrentOnly>
<bounds x="186" y="1365" width="347" height="333"/>
<useDefaultColor>false</useDefaultColor>
<backgroundColor>-3342388</backgroundColor>
<foregroundColor>-16776961</foregroundColor>
</OView>
<OView class="oracle.dbtools.crest.swingui.relational.TVTable" oid="A7555C78-104E-6196-13A7-AB5A965C6191" otype="Table" vid="926AA860-2CC9-B091-F23D-115B861DC913">
<hideElementsInCurrentOnly>false</hideElementsInCurrentOnly>
<bounds x="733" y="718" width="351" height="285"/>
<useDefaultColor>false</useDefaultColor>
<backgroundColor>-3342388</backgroundColor>
<foregroundColor>-16776961</foregroundColor>
</OView>
<OView class="oracle.dbtools.crest.swingui.relational.TVTable" oid="A9F6D508-D8AB-B575-193D-9438820F37FA" otype="Table" vid="74034369-1EA2-ADAF-F009-23E5C982FF91">
<hideElementsInCurrentOnly>false</hideElementsInCurrentOnly>
<bounds x="2393" y="598" width="429" height="454"/>
</OView>
<OView class="oracle.dbtools.crest.swingui.relational.TVTable" oid="AF57EA65-DE90-1CC7-2128-09468B8B8577" otype="Table" vid="2BCAB2E9-1938-8544-819A-37818CBB8A48">
<hideElementsInCurrentOnly>false</hideElementsInCurrentOnly>
<bounds x="825" y="1099" width="336" height="361"/>
<useDefaultColor>false</useDefaultColor>
<backgroundColor>-3342388</backgroundColor>
<foregroundColor>-16776961</foregroundColor>
</OView>
<OView class="oracle.dbtools.crest.swingui.relational.TVTable" oid="B174CF3E-347D-32C7-A786-4973B665ABFB" otype="Table" vid="D046C123-E356-5401-89F6-1049B860716A">
<hideElementsInCurrentOnly>false</hideElementsInCurrentOnly>
<bounds x="2468" y="1123" width="371" height="435"/>
<useDefaultColor>false</useDefaultColor>
<backgroundColor>-3342337</backgroundColor>
<foregroundColor>-16776961</foregroundColor>
</OView>
<OView class="oracle.dbtools.crest.swingui.relational.TVTable" oid="B828DFD1-0462-30F4-B725-FBA57A1EC2C1" otype="Table" vid="0692D789-4292-D65D-3C3D-5B726E01B529">
<hideElementsInCurrentOnly>false</hideElementsInCurrentOnly>
<bounds x="1899" y="904" width="418" height="456"/>
</OView>
<OView class="oracle.dbtools.crest.swingui.relational.TVTable" oid="CF45CCDE-2173-D511-18D4-87703A1FF4CE" otype="Table" vid="374C08EC-8E01-CFB0-1513-9EFA3BED1BFD">
<hideElementsInCurrentOnly>false</hideElementsInCurrentOnly>
<bounds x="2601" y="252" width="274" height="201"/>
<useDefaultColor>false</useDefaultColor>
<backgroundColor>-3342388</backgroundColor>
<foregroundColor>-16776961</foregroundColor>
</OView>
<OView class="oracle.dbtools.crest.swingui.relational.TVTable" oid="E3BE0925-160F-A209-0175-8B7BB1BC4034" otype="Table" vid="0CEFD84C-879C-84D5-AB0A-A2326A30A5E2">
<hideElementsInCurrentOnly>false</hideElementsInCurrentOnly>
<bounds x="1172" y="1934" width="380" height="259"/>
</OView>
</objectViews>
<connectors>
<Connector class="oracle.dbtools.crest.swingui.relational.TVFKRelation" oid="03E33356-AA7A-1564-EE18-B744202DE749" otype="FKIndexAssociation" vid_source="D046C123-E356-5401-89F6-1049B860716A" vid_target="7728CD8D-580C-F95F-18B3-C50A25FC5DDC">
<hideElementsInCurrentOnly>false</hideElementsInCurrentOnly>
<backgroundColor>-16777216</backgroundColor>
<lineWidth>1</lineWidth>
<points>
<point x="2631" y="1558"/>
<point x="2631" y="1619"/>
</points>
</Connector>
<Connector class="oracle.dbtools.crest.swingui.relational.TVFKRelation" oid="05C2FC49-DE95-E61E-17C6-EC4CB6ACA484" otype="FKIndexAssociation" vid_source="5BB74F08-5852-0085-63C0-402227AC4A68" vid_target="2407BF4C-FA4B-340A-1F80-9707C4A8805F">
<hideElementsInCurrentOnly>false</hideElementsInCurrentOnly>
<backgroundColor>-16777216</backgroundColor>
<lineWidth>1</lineWidth>
<points>
<point x="1750" y="647"/>
<point x="1750" y="981"/>
</points>
</Connector>
<Connector class="oracle.dbtools.crest.swingui.relational.TVFKRelation" oid="0946C653-C6DF-603A-A6FA-4C7D6F71E0A4" otype="FKIndexAssociation" vid_source="DD4BCCBA-BF2B-153D-F1F2-FA643D29A697" vid_target="7DE37E0A-3E60-5DF5-757C-E47BDB210A9A">
<hideElementsInCurrentOnly>false</hideElementsInCurrentOnly>
<backgroundColor>-16777216</backgroundColor>
<lineWidth>1</lineWidth>
<points>
<point x="854" y="1608"/>
<point x="533" y="1608"/>
</points>
</Connector>
<Connector class="oracle.dbtools.crest.swingui.relational.TVFKRelation" oid="0B126AD9-0B7B-F60F-9FCA-A15547B0A19A" otype="FKIndexAssociation" vid_source="EEDB688B-31E2-5C45-4C9A-835878E09854" vid_target="AEC1CBEE-BBB1-4860-CE98-47CA17247612">
<hideElementsInCurrentOnly>false</hideElementsInCurrentOnly>
<backgroundColor>-16777216</backgroundColor>
<lineWidth>1</lineWidth>
<points>
<point x="1298" y="2407"/>
<point x="1121" y="2407"/>
</points>
</Connector>
<Connector class="oracle.dbtools.crest.swingui.relational.TVFKRelation" oid="13F59BF2-ABF1-48A6-DE5E-837351CB2748" otype="FKIndexAssociation" vid_source="DD4BCCBA-BF2B-153D-F1F2-FA643D29A697" vid_target="2BCAB2E9-1938-8544-819A-37818CBB8A48">
<hideElementsInCurrentOnly>false</hideElementsInCurrentOnly>
<backgroundColor>-16777216</backgroundColor>
<lineWidth>1</lineWidth>
<points>
<point x="1007" y="1518"/>
<point x="1007" y="1460"/>
</points>
</Connector>
<Connector class="oracle.dbtools.crest.swingui.relational.TVFKRelation" oid="21FB9438-9037-E7CF-0620-A94D0F3E6F8D" otype="FKIndexAssociation" vid_source="902826D3-F274-5469-5A9F-4A2174D4386C" vid_target="48D2FAEF-87D2-E6E3-F645-ACA2D83C714E">
<hideElementsInCurrentOnly>false</hideElementsInCurrentOnly>
<backgroundColor>-16777216</backgroundColor>
<lineWidth>1</lineWidth>
<points>
<point x="1698" y="1931"/>
<point x="1698" y="1845"/>
</points>
</Connector>
<Connector class="oracle.dbtools.crest.swingui.relational.TVFKRelation" oid="2665FFD9-B833-0366-DDEA-B6157680522B" otype="FKIndexAssociation" vid_source="315F72BC-0B41-783B-FF61-E9B5CEAA091E" vid_target="D046C123-E356-5401-89F6-1049B860716A">
<hideElementsInCurrentOnly>false</hideElementsInCurrentOnly>
<backgroundColor>-16777216</backgroundColor>
<lineWidth>1</lineWidth>
<points>
<point x="2223" y="1505"/>
<point x="2468" y="1505"/>
</points>
</Connector>
<Connector class="oracle.dbtools.crest.swingui.relational.TVFKRelation" oid="267B6B88-CD48-24DB-D0D4-2785E88E1E59" otype="FKIndexAssociation" vid_source="5BB74F08-5852-0085-63C0-402227AC4A68" vid_target="BB0F5753-05EA-E59E-5634-3C99C2F2D99C">
<hideElementsInCurrentOnly>false</hideElementsInCurrentOnly>
<backgroundColor>-16777216</backgroundColor>
<lineWidth>1</lineWidth>
<points>
<point x="1711" y="577"/>
<point x="1600" y="577"/>
</points>
</Connector>
<Connector class="oracle.dbtools.crest.swingui.relational.TVFKRelation" oid="26BF9D87-A386-F1F6-5D28-F3C09F60616E" otype="FKIndexAssociation" vid_source="2407BF4C-FA4B-340A-1F80-9707C4A8805F" vid_target="48D2FAEF-87D2-E6E3-F645-ACA2D83C714E">
<hideElementsInCurrentOnly>false</hideElementsInCurrentOnly>
<backgroundColor>-16777216</backgroundColor>
<lineWidth>1</lineWidth>
<points>
<point x="1580" y="1399"/>
<point x="1580" y="1455"/>
</points>
</Connector>
<Connector class="oracle.dbtools.crest.swingui.relational.TVFKRelation" oid="2B2AA0C3-0A7D-5B0A-4322-FB7A85043D73" otype="FKIndexAssociation" vid_source="926AA860-2CC9-B091-F23D-115B861DC913" vid_target="74034369-1EA2-ADAF-F009-23E5C982FF91">
<hideElementsInCurrentOnly>false</hideElementsInCurrentOnly>
<backgroundColor>-16777216</backgroundColor>
<lineWidth>1</lineWidth>
<points>
<point x="1084" y="830"/>
<point x="2393" y="830"/>
</points>
</Connector>
<Connector class="oracle.dbtools.crest.swingui.relational.TVFKRelation" oid="2ED35626-A02D-8307-F05B-06DBBEB5265D" otype="FKIndexAssociation" vid_source="2407BF4C-FA4B-340A-1F80-9707C4A8805F" vid_target="BB0F5753-05EA-E59E-5634-3C99C2F2D99C">
<hideElementsInCurrentOnly>false</hideElementsInCurrentOnly>
<backgroundColor>-16777216</backgroundColor>
<lineWidth>1</lineWidth>
<points>
<point x="1476" y="981"/>
<point x="1476" y="802"/>
</points>
</Connector>
<Connector class="oracle.dbtools.crest.swingui.relational.TVFKRelation" oid="5780B79C-BA82-6144-5C4E-EEB75C3521EA" otype="FKIndexAssociation" vid_source="926AA860-2CC9-B091-F23D-115B861DC913" vid_target="74034369-1EA2-ADAF-F009-23E5C982FF91">
<hideElementsInCurrentOnly>false</hideElementsInCurrentOnly>
<backgroundColor>-16777216</backgroundColor>
<lineWidth>1</lineWidth>
<points>
<point x="1084" y="860"/>
<point x="2393" y="860"/>
</points>
</Connector>
<Connector class="oracle.dbtools.crest.swingui.relational.TVFKRelation" oid="597BD6DB-6C67-79CF-24B5-07E113865DE7" otype="FKIndexAssociation" vid_source="926AA860-2CC9-B091-F23D-115B861DC913" vid_target="BB0F5753-05EA-E59E-5634-3C99C2F2D99C">
<hideElementsInCurrentOnly>false</hideElementsInCurrentOnly>
<backgroundColor>-16777216</backgroundColor>
<lineWidth>1</lineWidth>
<points>
<point x="1084" y="775"/>
<point x="1213" y="775"/>
</points>
</Connector>
<Connector class="oracle.dbtools.crest.swingui.relational.TVFKRelation" oid="6EC9264D-259E-A74D-8804-D84FD8CF727F" otype="FKIndexAssociation" vid_source="926AA860-2CC9-B091-F23D-115B861DC913" vid_target="74034369-1EA2-ADAF-F009-23E5C982FF91">
<hideElementsInCurrentOnly>false</hideElementsInCurrentOnly>
<backgroundColor>-16777216</backgroundColor>
<lineWidth>1</lineWidth>
<points>
<point x="1084" y="875"/>
<point x="2393" y="875"/>
</points>
</Connector>
<Connector class="oracle.dbtools.crest.swingui.relational.TVFKRelation" oid="705E3750-B49C-A05C-D244-D27962F5D0E3" otype="FKIndexAssociation" vid_source="926AA860-2CC9-B091-F23D-115B861DC913" vid_target="D7FBB9AB-D3BF-BFFF-0237-26E7D41A8649">
<hideElementsInCurrentOnly>false</hideElementsInCurrentOnly>
<backgroundColor>-16777216</backgroundColor>
<lineWidth>1</lineWidth>
<points>
<point x="1038" y="718"/>
<point x="1038" y="445"/>
</points>
</Connector>
<Connector class="oracle.dbtools.crest.swingui.relational.TVFKRelation" oid="79446662-8E32-7E25-CB32-84EBEE02DDD2" otype="FKIndexAssociation" vid_source="5BB74F08-5852-0085-63C0-402227AC4A68" vid_target="6C153C6F-00F9-0901-D6FF-581DF87F30A7">
<hideElementsInCurrentOnly>false</hideElementsInCurrentOnly>
<backgroundColor>-16777216</backgroundColor>
<lineWidth>1</lineWidth>
<points>
<point x="2016" y="347"/>
<point x="2159" y="347"/>
</points>
</Connector>
<Connector class="oracle.dbtools.crest.swingui.relational.TVFKRelation" oid="8E61A6A8-3507-412E-2D85-441B7E1A9D9F" otype="FKIndexAssociation" vid_source="D046C123-E356-5401-89F6-1049B860716A" vid_target="74034369-1EA2-ADAF-F009-23E5C982FF91">
<hideElementsInCurrentOnly>false</hideElementsInCurrentOnly>
<backgroundColor>-16777216</backgroundColor>
<lineWidth>1</lineWidth>
<points>
<point x="2645" y="1123"/>
<point x="2645" y="1052"/>
</points>
</Connector>
<Connector class="oracle.dbtools.crest.swingui.relational.TVFKRelation" oid="959058C6-3E85-7ED7-5C87-C860172CBA9B" otype="FKIndexAssociation" vid_source="48D2FAEF-87D2-E6E3-F645-ACA2D83C714E" vid_target="0CEFD84C-879C-84D5-AB0A-A2326A30A5E2">
<hideElementsInCurrentOnly>false</hideElementsInCurrentOnly>
<backgroundColor>-16777216</backgroundColor>
<lineWidth>1</lineWidth>
<points>
<point x="1476" y="1845"/>
<point x="1476" y="1934"/>
</points>
</Connector>
<Connector class="oracle.dbtools.crest.swingui.relational.TVFKRelation" oid="99D5D910-D58F-02CE-483A-F09F3454E7AA" otype="FKIndexAssociation" vid_source="5BB74F08-5852-0085-63C0-402227AC4A68" vid_target="74034369-1EA2-ADAF-F009-23E5C982FF91">
<hideElementsInCurrentOnly>false</hideElementsInCurrentOnly>
<backgroundColor>-16777216</backgroundColor>
<lineWidth>1</lineWidth>
<points>
<point x="2016" y="622"/>
<point x="2393" y="622"/>
</points>
</Connector>
<Connector class="oracle.dbtools.crest.swingui.relational.TVFKRelation" oid="A91367B9-675A-3A23-785F-F8BC22B98C3B" otype="FKIndexAssociation" vid_source="22B915F6-E26D-4695-52B5-C8240DACB45E" vid_target="DD4BCCBA-BF2B-153D-F1F2-FA643D29A697">
<hideElementsInCurrentOnly>false</hideElementsInCurrentOnly>
<backgroundColor>-16777216</backgroundColor>
<lineWidth>1</lineWidth>
<points>
<point x="509" y="1852"/>
<point x="854" y="1852"/>
</points>
</Connector>
<Connector class="oracle.dbtools.crest.swingui.relational.TVFKRelation" oid="AB65D622-685A-D344-F9D4-EC43FD680403" otype="FKIndexAssociation" vid_source="5BB74F08-5852-0085-63C0-402227AC4A68" vid_target="D7FBB9AB-D3BF-BFFF-0237-26E7D41A8649">
<hideElementsInCurrentOnly>false</hideElementsInCurrentOnly>
<backgroundColor>-16777216</backgroundColor>
<lineWidth>1</lineWidth>
<points>
<point x="1711" y="313"/>
<point x="1351" y="313"/>
</points>
</Connector>
<Connector class="oracle.dbtools.crest.swingui.relational.TVFKRelation" oid="B15DDFCA-2DB7-C984-84F8-ED73BBC95D38" otype="FKIndexAssociation" vid_source="374C08EC-8E01-CFB0-1513-9EFA3BED1BFD" vid_target="6C153C6F-00F9-0901-D6FF-581DF87F30A7">
<hideElementsInCurrentOnly>false</hideElementsInCurrentOnly>
<backgroundColor>-16777216</backgroundColor>
<lineWidth>1</lineWidth>
<points>
<point x="2601" y="352"/>
<point x="2452" y="352"/>
</points>
</Connector>
<Connector class="oracle.dbtools.crest.swingui.relational.TVFKRelation" oid="B97CB658-4B39-6118-0F9D-3F68B8618407" otype="FKIndexAssociation" vid_source="22B915F6-E26D-4695-52B5-C8240DACB45E" vid_target="7DE37E0A-3E60-5DF5-757C-E47BDB210A9A">
<hideElementsInCurrentOnly>false</hideElementsInCurrentOnly>
<backgroundColor>-16777216</backgroundColor>
<lineWidth>1</lineWidth>
<points>
<point x="361" y="1833"/>
<point x="361" y="1698"/>
</points>
</Connector>
<Connector class="oracle.dbtools.crest.swingui.relational.TVFKRelation" oid="BB0A333B-47BF-94CE-7A15-837E651613EC" otype="FKIndexAssociation" vid_source="2BCAB2E9-1938-8544-819A-37818CBB8A48" vid_target="2407BF4C-FA4B-340A-1F80-9707C4A8805F">
<hideElementsInCurrentOnly>false</hideElementsInCurrentOnly>
<backgroundColor>-16777216</backgroundColor>
<lineWidth>1</lineWidth>
<points>
<point x="1161" y="1249"/>
<point x="1353" y="1249"/>
</points>
</Connector>
<Connector class="oracle.dbtools.crest.swingui.relational.TVFKRelation" oid="BDE620AA-FA8A-A454-7916-A32566DB37BC" otype="FKIndexAssociation" vid_source="5BB74F08-5852-0085-63C0-402227AC4A68" vid_target="D7FBB9AB-D3BF-BFFF-0237-26E7D41A8649">
<hideElementsInCurrentOnly>false</hideElementsInCurrentOnly>
<backgroundColor>-16777216</backgroundColor>
<lineWidth>1</lineWidth>
<points>
<point x="1711" y="328"/>
<point x="1351" y="328"/>
</points>
</Connector>
<Connector class="oracle.dbtools.crest.swingui.relational.TVFKRelation" oid="CF9477AF-B1F6-0F56-0D7F-955E14FB4690" otype="FKIndexAssociation" vid_source="926AA860-2CC9-B091-F23D-115B861DC913" vid_target="0692D789-4292-D65D-3C3D-5B726E01B529">
<hideElementsInCurrentOnly>false</hideElementsInCurrentOnly>
<backgroundColor>-16777216</backgroundColor>
<lineWidth>1</lineWidth>
<points>
<point x="1084" y="968"/>
<point x="1899" y="968"/>
</points>
</Connector>
<Connector class="oracle.dbtools.crest.swingui.relational.TVFKRelation" oid="D88105EC-719B-6931-1E09-92AC71562F30" otype="FKIndexAssociation" vid_source="5BB74F08-5852-0085-63C0-402227AC4A68" vid_target="0692D789-4292-D65D-3C3D-5B726E01B529">
<hideElementsInCurrentOnly>false</hideElementsInCurrentOnly>
<backgroundColor>-16777216</backgroundColor>
<lineWidth>1</lineWidth>
<points>
<point x="1957" y="647"/>
<point x="1957" y="904"/>
</points>
</Connector>
<Connector class="oracle.dbtools.crest.swingui.relational.TVFKRelation" oid="D96F8EE9-81C4-9868-2A23-FA21230891EB" otype="FKIndexAssociation" vid_source="926AA860-2CC9-B091-F23D-115B861DC913" vid_target="2407BF4C-FA4B-340A-1F80-9707C4A8805F">
<hideElementsInCurrentOnly>false</hideElementsInCurrentOnly>
<backgroundColor>-16777216</backgroundColor>
<lineWidth>1</lineWidth>
<points>
<point x="1084" y="992"/>
<point x="1353" y="992"/>
</points>
</Connector>
<Connector class="oracle.dbtools.crest.swingui.relational.TVFKRelation" oid="DC6F56B1-719D-F362-EC5B-6CD5F250C867" otype="FKIndexAssociation" vid_source="926AA860-2CC9-B091-F23D-115B861DC913" vid_target="BB0F5753-05EA-E59E-5634-3C99C2F2D99C">
<hideElementsInCurrentOnly>false</hideElementsInCurrentOnly>
<backgroundColor>-16777216</backgroundColor>
<lineWidth>1</lineWidth>
<points>
<point x="1084" y="760"/>
<point x="1213" y="760"/>
</points>
</Connector>
<Connector class="oracle.dbtools.crest.swingui.relational.TVFKRelation" oid="E2E15538-8F9E-09B9-A4E4-4CA1A5D09A56" otype="FKIndexAssociation" vid_source="926AA860-2CC9-B091-F23D-115B861DC913" vid_target="74034369-1EA2-ADAF-F009-23E5C982FF91">
<hideElementsInCurrentOnly>false</hideElementsInCurrentOnly>
<backgroundColor>-16777216</backgroundColor>
<lineWidth>1</lineWidth>
<points>
<point x="1084" y="890"/>
<point x="2393" y="890"/>
</points>
</Connector>
<Connector class="oracle.dbtools.crest.swingui.relational.TVFKRelation" oid="EACD8467-0BAD-D5EA-CE03-B86F311417E4" otype="FKIndexAssociation" vid_source="AEC1CBEE-BBB1-4860-CE98-47CA17247612" vid_target="DD4BCCBA-BF2B-153D-F1F2-FA643D29A697">
<hideElementsInCurrentOnly>false</hideElementsInCurrentOnly>
<backgroundColor>-16777216</backgroundColor>
<lineWidth>1</lineWidth>
<points>
<point x="987" y="2245"/>
<point x="987" y="1872"/>
</points>
</Connector>
<Connector class="oracle.dbtools.crest.swingui.relational.TVFKRelation" oid="ECCC5713-5647-0AA1-9F94-9313BCCD8BF9" otype="FKIndexAssociation" vid_source="5BB74F08-5852-0085-63C0-402227AC4A68" vid_target="D7FBB9AB-D3BF-BFFF-0237-26E7D41A8649">
<hideElementsInCurrentOnly>false</hideElementsInCurrentOnly>
<backgroundColor>-16777216</backgroundColor>
<lineWidth>1</lineWidth>
<points>
<point x="1711" y="298"/>
<point x="1351" y="298"/>
</points>
</Connector>
<Connector class="oracle.dbtools.crest.swingui.relational.TVFKRelation" oid="EE5440B4-65CB-D90D-3173-A038AE97D81B" otype="FKIndexAssociation" vid_source="0692D789-4292-D65D-3C3D-5B726E01B529" vid_target="D046C123-E356-5401-89F6-1049B860716A">
<hideElementsInCurrentOnly>false</hideElementsInCurrentOnly>
<backgroundColor>-16777216</backgroundColor>
<lineWidth>1</lineWidth>
<points>
<point x="2317" y="1241"/>
<point x="2468" y="1241"/>
</points>
</Connector>
<Connector class="oracle.dbtools.crest.swingui.relational.TVFKRelation" oid="EE97E6CE-4E8E-0DE5-4065-61579A5BCFD9" otype="FKIndexAssociation" vid_source="2407BF4C-FA4B-340A-1F80-9707C4A8805F" vid_target="0692D789-4292-D65D-3C3D-5B726E01B529">
<hideElementsInCurrentOnly>false</hideElementsInCurrentOnly>
<backgroundColor>-16777216</backgroundColor>
<lineWidth>1</lineWidth>
<points>
<point x="1789" y="1170"/>
<point x="1899" y="1170"/>
</points>
</Connector>
<Connector class="oracle.dbtools.crest.swingui.relational.TVFKRelation" oid="F2CEE556-F237-6569-84ED-B0835BFBB7D5" otype="FKIndexAssociation" vid_source="315F72BC-0B41-783B-FF61-E9B5CEAA091E" vid_target="0692D789-4292-D65D-3C3D-5B726E01B529">
<hideElementsInCurrentOnly>false</hideElementsInCurrentOnly>
<backgroundColor>-16777216</backgroundColor>
<lineWidth>1</lineWidth>
<points>
<point x="2077" y="1453"/>
<point x="2077" y="1360"/>
</points>
</Connector>
<Connector class="oracle.dbtools.crest.swingui.relational.TVFKRelation" oid="F546B47B-3162-9D71-9A7B-70AAB142755E" otype="FKIndexAssociation" vid_source="315F72BC-0B41-783B-FF61-E9B5CEAA091E" vid_target="48D2FAEF-87D2-E6E3-F645-ACA2D83C714E">
<hideElementsInCurrentOnly>false</hideElementsInCurrentOnly>
<backgroundColor>-16777216</backgroundColor>
<lineWidth>1</lineWidth>
<points>
<point x="1932" y="1561"/>
<point x="1761" y="1561"/>
</points>
</Connector>
</connectors>
</Diagram>