<?xml version = '1.0' encoding = 'UTF-8'?>
<FKIndexAssociation class="oracle.dbtools.crest.model.design.relational.FKIndexAssociation" directorySegmentName="seg_0" id="03E33356-AA7A-1564-EE18-B744202DE749" containerWithKeyObject="8203B2FF-E554-CB71-4BC7-5CE5333AF904" localFKIndex="BBE5DE0A-C1B1-4C40-55F1-3ADA4B43CD73" name="FK_INF_P_REQ_APROBACION">
<sourceDDLFile>Modelo DB Renovacion Contrato v5.sql</sourceDDLFile>
<createdBy>wmamani</createdBy>
<createdTime>2025-08-12 21:49:16 UTC</createdTime>
<ownerDesignName>Modelo DB Renovacion Contrato v8</ownerDesignName>
<importedID>7031C9E2-99F6-6553-A85D-4CEBBEDA4494</importedID>
<referredTableLongName>ES_SICOES.SICOES_TC_REQ_APROBACION</referredTableLongName>
<deleteRule>NO ACTION</deleteRule>
<referredTableID>B174CF3E-347D-32C7-A786-4973B665ABFB</referredTableID>
<keyObject>4124E5B2-89EA-F2EE-8D08-A4B4246BB29B</keyObject>
<referredKeyID>4124E5B2-89EA-F2EE-8D08-A4B4246BB29B</referredKeyID>
<mandatory>false</mandatory>
<refColNames>ID_REQ_APROBACION</refColNames>
<transferable>true</transferable>
<rely>false</rely>
<columnDependencyConstraintGenerateInDDL>true</columnDependencyConstraintGenerateInDDL>
</FKIndexAssociation>