<?xml version = '1.0' encoding = 'UTF-8'?>
<FKIndexAssociation class="oracle.dbtools.crest.model.design.relational.FKIndexAssociation" directorySegmentName="seg_0" id="05C2FC49-DE95-E61E-17C6-EC4CB6ACA484" containerWithKeyObject="19BE70AB-0EF8-21C0-8223-01DEF42A0F5D" localFKIndex="31EE8EB9-6DA6-722C-7408-1A7F2C39E817" name="FK_REQUERIMIENTO_USUARIO">
<sourceDDLFile>Modelo DB Renovacion Contrato v5.sql</sourceDDLFile>
<createdBy>wmamani</createdBy>
<createdTime>2025-08-12 21:49:16 UTC</createdTime>
<ownerDesignName>Modelo DB Renovacion Contrato v8</ownerDesignName>
<importedID>96A94640-1AD9-EBB7-6600-1947D51DF0B0</importedID>
<referredTableLongName>ES_SICOES.SICOES_TM_USUARIO</referredTableLongName>
<deleteRule>NO ACTION</deleteRule>
<referredTableID>7F19B4DF-5D9C-F9DF-3AD4-A62303407593</referredTableID>
<keyObject>40DB55A2-FB0F-256F-28D5-6587821EA384</keyObject>
<referredKeyID>40DB55A2-FB0F-256F-28D5-6587821EA384</referredKeyID>
<mandatory>false</mandatory>
<refColNames>ID_USUARIO</refColNames>
<transferable>true</transferable>
<rely>false</rely>
<columnDependencyConstraintGenerateInDDL>true</columnDependencyConstraintGenerateInDDL>
</FKIndexAssociation>