<?xml version = '1.0' encoding = 'UTF-8'?>
<FKIndexAssociation class="oracle.dbtools.crest.model.design.relational.FKIndexAssociation" directorySegmentName="seg_0" id="0946C653-C6DF-603A-A6FA-4C7D6F71E0A4" containerWithKeyObject="8257EC3A-2D7F-91E5-C46B-A000B502609E" localFKIndex="03F580AD-6891-8AB0-0A2F-7E8CDA75F93E" name="SICOES_ID_PROP_PRO_PRO_FK">
<sourceDDLFile>Modelo DB Renovacion Contrato v5.sql</sourceDDLFile>
<createdBy>wmamani</createdBy>
<createdTime>2025-08-12 21:49:16 UTC</createdTime>
<ownerDesignName>Modelo DB Renovacion Contrato v8</ownerDesignName>
<importedID>DB25B244-261F-E7F1-A626-297C2344B672</importedID>
<referredTableLongName>ES_SICOES.SICOES_TR_PROPUESTA</referredTableLongName>
<deleteRule>NO ACTION</deleteRule>
<referredTableID>18056DC7-50AA-C935-8CB6-C9B8CE570895</referredTableID>
<keyObject>0734CF8D-2EF3-9262-AD54-9F3E31D0C797</keyObject>
<referredKeyID>0734CF8D-2EF3-9262-AD54-9F3E31D0C797</referredKeyID>
<mandatory>false</mandatory>
<refColNames>ID_PROPUESTA</refColNames>
<transferable>true</transferable>
<rely>false</rely>
<columnDependencyConstraintGenerateInDDL>true</columnDependencyConstraintGenerateInDDL>
</FKIndexAssociation>