<?xml version = '1.0' encoding = 'UTF-8'?>
<FKIndexAssociation class="oracle.dbtools.crest.model.design.relational.FKIndexAssociation" directorySegmentName="seg_0" id="0B126AD9-0B7B-F60F-9FCA-A15547B0A19A" containerWithKeyObject="6C2BDF2F-F1E6-04F6-973D-2A74B5C2D596" localFKIndex="16EDFC5C-D283-AF73-64F3-9FCFE2E70E1C" name="SICOES_ID_PROC_PROC_ITEM_FK">
<sourceDDLFile>Modelo DB Renovacion Contrato v5.sql</sourceDDLFile>
<createdBy>wmamani</createdBy>
<createdTime>2025-08-12 21:49:16 UTC</createdTime>
<ownerDesignName>Modelo DB Renovacion Contrato v8</ownerDesignName>
<importedID>1D3FAD31-7035-3311-516F-1330D110C0DD</importedID>
<referredTableLongName>ES_SICOES.SICOES_TR_PROCESO</referredTableLongName>
<deleteRule>NO ACTION</deleteRule>
<referredTableID>1FDE384F-8574-4527-35E4-1D5F6EB86935</referredTableID>
<keyObject>CBBC46BC-F863-6059-7D46-BE3FD693190B</keyObject>
<referredKeyID>CBBC46BC-F863-6059-7D46-BE3FD693190B</referredKeyID>
<mandatory>false</mandatory>
<refColNames>ID_PROCESO</refColNames>
<transferable>true</transferable>
<rely>false</rely>
<columnDependencyConstraintGenerateInDDL>true</columnDependencyConstraintGenerateInDDL>
</FKIndexAssociation>