<?xml version = '1.0' encoding = 'UTF-8'?>
<FKIndexAssociation class="oracle.dbtools.crest.model.design.relational.FKIndexAssociation" directorySegmentName="seg_0" id="13F59BF2-ABF1-48A6-DE5E-837351CB2748" containerWithKeyObject="AF57EA65-DE90-1CC7-2128-09468B8B8577" localFKIndex="A08C4A92-7C6F-6061-DB52-283199DE8ED0" name="SICOES_TC_SOPECO_TR_PRO_FK">
<sourceDDLFile>Modelo DB Renovacion Contrato v5.sql</sourceDDLFile>
<createdBy>wmamani</createdBy>
<createdTime>2025-08-12 21:49:16 UTC</createdTime>
<ownerDesignName>Modelo DB Renovacion Contrato v8</ownerDesignName>
<importedID>0574663C-A31C-DBE2-8567-897E056D9198</importedID>
<referredTableLongName>ES_SICOES.SICOES_TR_PROPUESTA</referredTableLongName>
<deleteRule>NO ACTION</deleteRule>
<referredTableID>18056DC7-50AA-C935-8CB6-C9B8CE570895</referredTableID>
<keyObject>0734CF8D-2EF3-9262-AD54-9F3E31D0C797</keyObject>
<referredKeyID>0734CF8D-2EF3-9262-AD54-9F3E31D0C797</referredKeyID>
<mandatory>true</mandatory>
<refColNames>ID_PROPUESTA</refColNames>
<transferable>true</transferable>
<rely>false</rely>
<columnDependencyConstraintGenerateInDDL>true</columnDependencyConstraintGenerateInDDL>
</FKIndexAssociation>