<?xml version = '1.0' encoding = 'UTF-8'?>
<FKIndexAssociation class="oracle.dbtools.crest.model.design.relational.FKIndexAssociation" directorySegmentName="seg_0" id="21FB9438-9037-E7CF-0620-A94D0F3E6F8D" containerWithKeyObject="35A6DFC2-7CB7-7A48-8BF3-B96E8508287B" localFKIndex="FA904AE1-2474-0AB6-818C-5A98420F724E" name="FK_ID_PLAZO_CONFIRMACION">
<sourceDDLFile>Modelo DB Renovacion Contrato v5.sql</sourceDDLFile>
<createdBy>wmamani</createdBy>
<createdTime>2025-08-12 21:49:16 UTC</createdTime>
<ownerDesignName>Modelo DB Renovacion Contrato v8</ownerDesignName>
<importedID>026DB877-F095-C698-0176-F6A54A84017F</importedID>
<referredTableLongName>SICOES_TM_PLAZO_CONFIRMACION</referredTableLongName>
<deleteRule>NO ACTION</deleteRule>
<referredTableID>31E6CB57-D081-AE3B-3620-54785475A9ED</referredTableID>
<keyObject>D864B8A5-4B7E-CBA0-5031-0067BBFBDEE0</keyObject>
<referredKeyID>D864B8A5-4B7E-CBA0-5031-0067BBFBDEE0</referredKeyID>
<mandatory>false</mandatory>
<refColNames>ID_PLAZO_CONFIRMACION</refColNames>
<transferable>true</transferable>
<rely>false</rely>
<columnDependencyConstraintGenerateInDDL>true</columnDependencyConstraintGenerateInDDL>
</FKIndexAssociation>