<?xml version = '1.0' encoding = 'UTF-8'?>
<FKIndexAssociation class="oracle.dbtools.crest.model.design.relational.FKIndexAssociation" directorySegmentName="seg_0" id="2665FFD9-B833-0366-DDEA-B6157680522B" containerWithKeyObject="B174CF3E-347D-32C7-A786-4973B665ABFB" localFKIndex="F73FAF1B-3611-7AF2-0027-F76BDACBA9CF" name="SICOES_TC_APROB_TR_NOTIFICACION_FK">
<sourceDDLFile>Modelo DB Renovacion Contrato v5.sql</sourceDDLFile>
<createdBy>wmamani</createdBy>
<createdTime>2025-08-12 21:49:16 UTC</createdTime>
<ownerDesignName>Modelo DB Renovacion Contrato v8</ownerDesignName>
<importedID>92197F23-619F-4E86-65D9-1D6C0ABBBA01</importedID>
<referredTableLongName>ES_SICOES.SICOES_TR_NOTIFICACION</referredTableLongName>
<deleteRule>NO ACTION</deleteRule>
<referredTableID>4141D512-1600-CA3A-CB78-D9C9A6041A9E</referredTableID>
<keyObject>6DFDE1F0-F80A-B311-551E-2F6167B558E3</keyObject>
<referredKeyID>6DFDE1F0-F80A-B311-551E-2F6167B558E3</referredKeyID>
<mandatory>true</mandatory>
<refColNames>ID_NOTIFICACION</refColNames>
<transferable>true</transferable>
<rely>false</rely>
<columnDependencyConstraintGenerateInDDL>true</columnDependencyConstraintGenerateInDDL>
</FKIndexAssociation>