<?xml version = '1.0' encoding = 'UTF-8'?>
<FKIndexAssociation class="oracle.dbtools.crest.model.design.relational.FKIndexAssociation" directorySegmentName="seg_0" id="26BF9D87-A386-F1F6-5D28-F3C09F60616E" containerWithKeyObject="35A6DFC2-7CB7-7A48-8BF3-B96E8508287B" localFKIndex="40757FE4-ABAC-2598-CBC4-C327FCD2FA22" name="SICOES_ID_REQ_RENOVACION_FK">
<sourceDDLFile>Modelo DB Renovacion Contrato v5.sql</sourceDDLFile>
<createdBy>wmamani</createdBy>
<createdTime>2025-08-12 21:49:16 UTC</createdTime>
<ownerDesignName>Modelo DB Renovacion Contrato v8</ownerDesignName>
<importedID>3E4C4F79-7ED4-8AF6-98EF-FDD78A9E4EBB</importedID>
<referredTableLongName>SICOES_TC_REQ_RENOVACION</referredTableLongName>
<deleteRule>NO ACTION</deleteRule>
<referredTableID>19BE70AB-0EF8-21C0-8223-01DEF42A0F5D</referredTableID>
<keyObject>F42E5B09-1492-F8E8-4AE8-6708EA37F82B</keyObject>
<referredKeyID>F42E5B09-1492-F8E8-4AE8-6708EA37F82B</referredKeyID>
<mandatory>true</mandatory>
<refColNames>ID_REQ_RENOVACION</refColNames>
<transferable>true</transferable>
<rely>false</rely>
<columnDependencyConstraintGenerateInDDL>true</columnDependencyConstraintGenerateInDDL>
</FKIndexAssociation>