<?xml version = '1.0' encoding = 'UTF-8'?>
<FKIndexAssociation class="oracle.dbtools.crest.model.design.relational.FKIndexAssociation" directorySegmentName="seg_0" id="2B2AA0C3-0A7D-5B0A-4322-FB7A85043D73" containerWithKeyObject="A9F6D508-D8AB-B575-193D-9438820F37FA" localFKIndex="B0443157-C822-8712-6A8C-181F4ECDD2C3" name="SICOES_TZ_HIST_EST_APROB_CAMPO_SICOES_TM_LISTADO_DETALLE_FK">
<createdBy>ggarcia</createdBy>
<createdTime>2025-08-15 14:39:00 UTC</createdTime>
<ownerDesignName>Modelo DB Renovacion Contrato v8</ownerDesignName>
<referredTableLongName>ES_SICOES.SICOES_TM_LISTADO_DETALLE</referredTableLongName>
<deleteRule>NO ACTION</deleteRule>
<referredTableID>A7555C78-104E-6196-13A7-AB5A965C6191</referredTableID>
<keyObject>A78873DB-9290-9D4F-E36C-30108936F1A0</keyObject>
<referredKeyID>A78873DB-9290-9D4F-E36C-30108936F1A0</referredKeyID>
<mandatory>true</mandatory>
<refColNames>ID_LISTADO_DETALLE</refColNames>
<transferable>true</transferable>
<rely>false</rely>
<columnDependencyConstraintGenerateInDDL>true</columnDependencyConstraintGenerateInDDL>
</FKIndexAssociation>