<?xml version = '1.0' encoding = 'UTF-8'?>
<FKIndexAssociation class="oracle.dbtools.crest.model.design.relational.FKIndexAssociation" directorySegmentName="seg_0" id="2ED35626-A02D-8307-F05B-06DBBEB5265D" containerWithKeyObject="513371F0-7A18-E577-10E1-46BB5B71C4B1" localFKIndex="4CD2B0EC-897A-BF70-C99D-6DEC88CB1A4C" name="FK_ESTADO_REQUERIMIENTO">
<sourceDDLFile>Modelo DB Renovacion Contrato v5.sql</sourceDDLFile>
<createdBy>wmamani</createdBy>
<createdTime>2025-08-12 21:49:16 UTC</createdTime>
<ownerDesignName>Modelo DB Renovacion Contrato v8</ownerDesignName>
<importedID>93A46165-71E9-35FA-CD5F-A113C31BBE99</importedID>
<referredTableLongName>SICOES_TC_REQ_RENOVACION</referredTableLongName>
<deleteRule>NO ACTION</deleteRule>
<referredTableID>19BE70AB-0EF8-21C0-8223-01DEF42A0F5D</referredTableID>
<keyObject>F42E5B09-1492-F8E8-4AE8-6708EA37F82B</keyObject>
<referredKeyID>F42E5B09-1492-F8E8-4AE8-6708EA37F82B</referredKeyID>
<mandatory>true</mandatory>
<refColNames>ID_REQ_RENOVACION</refColNames>
<transferable>true</transferable>
<rely>false</rely>
<columnDependencyConstraintGenerateInDDL>true</columnDependencyConstraintGenerateInDDL>
</FKIndexAssociation>