<?xml version = '1.0' encoding = 'UTF-8'?>
<FKIndexAssociation class="oracle.dbtools.crest.model.design.relational.FKIndexAssociation" directorySegmentName="seg_0" id="705E3750-B49C-A05C-D244-D27962F5D0E3" containerWithKeyObject="2C6D623F-9A7C-FDE6-5B6A-4386B0AB472D" localFKIndex="0237458D-F267-4844-E46F-6DA5A921FA02" name="SICOES_TX_PA_PERFIL_FK">
<sourceDDLFile>Modelo DB Renovacion Contrato v5.sql</sourceDDLFile>
<createdBy>wmamani</createdBy>
<createdTime>2025-08-12 21:49:16 UTC</createdTime>
<ownerDesignName>Modelo DB Renovacion Contrato v8</ownerDesignName>
<importedID>B9F512BB-9EED-6A45-6453-FCA9BEE065FB</importedID>
<referredTableLongName>ES_SICOES.SICOES_TM_LISTADO_DETALLE</referredTableLongName>
<deleteRule>NO ACTION</deleteRule>
<referredTableID>A7555C78-104E-6196-13A7-AB5A965C6191</referredTableID>
<keyObject>A78873DB-9290-9D4F-E36C-30108936F1A0</keyObject>
<referredKeyID>A78873DB-9290-9D4F-E36C-30108936F1A0</referredKeyID>
<mandatory>true</mandatory>
<refColNames>ID_LISTADO_DETALLE</refColNames>
<transferable>true</transferable>
<rely>false</rely>
<columnDependencyConstraintGenerateInDDL>true</columnDependencyConstraintGenerateInDDL>
</FKIndexAssociation>