<?xml version = '1.0' encoding = 'UTF-8'?>
<FKIndexAssociation class="oracle.dbtools.crest.model.design.relational.FKIndexAssociation" directorySegmentName="seg_0" id="79446662-8E32-7E25-CB32-84EBEE02DDD2" containerWithKeyObject="4772BB62-FFB5-5B19-1E6D-F3D9535E65E3" localFKIndex="FB28CFA9-9624-4F04-A317-E82D8A27E7A7" name="SICOES_ID_USU_USU_ROL_FK">
<sourceDDLFile>Modelo DB Renovacion Contrato v5.sql</sourceDDLFile>
<createdBy>wmamani</createdBy>
<createdTime>2025-08-12 21:49:16 UTC</createdTime>
<ownerDesignName>Modelo DB Renovacion Contrato v8</ownerDesignName>
<importedID>69C68DBD-D5EB-4B03-D2FE-1F6A6C99EE50</importedID>
<referredTableLongName>ES_SICOES.SICOES_TM_USUARIO</referredTableLongName>
<deleteRule>NO ACTION</deleteRule>
<referredTableID>7F19B4DF-5D9C-F9DF-3AD4-A62303407593</referredTableID>
<keyObject>40DB55A2-FB0F-256F-28D5-6587821EA384</keyObject>
<referredKeyID>40DB55A2-FB0F-256F-28D5-6587821EA384</referredKeyID>
<mandatory>true</mandatory>
<refColNames>ID_USUARIO</refColNames>
<transferable>true</transferable>
<rely>false</rely>
<columnDependencyConstraintGenerateInDDL>true</columnDependencyConstraintGenerateInDDL>
</FKIndexAssociation>