<?xml version = '1.0' encoding = 'UTF-8'?>
<FKIndexAssociation class="oracle.dbtools.crest.model.design.relational.FKIndexAssociation" directorySegmentName="seg_0" id="8E61A6A8-3507-412E-2D85-441B7E1A9D9F" containerWithKeyObject="A9F6D508-D8AB-B575-193D-9438820F37FA" localFKIndex="B5874B74-531C-0CBB-CC78-56F46AE13A80" name="FK_ESTADO_APROBACION_02">
<sourceDDLFile>Modelo DB Renovacion Contrato v5.sql</sourceDDLFile>
<createdBy>wmamani</createdBy>
<createdTime>2025-08-12 21:49:16 UTC</createdTime>
<ownerDesignName>Modelo DB Renovacion Contrato v8</ownerDesignName>
<importedID>D308CB35-C280-3283-0A3B-0F88E702A129</importedID>
<referredTableLongName>ES_SICOES.SICOES_TC_REQ_APROBACION</referredTableLongName>
<deleteRule>NO ACTION</deleteRule>
<referredTableID>B174CF3E-347D-32C7-A786-4973B665ABFB</referredTableID>
<keyObject>4124E5B2-89EA-F2EE-8D08-A4B4246BB29B</keyObject>
<referredKeyID>4124E5B2-89EA-F2EE-8D08-A4B4246BB29B</referredKeyID>
<mandatory>true</mandatory>
<refColNames>ID_REQ_APROBACION</refColNames>
<transferable>true</transferable>
<rely>false</rely>
<columnDependencyConstraintGenerateInDDL>true</columnDependencyConstraintGenerateInDDL>
</FKIndexAssociation>