<?xml version = '1.0' encoding = 'UTF-8'?>
<FKIndexAssociation class="oracle.dbtools.crest.model.design.relational.FKIndexAssociation" directorySegmentName="seg_0" id="959058C6-3E85-7ED7-5C87-C860172CBA9B" containerWithKeyObject="E3BE0925-160F-A209-0175-8B7BB1BC4034" localFKIndex="24C62D12-3941-64C1-1EF7-8F4D908AE79D" name="FK_ESTADO_HIST_INVITACION_01">
<sourceDDLFile>Modelo DB Renovacion Contrato v5.sql</sourceDDLFile>
<createdBy>wmamani</createdBy>
<createdTime>2025-08-12 21:49:16 UTC</createdTime>
<ownerDesignName>Modelo DB Renovacion Contrato v8</ownerDesignName>
<importedID>76F19675-1268-B05F-6707-FC1DAA057321</importedID>
<referredTableLongName>ES_SICOES.SICOES_TC_REQ_INVITACION</referredTableLongName>
<deleteRule>NO ACTION</deleteRule>
<referredTableID>35A6DFC2-7CB7-7A48-8BF3-B96E8508287B</referredTableID>
<keyObject>C97960BF-9941-7A7C-B444-4B82EC225D0C</keyObject>
<referredKeyID>C97960BF-9941-7A7C-B444-4B82EC225D0C</referredKeyID>
<mandatory>true</mandatory>
<refColNames>ID_REQ_INVITACION</refColNames>
<transferable>true</transferable>
<rely>false</rely>
<columnDependencyConstraintGenerateInDDL>true</columnDependencyConstraintGenerateInDDL>
</FKIndexAssociation>