<?xml version = '1.0' encoding = 'UTF-8'?>
<FKIndexAssociation class="oracle.dbtools.crest.model.design.relational.FKIndexAssociation" directorySegmentName="seg_0" id="99D5D910-D58F-02CE-483A-F09F3454E7AA" containerWithKeyObject="A9F6D508-D8AB-B575-193D-9438820F37FA" localFKIndex="A64CE22A-A38D-6368-B305-B87912000411" name="FK_ESTADO_USUARIOv1">
<sourceDDLFile>Modelo DB Renovacion Contrato v5.sql</sourceDDLFile>
<createdBy>wmamani</createdBy>
<createdTime>2025-08-12 21:49:16 UTC</createdTime>
<ownerDesignName>Modelo DB Renovacion Contrato v8</ownerDesignName>
<importedID>34D6B35F-2CB0-42C8-94B4-E4817FB361C3</importedID>
<referredTableLongName>ES_SICOES.SICOES_TM_USUARIO</referredTableLongName>
<deleteRule>NO ACTION</deleteRule>
<referredTableID>7F19B4DF-5D9C-F9DF-3AD4-A62303407593</referredTableID>
<keyObject>40DB55A2-FB0F-256F-28D5-6587821EA384</keyObject>
<referredKeyID>40DB55A2-FB0F-256F-28D5-6587821EA384</referredKeyID>
<mandatory>false</mandatory>
<refColNames>ID_USUARIO</refColNames>
<transferable>true</transferable>
<rely>false</rely>
<columnDependencyConstraintGenerateInDDL>true</columnDependencyConstraintGenerateInDDL>
</FKIndexAssociation>