<?xml version = '1.0' encoding = 'UTF-8'?>
<FKIndexAssociation class="oracle.dbtools.crest.model.design.relational.FKIndexAssociation" directorySegmentName="seg_0" id="A91367B9-675A-3A23-785F-F8BC22B98C3B" containerWithKeyObject="18056DC7-50AA-C935-8CB6-C9B8CE570895" localFKIndex="0D6CFBC0-DA43-A17C-C249-E345B1ED5B4B" name="SICOES_ID_SUPE_PROP_FK">
<sourceDDLFile>Modelo DB Renovacion Contrato v5.sql</sourceDDLFile>
<createdBy>wmamani</createdBy>
<createdTime>2025-08-12 21:49:16 UTC</createdTime>
<ownerDesignName>Modelo DB Renovacion Contrato v8</ownerDesignName>
<importedID>B992D02B-5B69-0989-B752-CDAAEC636A76</importedID>
<referredTableLongName>ES_SICOES.SICOES_TM_SUPERVISORA</referredTableLongName>
<deleteRule>NO ACTION</deleteRule>
<referredTableID>07608961-840A-F583-DE3C-1216E9C8A2A3</referredTableID>
<keyObject>F015DBF4-ABC0-9DE2-9C88-A7BF2F81A3C6</keyObject>
<referredKeyID>F015DBF4-ABC0-9DE2-9C88-A7BF2F81A3C6</referredKeyID>
<mandatory>false</mandatory>
<refColNames>ID_SUPERVISORA</refColNames>
<transferable>true</transferable>
<rely>false</rely>
<columnDependencyConstraintGenerateInDDL>true</columnDependencyConstraintGenerateInDDL>
</FKIndexAssociation>