<?xml version = '1.0' encoding = 'UTF-8'?>
<FKIndexAssociation class="oracle.dbtools.crest.model.design.relational.FKIndexAssociation" directorySegmentName="seg_0" id="B15DDFCA-2DB7-C984-84F8-ED73BBC95D38" containerWithKeyObject="4772BB62-FFB5-5B19-1E6D-F3D9535E65E3" localFKIndex="4DA02F36-F668-3326-794E-F484731ED1B9" name="SICOES_ID_ROL_USU_ROL_FK">
<sourceDDLFile>Modelo DB Renovacion Contrato v5.sql</sourceDDLFile>
<createdBy>wmamani</createdBy>
<createdTime>2025-08-12 21:49:16 UTC</createdTime>
<ownerDesignName>Modelo DB Renovacion Contrato v8</ownerDesignName>
<importedID>1582AD69-12ED-F313-CC61-F79260D10866</importedID>
<referredTableLongName>ES_SICOES.SICOES_TM_ROL</referredTableLongName>
<deleteRule>NO ACTION</deleteRule>
<referredTableID>CF45CCDE-2173-D511-18D4-87703A1FF4CE</referredTableID>
<keyObject>E4968212-1C01-E1D1-2B2A-F8ED0952F3CF</keyObject>
<referredKeyID>E4968212-1C01-E1D1-2B2A-F8ED0952F3CF</referredKeyID>
<mandatory>false</mandatory>
<refColNames>ID_ROL</refColNames>
<transferable>true</transferable>
<rely>false</rely>
<columnDependencyConstraintGenerateInDDL>true</columnDependencyConstraintGenerateInDDL>
</FKIndexAssociation>