<?xml version = '1.0' encoding = 'UTF-8'?>
<FKIndexAssociation class="oracle.dbtools.crest.model.design.relational.FKIndexAssociation" directorySegmentName="seg_0" id="B97CB658-4B39-6118-0F9D-3F68B8618407" containerWithKeyObject="8257EC3A-2D7F-91E5-C46B-A000B502609E" localFKIndex="92D7584B-F6B8-2A92-EB93-8A95ED8DAA5D" name="SICOES_ID_SUPE_PRO_PRO_FK">
<sourceDDLFile>Modelo DB Renovacion Contrato v5.sql</sourceDDLFile>
<createdBy>wmamani</createdBy>
<createdTime>2025-08-12 21:49:16 UTC</createdTime>
<ownerDesignName>Modelo DB Renovacion Contrato v8</ownerDesignName>
<importedID>B251C725-97A0-95FE-1DE6-454688EDF4C2</importedID>
<referredTableLongName>ES_SICOES.SICOES_TM_SUPERVISORA</referredTableLongName>
<deleteRule>NO ACTION</deleteRule>
<referredTableID>07608961-840A-F583-DE3C-1216E9C8A2A3</referredTableID>
<keyObject>F015DBF4-ABC0-9DE2-9C88-A7BF2F81A3C6</keyObject>
<referredKeyID>F015DBF4-ABC0-9DE2-9C88-A7BF2F81A3C6</referredKeyID>
<mandatory>false</mandatory>
<refColNames>ID_SUPERVISORA</refColNames>
<transferable>true</transferable>
<rely>false</rely>
<columnDependencyConstraintGenerateInDDL>true</columnDependencyConstraintGenerateInDDL>
</FKIndexAssociation>