<?xml version = '1.0' encoding = 'UTF-8'?>
<FKIndexAssociation class="oracle.dbtools.crest.model.design.relational.FKIndexAssociation" directorySegmentName="seg_0" id="BB0A333B-47BF-94CE-7A15-837E651613EC" containerWithKeyObject="19BE70AB-0EF8-21C0-8223-01DEF42A0F5D" localFKIndex="9B9AEA06-1A24-FEF9-31D2-3FD74E490608" name="FK_TC_SOLI_PERF_CONT">
<sourceDDLFile>Modelo DB Renovacion Contrato v5.sql</sourceDDLFile>
<createdBy>wmamani</createdBy>
<createdTime>2025-08-12 21:49:16 UTC</createdTime>
<ownerDesignName>Modelo DB Renovacion Contrato v8</ownerDesignName>
<importedID>C42E4EF1-6F3A-7A8B-4995-35D745CC6C69</importedID>
<referredTableLongName>ES_SICOES.SICOES_TC_SOLI_PERF_CONT</referredTableLongName>
<deleteRule>NO ACTION</deleteRule>
<referredTableID>AF57EA65-DE90-1CC7-2128-09468B8B8577</referredTableID>
<keyObject>953E857E-CED8-D2A6-D1A9-6932F29DE34B</keyObject>
<referredKeyID>953E857E-CED8-D2A6-D1A9-6932F29DE34B</referredKeyID>
<mandatory>false</mandatory>
<refColNames>ID_SOLI_PERF_CONT</refColNames>
<transferable>true</transferable>
<rely>false</rely>
<columnDependencyConstraintGenerateInDDL>true</columnDependencyConstraintGenerateInDDL>
</FKIndexAssociation>