<?xml version = '1.0' encoding = 'UTF-8'?>
<FKIndexAssociation class="oracle.dbtools.crest.model.design.relational.FKIndexAssociation" directorySegmentName="seg_0" id="BDE620AA-FA8A-A454-7916-A32566DB37BC" containerWithKeyObject="2C6D623F-9A7C-FDE6-5B6A-4386B0AB472D" localFKIndex="60FD8558-558A-310E-F15A-421FCFE50AF8" name="SICOES_TX_PA_APROBADOR_G2_FK">
<sourceDDLFile>Modelo DB Renovacion Contrato v5.sql</sourceDDLFile>
<createdBy>wmamani</createdBy>
<createdTime>2025-08-12 21:49:16 UTC</createdTime>
<ownerDesignName>Modelo DB Renovacion Contrato v8</ownerDesignName>
<importedID>C249472F-3CDD-8033-30AC-F49346F61CE2</importedID>
<referredTableLongName>ES_SICOES.SICOES_TM_USUARIO</referredTableLongName>
<deleteRule>NO ACTION</deleteRule>
<referredTableID>7F19B4DF-5D9C-F9DF-3AD4-A62303407593</referredTableID>
<keyObject>40DB55A2-FB0F-256F-28D5-6587821EA384</keyObject>
<referredKeyID>40DB55A2-FB0F-256F-28D5-6587821EA384</referredKeyID>
<mandatory>true</mandatory>
<refColNames>ID_USUARIO</refColNames>
<transferable>true</transferable>
<rely>false</rely>
<columnDependencyConstraintGenerateInDDL>true</columnDependencyConstraintGenerateInDDL>
</FKIndexAssociation>