<?xml version = '1.0' encoding = 'UTF-8'?>
<FKIndexAssociation class="oracle.dbtools.crest.model.design.relational.FKIndexAssociation" directorySegmentName="seg_0" id="D88105EC-719B-6931-1E09-92AC71562F30" containerWithKeyObject="B828DFD1-0462-30F4-B725-FBA57A1EC2C1" localFKIndex="54D02B52-7E92-6573-75B9-1545DAA760F4" name="SICOES_TX_SICOES_TM_USUARIO_FK">
<sourceDDLFile>Modelo DB Renovacion Contrato v5.sql</sourceDDLFile>
<createdBy>wmamani</createdBy>
<createdTime>2025-08-12 21:49:16 UTC</createdTime>
<ownerDesignName>Modelo DB Renovacion Contrato v8</ownerDesignName>
<importedID>757274D9-E418-9CE9-C054-B8E028D9BEEA</importedID>
<referredTableLongName>ES_SICOES.SICOES_TM_USUARIO</referredTableLongName>
<deleteRule>NO ACTION</deleteRule>
<referredTableID>7F19B4DF-5D9C-F9DF-3AD4-A62303407593</referredTableID>
<keyObject>40DB55A2-FB0F-256F-28D5-6587821EA384</keyObject>
<referredKeyID>40DB55A2-FB0F-256F-28D5-6587821EA384</referredKeyID>
<mandatory>false</mandatory>
<refColNames>ID_USUARIO</refColNames>
<transferable>true</transferable>
<rely>false</rely>
<columnDependencyConstraintGenerateInDDL>true</columnDependencyConstraintGenerateInDDL>
</FKIndexAssociation>