<?xml version = '1.0' encoding = 'UTF-8'?>
<FKIndexAssociation class="oracle.dbtools.crest.model.design.relational.FKIndexAssociation" directorySegmentName="seg_0" id="D96F8EE9-81C4-9868-2A23-FA21230891EB" containerWithKeyObject="19BE70AB-0EF8-21C0-8223-01DEF42A0F5D" localFKIndex="5E983CB6-488B-DA2E-CE7C-88E3A1CBA1AF" name="FK_TC_EST_RENOV_LISTADO_DET">
<createdBy>wmamani</createdBy>
<createdTime>2025-08-12 21:58:48 UTC</createdTime>
<ownerDesignName>Modelo DB Renovacion Contrato v8</ownerDesignName>
<referredTableLongName>ES_SICOES.SICOES_TM_LISTADO_DETALLE</referredTableLongName>
<deleteRule>NO ACTION</deleteRule>
<referredTableID>A7555C78-104E-6196-13A7-AB5A965C6191</referredTableID>
<keyObject>A78873DB-9290-9D4F-E36C-30108936F1A0</keyObject>
<referredKeyID>A78873DB-9290-9D4F-E36C-30108936F1A0</referredKeyID>
<mandatory>true</mandatory>
<refColNames>ID_LISTADO_DETALLE</refColNames>
<transferable>true</transferable>
<rely>false</rely>
<columnDependencyConstraintGenerateInDDL>true</columnDependencyConstraintGenerateInDDL>
</FKIndexAssociation>