<?xml version = '1.0' encoding = 'UTF-8'?>
<FKIndexAssociation class="oracle.dbtools.crest.model.design.relational.FKIndexAssociation" directorySegmentName="seg_0" id="DC6F56B1-719D-F362-EC5B-6CD5F250C867" containerWithKeyObject="513371F0-7A18-E577-10E1-46BB5B71C4B1" localFKIndex="EC7C5C98-D298-19FA-2142-AC5DA4EC11C1" name="KF_ESTADO_ANTERIOR">
<createdBy>ggarcia</createdBy>
<createdTime>2025-08-15 14:12:13 UTC</createdTime>
<ownerDesignName>Modelo DB Renovacion Contrato v8</ownerDesignName>
<referredTableLongName>ES_SICOES.SICOES_TM_LISTADO_DETALLE</referredTableLongName>
<deleteRule>NO ACTION</deleteRule>
<referredTableID>A7555C78-104E-6196-13A7-AB5A965C6191</referredTableID>
<keyObject>A78873DB-9290-9D4F-E36C-30108936F1A0</keyObject>
<referredKeyID>A78873DB-9290-9D4F-E36C-30108936F1A0</referredKeyID>
<mandatory>true</mandatory>
<refColNames>ID_LISTADO_DETALLE</refColNames>
<transferable>true</transferable>
<rely>false</rely>
<columnDependencyConstraintGenerateInDDL>true</columnDependencyConstraintGenerateInDDL>
</FKIndexAssociation>