<?xml version = '1.0' encoding = 'UTF-8'?>
<FKIndexAssociation class="oracle.dbtools.crest.model.design.relational.FKIndexAssociation" directorySegmentName="seg_0" id="E2E15538-8F9E-09B9-A4E4-4CA1A5D09A56" containerWithKeyObject="A9F6D508-D8AB-B575-193D-9438820F37FA" localFKIndex="5B5831E4-236C-E637-113F-32228E0F3C2F" name="FK_GRUPO_LD">
<createdBy>ggarcia</createdBy>
<createdTime>2025-08-15 14:35:57 UTC</createdTime>
<ownerDesignName>Modelo DB Renovacion Contrato v8</ownerDesignName>
<referredTableLongName>ES_SICOES.SICOES_TM_LISTADO_DETALLE</referredTableLongName>
<deleteRule>NO ACTION</deleteRule>
<referredTableID>A7555C78-104E-6196-13A7-AB5A965C6191</referredTableID>
<keyObject>A78873DB-9290-9D4F-E36C-30108936F1A0</keyObject>
<referredKeyID>A78873DB-9290-9D4F-E36C-30108936F1A0</referredKeyID>
<mandatory>true</mandatory>
<refColNames>ID_LISTADO_DETALLE</refColNames>
<transferable>true</transferable>
<rely>false</rely>
<columnDependencyConstraintGenerateInDDL>true</columnDependencyConstraintGenerateInDDL>
</FKIndexAssociation>