<?xml version = '1.0' encoding = 'UTF-8'?>
<FKIndexAssociation class="oracle.dbtools.crest.model.design.relational.FKIndexAssociation" directorySegmentName="seg_0" id="EACD8467-0BAD-D5EA-CE03-B86F311417E4" containerWithKeyObject="18056DC7-50AA-C935-8CB6-C9B8CE570895" localFKIndex="1A1D75EA-5E71-64D0-56C0-CC95017B8A1C" name="SICOES_ID_PROC_ITEM_PROP_FK">
<sourceDDLFile>Modelo DB Renovacion Contrato v5.sql</sourceDDLFile>
<createdBy>wmamani</createdBy>
<createdTime>2025-08-12 21:49:16 UTC</createdTime>
<ownerDesignName>Modelo DB Renovacion Contrato v8</ownerDesignName>
<importedID>AEB59B8D-6806-F650-E9AB-4C2C8EA47B50</importedID>
<referredTableLongName>ES_SICOES.SICOES_TR_PROCESO_ITEM</referredTableLongName>
<deleteRule>NO ACTION</deleteRule>
<referredTableID>6C2BDF2F-F1E6-04F6-973D-2A74B5C2D596</referredTableID>
<keyObject>621C717C-68BB-7E63-C35B-489C7D24878F</keyObject>
<referredKeyID>621C717C-68BB-7E63-C35B-489C7D24878F</referredKeyID>
<mandatory>false</mandatory>
<refColNames>ID_PROCESO_ITEM</refColNames>
<transferable>true</transferable>
<rely>false</rely>
<columnDependencyConstraintGenerateInDDL>true</columnDependencyConstraintGenerateInDDL>
</FKIndexAssociation>