<?xml version = '1.0' encoding = 'UTF-8'?>
<FKIndexAssociation class="oracle.dbtools.crest.model.design.relational.FKIndexAssociation" directorySegmentName="seg_0" id="EE5440B4-65CB-D90D-3173-A038AE97D81B" containerWithKeyObject="B174CF3E-347D-32C7-A786-4973B665ABFB" localFKIndex="04D4A310-C79D-45ED-C87C-7148E21AC458" name="FK_REQ_APRO_INF_RENOVACION_02">
<sourceDDLFile>Modelo DB Renovacion Contrato v5.sql</sourceDDLFile>
<createdBy>wmamani</createdBy>
<createdTime>2025-08-12 21:49:16 UTC</createdTime>
<ownerDesignName>Modelo DB Renovacion Contrato v8</ownerDesignName>
<importedID>D1655AF1-F2B0-53F9-E73E-E7EF690DF502</importedID>
<referredTableLongName>SICOES_TD_INFORME_RENOVACION</referredTableLongName>
<deleteRule>NO ACTION</deleteRule>
<referredTableID>B828DFD1-0462-30F4-B725-FBA57A1EC2C1</referredTableID>
<keyObject>4270B96F-D3CF-1B64-C87B-6ACB4BE501AD</keyObject>
<referredKeyID>4270B96F-D3CF-1B64-C87B-6ACB4BE501AD</referredKeyID>
<mandatory>false</mandatory>
<refColNames>ID_INFORME_RENOVACION</refColNames>
<transferable>true</transferable>
<rely>false</rely>
<columnDependencyConstraintGenerateInDDL>true</columnDependencyConstraintGenerateInDDL>
</FKIndexAssociation>