<?xml version = '1.0' encoding = 'UTF-8'?>
<FKIndexAssociation class="oracle.dbtools.crest.model.design.relational.FKIndexAssociation" directorySegmentName="seg_0" id="EE97E6CE-4E8E-0DE5-4065-61579A5BCFD9" containerWithKeyObject="B828DFD1-0462-30F4-B725-FBA57A1EC2C1" localFKIndex="0045F9E3-FB67-191F-6449-4620FBBE66A6" name="FK_INFORME_REQUERIMIENTO">
<sourceDDLFile>Modelo DB Renovacion Contrato v5.sql</sourceDDLFile>
<createdBy>wmamani</createdBy>
<createdTime>2025-08-12 21:49:16 UTC</createdTime>
<ownerDesignName>Modelo DB Renovacion Contrato v8</ownerDesignName>
<importedID>85613FDF-FB28-6352-7356-C3097ABAC62A</importedID>
<referredTableLongName>SICOES_TC_REQ_RENOVACION</referredTableLongName>
<deleteRule>NO ACTION</deleteRule>
<referredTableID>19BE70AB-0EF8-21C0-8223-01DEF42A0F5D</referredTableID>
<keyObject>F42E5B09-1492-F8E8-4AE8-6708EA37F82B</keyObject>
<referredKeyID>F42E5B09-1492-F8E8-4AE8-6708EA37F82B</referredKeyID>
<mandatory>true</mandatory>
<refColNames>ID_REQ_RENOVACION</refColNames>
<transferable>true</transferable>
<rely>false</rely>
<columnDependencyConstraintGenerateInDDL>true</columnDependencyConstraintGenerateInDDL>
</FKIndexAssociation>