<?xml version = '1.0' encoding = 'UTF-8'?>
<FKIndexAssociation class="oracle.dbtools.crest.model.design.relational.FKIndexAssociation" directorySegmentName="seg_0" id="F2CEE556-F237-6569-84ED-B0835BFBB7D5" containerWithKeyObject="B828DFD1-0462-30F4-B725-FBA57A1EC2C1" localFKIndex="49D366C6-12A6-E6BE-A412-F0F4E48DAF1D" name="SICOES_INFO_TR_NOTIFICACION_FK">
<sourceDDLFile>Modelo DB Renovacion Contrato v5.sql</sourceDDLFile>
<createdBy>wmamani</createdBy>
<createdTime>2025-08-12 21:49:16 UTC</createdTime>
<ownerDesignName>Modelo DB Renovacion Contrato v8</ownerDesignName>
<importedID>BCE5C2A7-07EE-A291-CC4C-6CFE119D00B5</importedID>
<referredTableLongName>ES_SICOES.SICOES_TR_NOTIFICACION</referredTableLongName>
<deleteRule>NO ACTION</deleteRule>
<referredTableID>4141D512-1600-CA3A-CB78-D9C9A6041A9E</referredTableID>
<keyObject>6DFDE1F0-F80A-B311-551E-2F6167B558E3</keyObject>
<referredKeyID>6DFDE1F0-F80A-B311-551E-2F6167B558E3</referredKeyID>
<mandatory>false</mandatory>
<refColNames>ID_NOTIFICACION</refColNames>
<transferable>true</transferable>
<rely>false</rely>
<columnDependencyConstraintGenerateInDDL>true</columnDependencyConstraintGenerateInDDL>
</FKIndexAssociation>