<?xml version = '1.0' encoding = 'UTF-8'?>
<FKIndexAssociation class="oracle.dbtools.crest.model.design.relational.FKIndexAssociation" directorySegmentName="seg_0" id="F546B47B-3162-9D71-9A7B-70AAB142755E" containerWithKeyObject="35A6DFC2-7CB7-7A48-8BF3-B96E8508287B" localFKIndex="04895E49-8EE5-10CF-4402-4EDC86BD1948" name="SICOES_TC_REQ_INV_TR_NOTIFICACION_FK">
<sourceDDLFile>Modelo DB Renovacion Contrato v5.sql</sourceDDLFile>
<createdBy>wmamani</createdBy>
<createdTime>2025-08-12 21:49:16 UTC</createdTime>
<ownerDesignName>Modelo DB Renovacion Contrato v8</ownerDesignName>
<importedID>458C8CDC-2EE0-565B-6A1A-0BA232314A8A</importedID>
<referredTableLongName>ES_SICOES.SICOES_TR_NOTIFICACION</referredTableLongName>
<deleteRule>NO ACTION</deleteRule>
<referredTableID>4141D512-1600-CA3A-CB78-D9C9A6041A9E</referredTableID>
<keyObject>6DFDE1F0-F80A-B311-551E-2F6167B558E3</keyObject>
<referredKeyID>6DFDE1F0-F80A-B311-551E-2F6167B558E3</referredKeyID>
<mandatory>false</mandatory>
<refColNames>ID_NOTIFICACION</refColNames>
<transferable>true</transferable>
<rely>false</rely>
<columnDependencyConstraintGenerateInDDL>true</columnDependencyConstraintGenerateInDDL>
</FKIndexAssociation>