INSERT INTO "SICOES_TM_LISTADO" (ID_LISTADO, CD_LISTADO, NO_LISTADO, DE_LISTADO, US_CREACION, FE_CREACION, IP_CREACION) VALUES ('54', 'ESTADO_PROCESO', 'Estado de Solicitud', 'Estados de Solicitud', 'SICOES', sysdate, '127.0.0.1');
INSERT INTO "SICOES_TM_LISTADO_DETALLE" (ID_LISTADO_DETALLE, ID_LISTADO, CO_LISTADO_DETALLE, NU_ORDEN, NO_LISTADO_DETALLE, DE_LISTADO_DETALLE, DE_VALOR, US_CREACION, FE_CREACION, IP_CREACION) VALUES ('722', '54', 'EN_ELABORACION', '1', 'En Elaboración', 'En Elaboración', 'En Elaboración', 'SICOES', sysdate, '127.0.0.1');
INSERT INTO "SICOES_TM_LISTADO_DETALLE" (ID_LISTADO_DETALLE, ID_LISTADO, CO_LISTADO_DETALLE, NU_ORDEN, NO_LISTADO_DETALLE, DE_LISTADO_DETALLE, DE_VALOR, US_CREACION, FE_CREACION, IP_CREACION) VALUES ('723', '54', 'CONVOCATORIA', '2', 'Convocatoria', 'Convocatoria', 'Convocatoria', 'SICOES', sysdate, '127.0.0.2');
INSERT INTO "SICOES_TM_LISTADO_DETALLE" (ID_LISTADO_DETALLE, ID_LISTADO, CO_LISTADO_DETALLE, NU_ORDEN, NO_LISTADO_DETALLE, DE_LISTADO_DETALLE, DE_VALOR, US_CREACION, FE_CREACION, IP_CREACION) VALUES ('724', '54', 'PRESENTACION', '3', 'Presentación', 'Presentación', 'Presentación', 'SICOES', sysdate, '127.0.0.3');
INSERT INTO "SICOES_TM_LISTADO_DETALLE" (ID_LISTADO_DETALLE, ID_LISTADO, CO_LISTADO_DETALLE, NU_ORDEN, NO_LISTADO_DETALLE, DE_LISTADO_DETALLE, DE_VALOR, US_CREACION, FE_CREACION, IP_CREACION) VALUES ('758', '54', 'ADMISION_CALIFICACION', '4', 'Admisión y Calificación', 'Admisión y Calificación', 'Admisión y Calificación', 'SICOES', sysdate, '127.0.0.4');
INSERT INTO "SICOES_TM_LISTADO_DETALLE" (ID_LISTADO_DETALLE, ID_LISTADO, CO_LISTADO_DETALLE, NU_ORDEN, NO_LISTADO_DETALLE, DE_LISTADO_DETALLE, DE_VALOR, US_CREACION, FE_CREACION, IP_CREACION) VALUES ('725', '54', 'DESIGNACION', '5', 'Designación', 'Designación', 'Designación', 'SICOES', sysdate, '127.0.0.4');
INSERT INTO "SICOES_TM_LISTADO_DETALLE" (ID_LISTADO_DETALLE, ID_LISTADO, CO_LISTADO_DETALLE, NU_ORDEN, NO_LISTADO_DETALLE, DE_LISTADO_DETALLE, DE_VALOR, US_CREACION, FE_CREACION, IP_CREACION) VALUES ('726', '54', 'CERRADO', '6', 'Cerrado', 'Cerrado', 'Cerrado', 'SICOES', sysdate, '127.0.0.5');


INSERT INTO "SICOES_TM_LISTADO" (ID_LISTADO, CD_LISTADO, NO_LISTADO, DE_LISTADO, US_CREACION, FE_CREACION, IP_CREACION) VALUES ('55', 'ESTADO_ITEM', 'Estado del ITEM', 'Estado del ITEM', 'SICOES', sysdate, '127.0.0.1');
INSERT INTO "SICOES_TM_LISTADO_DETALLE" (ID_LISTADO_DETALLE, ID_LISTADO, CO_LISTADO_DETALLE, NU_ORDEN, NO_LISTADO_DETALLE, DE_LISTADO_DETALLE, DE_VALOR, US_CREACION, FE_CREACION, IP_CREACION) VALUES ('727', '55', 'EN_ELABORACION', '1', 'En Elaboración', 'En Elaboración', 'En Elaboración', 'SICOES', sysdate, '127.0.0.1');
INSERT INTO "SICOES_TM_LISTADO_DETALLE" (ID_LISTADO_DETALLE, ID_LISTADO, CO_LISTADO_DETALLE, NU_ORDEN, NO_LISTADO_DETALLE, DE_LISTADO_DETALLE, DE_VALOR, US_CREACION, FE_CREACION, IP_CREACION) VALUES ('728', '55', 'CONVOCATORIA', '2', 'Convocatoria', 'Convocatoria', 'Convocatoria', 'SICOES', sysdate, '127.0.0.2');
INSERT INTO "SICOES_TM_LISTADO_DETALLE" (ID_LISTADO_DETALLE, ID_LISTADO, CO_LISTADO_DETALLE, NU_ORDEN, NO_LISTADO_DETALLE, DE_LISTADO_DETALLE, DE_VALOR, US_CREACION, FE_CREACION, IP_CREACION) VALUES ('729', '55', 'PRESENTACION', '3', 'Presentación', 'Presentación', 'Presentación', 'SICOES', sysdate, '127.0.0.3');
INSERT INTO "SICOES_TM_LISTADO_DETALLE" (ID_LISTADO_DETALLE, ID_LISTADO, CO_LISTADO_DETALLE, NU_ORDEN, NO_LISTADO_DETALLE, DE_LISTADO_DETALLE, DE_VALOR, US_CREACION, FE_CREACION, IP_CREACION) VALUES ('759', '55', 'ADMISION_CALIFICACION', '4', 'Admisión y Calificación', 'Admisión y Calificación', 'Admisión y Calificación', 'SICOES', sysdate, '127.0.0.4');
INSERT INTO "SICOES_TM_LISTADO_DETALLE" (ID_LISTADO_DETALLE, ID_LISTADO, CO_LISTADO_DETALLE, NU_ORDEN, NO_LISTADO_DETALLE, DE_LISTADO_DETALLE, DE_VALOR, US_CREACION, FE_CREACION, IP_CREACION) VALUES ('730', '55', 'DESIGNACION', '5', 'Designación', 'Designación', 'Designación', 'SICOES', sysdate, '127.0.0.4');
INSERT INTO "SICOES_TM_LISTADO_DETALLE" (ID_LISTADO_DETALLE, ID_LISTADO, CO_LISTADO_DETALLE, NU_ORDEN, NO_LISTADO_DETALLE, DE_LISTADO_DETALLE, DE_VALOR, US_CREACION, FE_CREACION, IP_CREACION) VALUES ('731', '55', 'CONSENTIDO', '6', 'Consentido', 'Consentido', 'Consentido', 'SICOES', sysdate, '127.0.0.5');
INSERT INTO "SICOES_TM_LISTADO_DETALLE" (ID_LISTADO_DETALLE, ID_LISTADO, CO_LISTADO_DETALLE, NU_ORDEN, NO_LISTADO_DETALLE, DE_LISTADO_DETALLE, DE_VALOR, US_CREACION, FE_CREACION, IP_CREACION) VALUES ('732', '55', 'DESIERTO', '7', 'Desierto', 'Desierto', 'Desierto', 'SICOES', sysdate, '127.0.0.6');
INSERT INTO "SICOES_TM_LISTADO_DETALLE" (ID_LISTADO_DETALLE, ID_LISTADO, CO_LISTADO_DETALLE, NU_ORDEN, NO_LISTADO_DETALLE, DE_LISTADO_DETALLE, DE_VALOR, US_CREACION, FE_CREACION, IP_CREACION) VALUES ('733', '55', 'NULO', '8', 'Nulo', 'Nulo', 'Nulo', 'SICOES', sysdate, '127.0.0.7');
INSERT INTO "SICOES_TM_LISTADO_DETALLE" (ID_LISTADO_DETALLE, ID_LISTADO, CO_LISTADO_DETALLE, NU_ORDEN, NO_LISTADO_DETALLE, DE_LISTADO_DETALLE, DE_VALOR, US_CREACION, FE_CREACION, IP_CREACION) VALUES ('734', '55', 'SUSPENDIDO', '9', 'Suspendido', 'Suspendido', 'Suspendido', 'SICOES', sysdate, '127.0.0.8');
INSERT INTO "SICOES_TM_LISTADO_DETALLE" (ID_LISTADO_DETALLE, ID_LISTADO, CO_LISTADO_DETALLE, NU_ORDEN, NO_LISTADO_DETALLE, DE_LISTADO_DETALLE, DE_VALOR, US_CREACION, FE_CREACION, IP_CREACION) VALUES ('735', '55', 'CANCELADO', '10', 'Cancelado', 'Cancelado', 'Cancelado', 'SICOES', sysdate, '127.0.0.9');
INSERT INTO "SICOES_TM_LISTADO_DETALLE" (ID_LISTADO_DETALLE, ID_LISTADO, CO_LISTADO_DETALLE, NU_ORDEN, NO_LISTADO_DETALLE, DE_LISTADO_DETALLE, DE_VALOR, US_CREACION, FE_CREACION, IP_CREACION) VALUES ('764', '55', 'ADJUDICADO', '11', 'Adjudicado', 'Adjudicado', 'Adjudicado', 'SICOES', sysdate, '127.0.0.4');



INSERT INTO "SICOES_TM_LISTADO" (ID_LISTADO, CD_LISTADO, NO_LISTADO, DE_LISTADO, US_CREACION, FE_CREACION, IP_CREACION) VALUES ('56', 'ESTADO_INVITACION', 'Estado de invitación', 'Estado de invitación', 'SICOES', sysdate, '127.0.0.1');
INSERT INTO "SICOES_TM_LISTADO_DETALLE" (ID_LISTADO_DETALLE, ID_LISTADO, CO_LISTADO_DETALLE, NU_ORDEN, NO_LISTADO_DETALLE, DE_LISTADO_DETALLE, DE_VALOR, US_CREACION, FE_CREACION, IP_CREACION) VALUES ('736', '56', 'INVITADO', '1', 'Invitado', 'Invitado', 'Invitado', 'SICOES', sysdate, '127.0.0.1');
INSERT INTO "SICOES_TM_LISTADO_DETALLE" (ID_LISTADO_DETALLE, ID_LISTADO, CO_LISTADO_DETALLE, NU_ORDEN, NO_LISTADO_DETALLE, DE_LISTADO_DETALLE, DE_VALOR, US_CREACION, FE_CREACION, IP_CREACION) VALUES ('737', '56', 'CANCELADO', '2', 'Cancelado', 'Cancelado', 'Cancelado', 'SICOES', sysdate, '127.0.0.2');
INSERT INTO "SICOES_TM_LISTADO_DETALLE" (ID_LISTADO_DETALLE, ID_LISTADO, CO_LISTADO_DETALLE, NU_ORDEN, NO_LISTADO_DETALLE, DE_LISTADO_DETALLE, DE_VALOR, US_CREACION, FE_CREACION, IP_CREACION) VALUES ('738', '56', 'ACEPTADO', '3', 'Aceptado', 'Aceptado', 'Aceptado', 'SICOES', sysdate, '127.0.0.3');
INSERT INTO "SICOES_TM_LISTADO_DETALLE" (ID_LISTADO_DETALLE, ID_LISTADO, CO_LISTADO_DETALLE, NU_ORDEN, NO_LISTADO_DETALLE, DE_LISTADO_DETALLE, DE_VALOR, US_CREACION, FE_CREACION, IP_CREACION) VALUES ('739', '56', 'RECHAZADO', '4', 'Rechazado', 'Rechazado', 'Rechazado', 'SICOES', sysdate, '127.0.0.4');
INSERT INTO "SICOES_TM_LISTADO_DETALLE" (ID_LISTADO_DETALLE, ID_LISTADO, CO_LISTADO_DETALLE, NU_ORDEN, NO_LISTADO_DETALLE, DE_LISTADO_DETALLE, DE_VALOR, US_CREACION, FE_CREACION, IP_CREACION) VALUES ('740', '56', 'CADUCADO', '5', 'Caducado', 'Caducado', 'Caducado', 'SICOES', sysdate, '127.0.0.5');


INSERT INTO "SICOES_TM_LISTADO" (ID_LISTADO, CD_LISTADO, NO_LISTADO, DE_LISTADO, US_CREACION, FE_CREACION, IP_CREACION) VALUES ('57', 'ESTADO_PRESENTACION', 'Estado de presentación', 'Estado de presentación', 'SICOES', sysdate, '127.0.0.1');
INSERT INTO "SICOES_TM_LISTADO_DETALLE" (ID_LISTADO_DETALLE, ID_LISTADO, CO_LISTADO_DETALLE, NU_ORDEN, NO_LISTADO_DETALLE, DE_LISTADO_DETALLE, DE_VALOR, US_CREACION, FE_CREACION, IP_CREACION) VALUES ('742', '57', 'NO_PRESENTADO', '1', 'No Presento', 'No Presento', 'No Presento', 'SICOES', sysdate, '127.0.0.1');
INSERT INTO "SICOES_TM_LISTADO_DETALLE" (ID_LISTADO_DETALLE, ID_LISTADO, CO_LISTADO_DETALLE, NU_ORDEN, NO_LISTADO_DETALLE, DE_LISTADO_DETALLE, DE_VALOR, US_CREACION, FE_CREACION, IP_CREACION) VALUES ('743', '57', 'PRESENTADO', '2', 'Presentado', 'Presentado', 'Presentado', 'SICOES', sysdate, '127.0.0.2');


INSERT INTO "SICOES_TM_LISTADO" (ID_LISTADO, CD_LISTADO, NO_LISTADO, DE_LISTADO, US_CREACION, FE_CREACION, IP_CREACION) VALUES ('58', 'ETAPA_PROCESO', 'Etapas DE Proceso', 'Etapas', 'SICOES', sysdate, '127.0.0.1');
INSERT INTO "SICOES_TM_LISTADO_DETALLE" (ID_LISTADO_DETALLE, ID_LISTADO, CO_LISTADO_DETALLE, NU_ORDEN, NO_LISTADO_DETALLE, DE_LISTADO_DETALLE, DE_VALOR, US_CREACION, FE_CREACION, IP_CREACION) VALUES ('744', '58', 'ETAPA_PRESENTADO', '1', 'Presentación', 'Presentacion', 'Presentacion', 'SICOES', sysdate, '127.0.0.2');


INSERT INTO "SICOES_TM_LISTADO" (ID_LISTADO, CD_LISTADO, NO_LISTADO, DE_LISTADO, US_CREACION, FE_CREACION, IP_CREACION) VALUES ('59', 'CARGO_MIEMBRO', 'Cargos de Miembros', 'Cargos de Miembros', 'SICOES', sysdate, '127.0.0.1');
INSERT INTO "SICOES_TM_LISTADO_DETALLE" (ID_LISTADO_DETALLE, ID_LISTADO, CO_LISTADO_DETALLE, NU_ORDEN, NO_LISTADO_DETALLE, DE_LISTADO_DETALLE, DE_VALOR, US_CREACION, FE_CREACION, IP_CREACION) VALUES ('745', '59', 'C_PRESIDENTE', '1', 'Presidente', 'Presidente', 'Presidente', 'SICOES', sysdate, '127.0.0.2');
INSERT INTO "SICOES_TM_LISTADO_DETALLE" (ID_LISTADO_DETALLE, ID_LISTADO, CO_LISTADO_DETALLE, NU_ORDEN, NO_LISTADO_DETALLE, DE_LISTADO_DETALLE, DE_VALOR, US_CREACION, FE_CREACION, IP_CREACION) VALUES ('746', '59', 'C_PRIMER', '2', 'Segundo Miembro', 'Segundo Miembro', 'Segundo Miembro', 'SICOES', sysdate, '127.0.0.2');
INSERT INTO "SICOES_TM_LISTADO_DETALLE" (ID_LISTADO_DETALLE, ID_LISTADO, CO_LISTADO_DETALLE, NU_ORDEN, NO_LISTADO_DETALLE, DE_LISTADO_DETALLE, DE_VALOR, US_CREACION, FE_CREACION, IP_CREACION) VALUES ('747', '59', 'C_MIEMBRO', '3', 'Tercer Miembro', 'Tercer Miembro', 'Tercer Miembro', 'SICOES', sysdate, '127.0.0.2');


INSERT INTO "SICOES_TM_LISTADO_DETALLE" (ID_LISTADO_DETALLE, ID_LISTADO, CO_LISTADO_DETALLE, NU_ORDEN, NO_LISTADO_DETALLE, DE_LISTADO_DETALLE, DE_VALOR, US_CREACION, FE_CREACION, IP_CREACION) VALUES ('756', '25', 'TA19', '19', 'Archivo Propuesta tecnica', 'Archivo Propuesta tecnica', 'Archivo Propuesta tecnica', 'SICOES', sysdate, '127.0.0.1');
INSERT INTO "SICOES_TM_LISTADO_DETALLE" (ID_LISTADO_DETALLE, ID_LISTADO, CO_LISTADO_DETALLE, NU_ORDEN, NO_LISTADO_DETALLE, DE_LISTADO_DETALLE, DE_VALOR, US_CREACION, FE_CREACION, IP_CREACION) VALUES ('757', '25', 'TA20', '20', 'Archivo Propuesta Economica', 'Archivo Propuesta Economica', 'Archivo Propuesta Economica', 'SICOES', sysdate, '127.0.0.1');


INSERT INTO "SICOES_TM_LISTADO" (ID_LISTADO, CD_LISTADO, NO_LISTADO, DE_LISTADO, US_CREACION, FE_CREACION, IP_CREACION) VALUES ('60', 'ESTADO_MIEMBRO', 'Estado del Miembro', 'Estado del Miembro', 'SICOES', sysdate, '127.0.0.1');
INSERT INTO "SICOES_TM_LISTADO_DETALLE" (ID_LISTADO_DETALLE, ID_LISTADO, CO_LISTADO_DETALLE, NU_ORDEN, NO_LISTADO_DETALLE, DE_LISTADO_DETALLE, DE_VALOR, US_CREACION, FE_CREACION, IP_CREACION) VALUES ('760', '60', 'ACTIVO', '1', 'Activo', 'Activo', 'Activo', 'SICOES', sysdate, '127.0.0.1');
INSERT INTO "SICOES_TM_LISTADO_DETALLE" (ID_LISTADO_DETALLE, ID_LISTADO, CO_LISTADO_DETALLE, NU_ORDEN, NO_LISTADO_DETALLE, DE_LISTADO_DETALLE, DE_VALOR, US_CREACION, FE_CREACION, IP_CREACION) VALUES ('761', '60', 'INACTIVO', '2', 'Inactivo', 'Inactivo', 'Inactivo', 'SICOES', sysdate, '127.0.0.1');


--estado perfil de supervisora
INSERT INTO "ES_SICOES"."SICOES_TM_LISTADO" (ID_LISTADO, CD_LISTADO, NO_LISTADO, DE_LISTADO, US_CREACION, FE_CREACION, IP_CREACION) VALUES ('61', 'ESTADO_SUP_PERFIL', 'Estado Perfil Supervisora', 'Estado Perfil Supervisora', 'SICOES', sysdate, '127.0.0.1');


INSERT INTO "ES_SICOES"."SICOES_TM_LISTADO_DETALLE" (ID_LISTADO_DETALLE, ID_LISTADO, CO_LISTADO_DETALLE, NU_ORDEN, NO_LISTADO_DETALLE, DE_LISTADO_DETALLE, DE_VALOR, US_CREACION, FE_CREACION, IP_CREACION) VALUES ('762', '61', 'BLOQUEADO', '1', 'Bloqueado', 'Bloqueado', 'Bloqueado', 'SICOES', sysdate, '127.0.0.1');
INSERT INTO "ES_SICOES"."SICOES_TM_LISTADO_DETALLE" (ID_LISTADO_DETALLE, ID_LISTADO, CO_LISTADO_DETALLE, NU_ORDEN, NO_LISTADO_DETALLE, DE_LISTADO_DETALLE, DE_VALOR, US_CREACION, FE_CREACION, IP_CREACION) VALUES ('763', '61', 'ACTIVO', '2', 'Activo', 'Activo', 'Activo', 'SICOES', sysdate, '127.0.0.1');

INSERT INTO "ES_SICOES"."SICOES_TM_LISTADO" (ID_LISTADO, CD_LISTADO, NO_LISTADO, DE_LISTADO, US_CREACION, FE_CREACION, IP_CREACION) VALUES ('62', 'TIPO_CONFIGURACION', 'Tipo Configuracion', 'Tipo Configuracion', 'SICOES',sysdate, '127.0.0.1');
INSERT INTO "ES_SICOES"."SICOES_TM_LISTADO_DETALLE" (ID_LISTADO_DETALLE, ID_LISTADO, CO_LISTADO_DETALLE, NU_ORDEN, NO_LISTADO_DETALLE, DE_LISTADO_DETALLE, DE_VALOR, US_CREACION, FE_CREACION, IP_CREACION) VALUES ('836', '62', 'EVALUADORES', '1', 'Evaluadores ', 'Evaluadores ', 'Evaluadores ', 'SICOES', sysdate, '127.0.0.1');
INSERT INTO "ES_SICOES"."SICOES_TM_LISTADO_DETALLE" (ID_LISTADO_DETALLE, ID_LISTADO, CO_LISTADO_DETALLE, NU_ORDEN, NO_LISTADO_DETALLE, DE_LISTADO_DETALLE, DE_VALOR, US_CREACION, FE_CREACION, IP_CREACION) VALUES ('837', '62', 'APROBADORES', '2', 'Aprobadores', 'Aprobadores', 'Aprobadores', 'SICOES', sysdate, '127.0.0.1');

INSERT INTO "ES_SICOES"."SICOES_TM_LISTADO" (ID_LISTADO, CD_LISTADO, NO_LISTADO, DE_LISTADO, US_CREACION, FE_CREACION, IP_CREACION) VALUES ('63', 'TIPO_FACTURACION', 'Tipo de Facturación', 'Tipo de Facturación', 'SICOES', sysdate, '127.0.0.1');

INSERT INTO "ES_SICOES"."SICOES_TM_LISTADO_DETALLE" (ID_LISTADO_DETALLE, ID_LISTADO, CO_LISTADO_DETALLE, NU_ORDEN, NO_LISTADO_DETALLE, DE_LISTADO_DETALLE, DE_VALOR, US_CREACION, FE_CREACION, IP_CREACION) VALUES ('840', '63', 'MIXTA', '1', 'Mixta', 'Mixta', 'Mixta', 'SICOES', sysdate, '127.0.0.1');
INSERT INTO "ES_SICOES"."SICOES_TM_LISTADO_DETALLE" (ID_LISTADO_DETALLE, ID_LISTADO, CO_LISTADO_DETALLE, NU_ORDEN, NO_LISTADO_DETALLE, DE_LISTADO_DETALLE, DE_VALOR, US_CREACION, FE_CREACION, IP_CREACION) VALUES ('841', '63', 'POR_SECTOR', '2', 'Por Sector', 'Por Sector', 'Por Sector', 'SICOES', sysdate, '127.0.0.1');

--BITACORA ITEM---
INSERT INTO "ES_SICOES"."SICOES_TM_LISTADO" (ID_LISTADO, CD_LISTADO, NO_LISTADO, DE_LISTADO, US_CREACION, FE_CREACION, IP_CREACION) VALUES ('64', 'MOTIVO_BLOQUEO_DESBLOQUEO', 'Motivo Bloqueo o Desbloqueo', 'Motivo Bloqueo o Desbloqueo', 'SICOES', sysdate, '127.0.0.1');

INSERT INTO "ES_SICOES"."SICOES_TM_LISTADO_DETALLE" (ID_LISTADO_DETALLE, ID_LISTADO, CO_LISTADO_DETALLE, NU_ORDEN, NO_LISTADO_DETALLE, DE_LISTADO_DETALLE, DE_VALOR, US_CREACION, FE_CREACION, IP_CREACION) VALUES ('842', '64', 'INVITACION_ACEPTADA', '1', 'Aceptación de invitación ', 'Aceptación de invitación ', 'Aceptación de invitación ', 'SICOES', sysdate, '127.0.0.1');
INSERT INTO "ES_SICOES"."SICOES_TM_LISTADO_DETALLE" (ID_LISTADO_DETALLE, ID_LISTADO, CO_LISTADO_DETALLE, NU_ORDEN, NO_LISTADO_DETALLE, DE_LISTADO_DETALLE, DE_VALOR, US_CREACION, FE_CREACION, IP_CREACION) VALUES ('843', '64', 'POSTOR_GANADOR', '2', 'Postor fue registrado como ganador ', 'Postor fue registrado como ganador ', 'Postor fue registrado como ganador ', 'SICOES',sysdate, '127.0.0.1');
INSERT INTO "ES_SICOES"."SICOES_TM_LISTADO_DETALLE" (ID_LISTADO_DETALLE, ID_LISTADO, CO_LISTADO_DETALLE, NU_ORDEN, NO_LISTADO_DETALLE, DE_LISTADO_DETALLE, DE_VALOR, US_CREACION, FE_CREACION, IP_CREACION) VALUES ('844', '64', 'INVITACION_CANCELADA', '3', 'Postor cancelo la invitación ', 'Postor cancelo la invitación ', 'Postor cancelo la invitación ', 'SICOES', sysdate, '127.0.0.1');
INSERT INTO "ES_SICOES"."SICOES_TM_LISTADO_DETALLE" (ID_LISTADO_DETALLE, ID_LISTADO, CO_LISTADO_DETALLE, NU_ORDEN, NO_LISTADO_DETALLE, DE_LISTADO_DETALLE, DE_VALOR, US_CREACION, FE_CREACION, IP_CREACION) VALUES ('845', '64', 'POSTOR_NO_GANADOR', '4', 'No era parte del equipo profesional del postor seleccionado como ganador ', 'No era parte del equipo profesional del postor seleccionado como ganador ', 'No era parte del equipo profesional del postor seleccionado como ganador ', 'SICOES', sysdate, '127.0.0.1');
INSERT INTO "ES_SICOES"."SICOES_TM_LISTADO_DETALLE" (ID_LISTADO_DETALLE, ID_LISTADO, CO_LISTADO_DETALLE, NU_ORDEN, NO_LISTADO_DETALLE, DE_LISTADO_DETALLE, DE_VALOR, US_CREACION, FE_CREACION, IP_CREACION) VALUES ('846', '64', 'PROCESO_CANCELADO', '5', 'El proceso fue declarado: Desierto, Nulo, suspendido o Cancelado', 'El proceso fue declarado: Desierto, Nulo, suspendido o Cancelado', 'El proceso fue declarado: Desierto, Nulo, suspendido o Cancelado', 'SICOES', sysdate, '127.0.0.1');



INSERT INTO "ES_SICOES"."SICOES_TM_LISTADO" (ID_LISTADO, CD_LISTADO, NO_LISTADO, DE_LISTADO, US_CREACION, FE_CREACION, IP_CREACION) VALUES ('65', 'TIPO_MOTIVO_BLOQUEO', 'Tipo Motivo Bloqueo', 'Tipo Motivo Bloqueo', 'SICOES', sysdate, '127.0.0.1');

INSERT INTO "ES_SICOES"."SICOES_TM_LISTADO_DETALLE" (ID_LISTADO_DETALLE, ID_LISTADO, CO_LISTADO_DETALLE, NU_ORDEN, NO_LISTADO_DETALLE, DE_LISTADO_DETALLE, DE_VALOR, US_CREACION, FE_CREACION, IP_CREACION) VALUES ('847', '65', 'AUTOMATICO', '1', 'Motivo Automatico', 'Motivo Automatico', 'Motivo Automatico', 'SICOES', sysdate, '127.0.0.1');
INSERT INTO "ES_SICOES"."SICOES_TM_LISTADO_DETALLE" (ID_LISTADO_DETALLE, ID_LISTADO, CO_LISTADO_DETALLE, NU_ORDEN, NO_LISTADO_DETALLE, DE_LISTADO_DETALLE, DE_VALOR, US_CREACION, FE_CREACION, IP_CREACION) VALUES ('848', '65', 'MANUAL', '2', 'Motivo Manual', 'Motivo Manual', 'Motivo Manual', 'SICOES', sysdate, '127.0.0.1');


INSERT INTO "ES_SICOES"."SICOES_TM_LISTADO" (ID_LISTADO, CD_LISTADO, NO_LISTADO, DE_LISTADO, US_CREACION, FE_CREACION, IP_CREACION) VALUES ('66', 'ACCION_BLOQUEO_DESBLOQUEO', 'Accion de Bloqueo o Desbloqueo', 'Accion de Bloqueo o Desbloqueo', 'SICOES', sysdate, '127.0.0.1');

INSERT INTO "ES_SICOES"."SICOES_TM_LISTADO_DETALLE" (ID_LISTADO_DETALLE, ID_LISTADO, CO_LISTADO_DETALLE, NU_ORDEN, NO_LISTADO_DETALLE, DE_LISTADO_DETALLE, DE_VALOR, US_CREACION, FE_CREACION, IP_CREACION) VALUES ('849', '66', 'BLOQUEO', '1', 'Bloqueo', 'Bloqueo', 'Bloqueo', 'SICOES', sysdate, '127.0.0.1');
INSERT INTO "ES_SICOES"."SICOES_TM_LISTADO_DETALLE" (ID_LISTADO_DETALLE, ID_LISTADO, CO_LISTADO_DETALLE, NU_ORDEN, NO_LISTADO_DETALLE, DE_LISTADO_DETALLE, DE_VALOR, US_CREACION, FE_CREACION, IP_CREACION) VALUES ('850', '66', 'DESBLOQUEO', '2', 'Desbloqueo', 'Desbloqueo', 'Desbloqueo', 'SICOES', sysdate, '127.0.0.1');



----ROL
Insert into SICOES_TM_ROL (ID_ROL,ID_ESTADO_LD,NO_ROL,DE_ROL,CO_ROL,US_CREACION,FE_CREACION,IP_CREACION,US_ACTUALIZACION,FE_ACTUALIZACION,IP_ACTUALIZACION) values ('8','103','Administrados de Procesos','Administrador de Procesos','08','SICOES', sysdate, '127.0.0.1',null,null,null); 	

Insert into SICOES_TM_ROL (ID_ROL,ID_ESTADO_LD,NO_ROL,DE_ROL,CO_ROL,US_CREACION,FE_CREACION,IP_CREACION,US_ACTUALIZACION,FE_ACTUALIZACION,IP_ACTUALIZACION) values ('9','103','Administrador de Bloqueos','Administrador de Bloqueos','09','SICOES', sysdate, '127.0.0.1',null,null,null); 	

---OPCION
Insert into SICOES_TM_OPCION (ID_OPCION,ID_PADRE,ID_ESTADO_LD,NO_OPCION,DE_OPCION,CO_OPCION,NU_ORDEN,FL_VISIBLE,US_CREACION,FE_CREACION,IP_CREACION,US_ACTUALIZACION,FE_ACTUALIZACION,IP_ACTUALIZACION) values ('22',null,null,'Ver Bandeja','Bandeja de Procesos (Usuario Interno)', 'OP_22','22',null,'SICOES', sysdate, '127.0.0.1',null,null,null);
Insert into SICOES_TM_OPCION (ID_OPCION,ID_PADRE,ID_ESTADO_LD,NO_OPCION,DE_OPCION,CO_OPCION,NU_ORDEN,FL_VISIBLE,US_CREACION,FE_CREACION,IP_CREACION,US_ACTUALIZACION,FE_ACTUALIZACION,IP_ACTUALIZACION) values ('23',null,null,'Ver Bandeja','Bandeja de Procesos (Usuario Externo)', 'OP_23', '23',null, 'SICOES', sysdate, '127.0.0.1',null,null,null);
Insert into SICOES_TM_OPCION (ID_OPCION,ID_PADRE,ID_ESTADO_LD,NO_OPCION,DE_OPCION,CO_OPCION,NU_ORDEN,FL_VISIBLE,US_CREACION,FE_CREACION,IP_CREACION,US_ACTUALIZACION,FE_ACTUALIZACION,IP_ACTUALIZACION) values ('24',null,null,'Ver Bandeja','Bandeja de Invitaciones (Usuario Externo)', 'OP_24', '24',null, 'SICOES', sysdate, '127.0.0.1',null,null,null);

Insert into SICOES_TM_OPCION (ID_OPCION,ID_PADRE,ID_ESTADO_LD,NO_OPCION,DE_OPCION,CO_OPCION,NU_ORDEN,FL_VISIBLE,US_CREACION,FE_CREACION,IP_CREACION,US_ACTUALIZACION,FE_ACTUALIZACION,IP_ACTUALIZACION) values ('25',null,null,'Ver Bandeja','Bandeja de Bloqueos ', 'OP_25', '25',null, 'SICOES', sysdate, '127.0.0.1',null,null,null);


--ROL_OPCION

Insert into SICOES_TM_ROL_OPCION (ID_ROL_OPCION,ID_OPCION,ID_ROL,US_CREACION,FE_CREACION,IP_CREACION,US_ACTUALIZACION,FE_ACTUALIZACION,IP_ACTUALIZACION) values ('24', '22', '8', 'SICOES', sysdate, '127.0.0.1',null,null,null);
Insert into SICOES_TM_ROL_OPCION (ID_ROL_OPCION,ID_OPCION,ID_ROL,US_CREACION,FE_CREACION,IP_CREACION,US_ACTUALIZACION,FE_ACTUALIZACION,IP_ACTUALIZACION) values ('25', '23', '6', 'SICOES', sysdate, '127.0.0.1',null,null,null);
Insert into SICOES_TM_ROL_OPCION (ID_ROL_OPCION,ID_OPCION,ID_ROL,US_CREACION,FE_CREACION,IP_CREACION,US_ACTUALIZACION,FE_ACTUALIZACION,IP_ACTUALIZACION) values ('26', '24', '6', 'SICOES', sysdate, '127.0.0.1',null,null,null);

Insert into SICOES_TM_ROL_OPCION (ID_ROL_OPCION,ID_OPCION,ID_ROL,US_CREACION,FE_CREACION,IP_CREACION,US_ACTUALIZACION,FE_ACTUALIZACION,IP_ACTUALIZACION) values ('27', '25', '9', 'SICOES', sysdate, '127.0.0.1',null,null,null);



UPDATE "SICOES_TM_LISTADO_DETALLE" SET NO_LISTADO_DETALLE = 'Declaración Jurada' WHERE ID_LISTADO_DETALLE = '116';

COMMIT;