/*DATA DESARROLLO*/
Insert into SICOES_TM_USUARIO (ID_USUARIO,DE_RUC,DE_CONTRASENIA,DE_RAZON_SOCIAL,DE_CORREO,US_CREACION,FE_CREACION,IP_CREACION,US_ACTUALIZACION,FE_ACTUALIZACION,IP_ACTUALIZACION,NO_USUARIO,DE_USUARIO) values ('1','20566213932','$2a$10$QU/kOtNKBdN6Hmkr.osPp.V3rKcGp9QtruuXuv2MpV8FNAQgqru3W','CELSAT PERU SAC','CELSAT@GMAIL.COM','SICOES',sysdate,'127.0.0.1',null,null,null,null,'20566213932');
Insert into SICOES_TM_USUARIO (ID_USUARIO,DE_RUC,DE_CONTRASENIA,DE_RAZON_SOCIAL,DE_CORREO,US_CREACION,FE_CREACION,IP_CREACION,US_ACTUALIZACION,FE_ACTUALIZACION,IP_ACTUALIZACION,NO_USUARIO,DE_USUARIO) values ('2',null,'$2a$10$QU/kOtNKBdN6Hmkr.osPp.V3rKcGp9QtruuXuv2MpV8FNAQgqru3W',null,'CELSAT@GMAIL.COM','SICOES',sysdate,'127.0.0.1',null,null,null,'rzegarra','rzegarra');
Insert into SICOES_TM_USUARIO (ID_USUARIO,DE_RUC,DE_CONTRASENIA,DE_RAZON_SOCIAL,DE_CORREO,US_CREACION,FE_CREACION,IP_CREACION,US_ACTUALIZACION,FE_ACTUALIZACION,IP_ACTUALIZACION,NO_USUARIO,DE_USUARIO) values ('3',null,'$2a$10$QU/kOtNKBdN6Hmkr.osPp.V3rKcGp9QtruuXuv2MpV8FNAQgqru3W',null,'CELSAT@GMAIL.COM','SICOES',sysdate,'127.0.0.1',null,null,null,'jurcia','jurcia');
Insert into SICOES_TM_USUARIO (ID_USUARIO,DE_RUC,DE_CONTRASENIA,DE_RAZON_SOCIAL,DE_CORREO,US_CREACION,FE_CREACION,IP_CREACION,US_ACTUALIZACION,FE_ACTUALIZACION,IP_ACTUALIZACION,NO_USUARIO,DE_USUARIO) values ('4',null,'$2a$10$QU/kOtNKBdN6Hmkr.osPp.V3rKcGp9QtruuXuv2MpV8FNAQgqru3W',null,'CELSAT@GMAIL.COM','SICOES',sysdate,'127.0.0.1',null,null,null,'ksilvap','ksilvap');
Insert into SICOES_TM_USUARIO (ID_USUARIO,DE_RUC,DE_CONTRASENIA,DE_RAZON_SOCIAL,DE_CORREO,US_CREACION,FE_CREACION,IP_CREACION,US_ACTUALIZACION,FE_ACTUALIZACION,IP_ACTUALIZACION,NO_USUARIO,DE_USUARIO) values ('5',null,'$2a$10$QU/kOtNKBdN6Hmkr.osPp.V3rKcGp9QtruuXuv2MpV8FNAQgqru3W',null,'CELSAT@GMAIL.COM','SICOES',sysdate,'127.0.0.1',null,null,null,'Luis Rosales','restecnico');
Insert into SICOES_TM_USUARIO (ID_USUARIO,DE_RUC,DE_CONTRASENIA,DE_RAZON_SOCIAL,DE_CORREO,US_CREACION,FE_CREACION,IP_CREACION,US_ACTUALIZACION,FE_ACTUALIZACION,IP_ACTUALIZACION,NO_USUARIO,DE_USUARIO) values ('6',null,'$2a$10$QU/kOtNKBdN6Hmkr.osPp.V3rKcGp9QtruuXuv2MpV8FNAQgqru3W',null,'CELSAT@GMAIL.COM','SICOES',sysdate,'127.0.0.1',null,null,null,'Walter Duran','evafina');

Insert into SICOES_TM_USUARIO (ID_USUARIO,DE_RUC,DE_CONTRASENIA,DE_RAZON_SOCIAL,DE_CORREO,US_CREACION,FE_CREACION,IP_CREACION,US_ACTUALIZACION,FE_ACTUALIZACION,IP_ACTUALIZACION,NO_USUARIO,DE_USUARIO) values ('7',null,'$2a$10$QU/kOtNKBdN6Hmkr.osPp.V3rKcGp9QtruuXuv2MpV8FNAQgqru3W',null,'CELSAT@GMAIL.COM','SICOES',sysdate,'127.0.0.1',null,null,null,'EFIELD','EFIELD');
Insert into SICOES_TM_USUARIO (ID_USUARIO,DE_RUC,DE_CONTRASENIA,DE_RAZON_SOCIAL,DE_CORREO,US_CREACION,FE_CREACION,IP_CREACION,US_ACTUALIZACION,FE_ACTUALIZACION,IP_ACTUALIZACION,NO_USUARIO,DE_USUARIO) values ('8',null,'$2a$10$QU/kOtNKBdN6Hmkr.osPp.V3rKcGp9QtruuXuv2MpV8FNAQgqru3W',null,'CELSAT@GMAIL.COM','SICOES',sysdate,'127.0.0.1',null,null,null,'RVERAC','RVERAC');
Insert into SICOES_TM_USUARIO (ID_USUARIO,DE_RUC,DE_CONTRASENIA,DE_RAZON_SOCIAL,DE_CORREO,US_CREACION,FE_CREACION,IP_CREACION,US_ACTUALIZACION,FE_ACTUALIZACION,IP_ACTUALIZACION,NO_USUARIO,DE_USUARIO) values ('9',null,'$2a$10$QU/kOtNKBdN6Hmkr.osPp.V3rKcGp9QtruuXuv2MpV8FNAQgqru3W',null,'CELSAT@GMAIL.COM','SICOES',sysdate,'127.0.0.1',null,null,null,'JVASQUEZG','JVASQUEZG');
Insert into SICOES_TM_USUARIO (ID_USUARIO,DE_RUC,DE_CONTRASENIA,DE_RAZON_SOCIAL,DE_CORREO,US_CREACION,FE_CREACION,IP_CREACION,US_ACTUALIZACION,FE_ACTUALIZACION,IP_ACTUALIZACION,NO_USUARIO,DE_USUARIO) values ('10',null,'$2a$10$QU/kOtNKBdN6Hmkr.osPp.V3rKcGp9QtruuXuv2MpV8FNAQgqru3W',null,'CELSAT@GMAIL.COM','SICOES',sysdate,'127.0.0.1',null,null,null,'AOLIVERA','AOLIVERA');
Insert into SICOES_TM_USUARIO (ID_USUARIO,DE_RUC,DE_CONTRASENIA,DE_RAZON_SOCIAL,DE_CORREO,US_CREACION,FE_CREACION,IP_CREACION,US_ACTUALIZACION,FE_ACTUALIZACION,IP_ACTUALIZACION,NO_USUARIO,DE_USUARIO) values ('11',null,'$2a$10$QU/kOtNKBdN6Hmkr.osPp.V3rKcGp9QtruuXuv2MpV8FNAQgqru3W',null,'CELSAT@GMAIL.COM','SICOES',sysdate,'127.0.0.1',null,null,null,'AOYOLA','AOYOLA');


--PRUEBAS OSINERGMIN
--INSERTS SICOES_TM_USUARIO

INSERT INTO SICOES_TM_USUARIO
(ID_USUARIO, ID_TIPO_PERSONA_LD, DE_USUARIO, DE_RUC, NO_USUARIO, DE_CONTRASENIA, DE_RAZON_SOCIAL, DE_CORREO, US_CREACION, FE_CREACION, IP_CREACION, US_ACTUALIZACION, FE_ACTUALIZACION, IP_ACTUALIZACION)
VALUES(18, NULL, 'AALFARO', NULL, 'ANA ALFARO', '$2a$10$QU/kOtNKBdN6Hmkr.osPp.V3rKcGp9QtruuXuv2MpV8FNAQgqru3W', NULL, 'CELSAT@GMAIL.COM', 'SICOES', sysdate, '127.0.0.1', NULL, NULL, NULL);
INSERT INTO SICOES_TM_USUARIO
(ID_USUARIO, ID_TIPO_PERSONA_LD, DE_USUARIO, DE_RUC, NO_USUARIO, DE_CONTRASENIA, DE_RAZON_SOCIAL, DE_CORREO, US_CREACION, FE_CREACION, IP_CREACION, US_ACTUALIZACION, FE_ACTUALIZACION, IP_ACTUALIZACION)
VALUES(19, NULL, 'AALCA', NULL, 'ANGELA ALCA', '$2a$10$QU/kOtNKBdN6Hmkr.osPp.V3rKcGp9QtruuXuv2MpV8FNAQgqru3W', NULL, 'CELSAT@GMAIL.COM', 'SICOES', sysdate, '127.0.0.1', NULL, NULL, NULL);
INSERT INTO SICOES_TM_USUARIO
(ID_USUARIO, ID_TIPO_PERSONA_LD, DE_USUARIO, DE_RUC, NO_USUARIO, DE_CONTRASENIA, DE_RAZON_SOCIAL, DE_CORREO, US_CREACION, FE_CREACION, IP_CREACION, US_ACTUALIZACION, FE_ACTUALIZACION, IP_ACTUALIZACION)
VALUES(20, NULL, 'AORTEGA', NULL, 'ANDRES ORTEGA', '$2a$10$QU/kOtNKBdN6Hmkr.osPp.V3rKcGp9QtruuXuv2MpV8FNAQgqru3W', NULL, 'CELSAT@GMAIL.COM', 'SICOES', sysdate, '127.0.0.1', NULL, NULL, NULL);
INSERT INTO SICOES_TM_USUARIO
(ID_USUARIO, ID_TIPO_PERSONA_LD, DE_USUARIO, DE_RUC, NO_USUARIO, DE_CONTRASENIA, DE_RAZON_SOCIAL, DE_CORREO, US_CREACION, FE_CREACION, IP_CREACION, US_ACTUALIZACION, FE_ACTUALIZACION, IP_ACTUALIZACION)
VALUES(21, NULL, 'AORTIZ', NULL, 'ANTHONY ORTIZ', '$2a$10$QU/kOtNKBdN6Hmkr.osPp.V3rKcGp9QtruuXuv2MpV8FNAQgqru3W', NULL, 'CELSAT@GMAIL.COM', 'SICOES', sysdate, '127.0.0.1', NULL, NULL, NULL);
INSERT INTO SICOES_TM_USUARIO
(ID_USUARIO, ID_TIPO_PERSONA_LD, DE_USUARIO, DE_RUC, NO_USUARIO, DE_CONTRASENIA, DE_RAZON_SOCIAL, DE_CORREO, US_CREACION, FE_CREACION, IP_CREACION, US_ACTUALIZACION, FE_ACTUALIZACION, IP_ACTUALIZACION)
VALUES(22, NULL, 'CBANDINI', NULL, 'CBANDINI', '$2a$10$QU/kOtNKBdN6Hmkr.osPp.V3rKcGp9QtruuXuv2MpV8FNAQgqru3W', NULL, 'CELSAT@GMAIL.COM', 'SICOES', sysdate, '127.0.0.1', NULL, NULL, NULL);
INSERT INTO SICOES_TM_USUARIO
(ID_USUARIO, ID_TIPO_PERSONA_LD, DE_USUARIO, DE_RUC, NO_USUARIO, DE_CONTRASENIA, DE_RAZON_SOCIAL, DE_CORREO, US_CREACION, FE_CREACION, IP_CREACION, US_ACTUALIZACION, FE_ACTUALIZACION, IP_ACTUALIZACION)
VALUES(23, NULL, 'CBARREDA', NULL, 'CBARREDA', '$2a$10$QU/kOtNKBdN6Hmkr.osPp.V3rKcGp9QtruuXuv2MpV8FNAQgqru3W', NULL, 'CELSAT@GMAIL.COM', 'SICOES', sysdate, '127.0.0.1', NULL, NULL, NULL);
INSERT INTO SICOES_TM_USUARIO
(ID_USUARIO, ID_TIPO_PERSONA_LD, DE_USUARIO, DE_RUC, NO_USUARIO, DE_CONTRASENIA, DE_RAZON_SOCIAL, DE_CORREO, US_CREACION, FE_CREACION, IP_CREACION, US_ACTUALIZACION, FE_ACTUALIZACION, IP_ACTUALIZACION)
VALUES(24, NULL, 'CBARRENO', NULL, 'CBARRENO', '$2a$10$QU/kOtNKBdN6Hmkr.osPp.V3rKcGp9QtruuXuv2MpV8FNAQgqru3W', NULL, 'CELSAT@GMAIL.COM', 'SICOES', sysdate, '127.0.0.1', NULL, NULL, NULL);

INSERT INTO SICOES_TM_USUARIO 
(ID_USUARIO, ID_TIPO_DOCUMENTO_LD, DE_RUC, ID_PAIS_LD, DE_USUARIO, NO_USUARIO, DE_CONTRASENIA, DE_RAZON_SOCIAL, DE_CORREO, NU_TELEFONO, US_CREACION, FE_CREACION, IP_CREACION) 
VALUES ('32', '667', '20605040421', '527', 'PLADIT S.A.C', 'PLADIT S.A.C', '$2a$10$QU/kOtNKBdN6Hmkr.osPp.V3rKcGp9QtruuXuv2MpV8FNAQgqru3W', 'PLADIT S.A.C', 'rios.jader.20.04@gmail.com', '987456123', 'SICOES', sysdate, '127.0.0.1');

/*
 * Insert into SICOES_TM_ROL (ID_ROL,ID_ESTADO_LD,NO_ROL,DE_ROL,CO_ROL,US_CREACION,FE_CREACION,IP_CREACION,US_ACTUALIZACION,FE_ACTUALIZACION,IP_ACTUALIZACION) values ('1','103','Responsable Administrativo ','Responsable Administrativo (Asignar ET)','01','SICOES',to_timestamp('12/11/22 11:23:43,364000000 AM','DD/MM/RR HH12:MI:SSXFF AM'),'127.0.0.1',null,null,null);
Insert into SICOES_TM_ROL (ID_ROL,ID_ESTADO_LD,NO_ROL,DE_ROL,CO_ROL,US_CREACION,FE_CREACION,IP_CREACION,US_ACTUALIZACION,FE_ACTUALIZACION,IP_ACTUALIZACION) values ('2','103','Responsable Técnico','Responsable técnico (Asignar EA)','02','SICOES',to_timestamp('12/11/22 11:23:43,364000000 AM','DD/MM/RR HH12:MI:SSXFF AM'),'127.0.0.1',null,null,null);
Insert into SICOES_TM_ROL (ID_ROL,ID_ESTADO_LD,NO_ROL,DE_ROL,CO_ROL,US_CREACION,FE_CREACION,IP_CREACION,US_ACTUALIZACION,FE_ACTUALIZACION,IP_ACTUALIZACION) values ('3','103','Evaluador Administrativo','Evaluadores administrativos (EA)','03','SICOES',to_timestamp('12/11/22 11:23:43,364000000 AM','DD/MM/RR HH12:MI:SSXFF AM'),'127.0.0.1',null,null,null);
Insert into SICOES_TM_ROL (ID_ROL,ID_ESTADO_LD,NO_ROL,DE_ROL,CO_ROL,US_CREACION,FE_CREACION,IP_CREACION,US_ACTUALIZACION,FE_ACTUALIZACION,IP_ACTUALIZACION) values ('4','103','Evaluador Técnico','Evaluadores técnicos (ET)','04','SICOES',to_timestamp('12/11/22 11:23:43,364000000 AM','DD/MM/RR HH12:MI:SSXFF AM'),'127.0.0.1',null,null,null);
Insert into SICOES_TM_ROL (ID_ROL,ID_ESTADO_LD,NO_ROL,DE_ROL,CO_ROL,US_CREACION,FE_CREACION,IP_CREACION,US_ACTUALIZACION,FE_ACTUALIZACION,IP_ACTUALIZACION) values ('5','103','Aprobador','Evaluador que finaliza la evaluación de la solicitud (Finaliza Revisión)','05','SICOES',to_timestamp('12/11/22 11:23:43,364000000 AM','DD/MM/RR HH12:MI:SSXFF AM'),'127.0.0.1',null,null,null);
Insert into SICOES_TM_ROL (ID_ROL,ID_ESTADO_LD,NO_ROL,DE_ROL,CO_ROL,US_CREACION,FE_CREACION,IP_CREACION,US_ACTUALIZACION,FE_ACTUALIZACION,IP_ACTUALIZACION) values ('6','103','Usuario Externo','Usuario Externo','06','SICOES',to_timestamp('12/11/22 11:23:43,364000000 AM','DD/MM/RR HH12:MI:SSXFF AM'),'127.0.0.1',null,null,null);
*/


Insert into SICOES_TM_USUARIO_ROL (ID_USUARIO_ROL,ID_ROL,ID_USUARIO,US_CREACION,FE_CREACION,IP_CREACION,US_ACTUALIZACION,FE_ACTUALIZACION,IP_ACTUALIZACION) values ('1','6','1','SICOES',sysdate,'127.0.0.1',null,null,null);

Insert into SICOES_TM_USUARIO_ROL (ID_USUARIO_ROL,ID_ROL,ID_USUARIO,US_CREACION,FE_CREACION,IP_CREACION,US_ACTUALIZACION,FE_ACTUALIZACION,IP_ACTUALIZACION) values ('2','2','2','SICOES',sysdate,'127.0.0.1',null,null,null);
Insert into SICOES_TM_USUARIO_ROL (ID_USUARIO_ROL,ID_ROL,ID_USUARIO,US_CREACION,FE_CREACION,IP_CREACION,US_ACTUALIZACION,FE_ACTUALIZACION,IP_ACTUALIZACION) values ('3','4','2','SICOES',sysdate,'127.0.0.1',null,null,null);


Insert into SICOES_TM_USUARIO_ROL (ID_USUARIO_ROL,ID_ROL,ID_USUARIO,US_CREACION,FE_CREACION,IP_CREACION,US_ACTUALIZACION,FE_ACTUALIZACION,IP_ACTUALIZACION) values ('4','3','3','SICOES',sysdate,'127.0.0.1',null,null,null);
Insert into SICOES_TM_USUARIO_ROL (ID_USUARIO_ROL,ID_ROL,ID_USUARIO,US_CREACION,FE_CREACION,IP_CREACION,US_ACTUALIZACION,FE_ACTUALIZACION,IP_ACTUALIZACION) values ('5','4','3','SICOES',sysdate,'127.0.0.1',null,null,null);

Insert into SICOES_TM_USUARIO_ROL (ID_USUARIO_ROL,ID_ROL,ID_USUARIO,US_CREACION,FE_CREACION,IP_CREACION,US_ACTUALIZACION,FE_ACTUALIZACION,IP_ACTUALIZACION) values ('6','1','4','SICOES',sysdate,'127.0.0.1',null,null,null);
Insert into SICOES_TM_USUARIO_ROL (ID_USUARIO_ROL,ID_ROL,ID_USUARIO,US_CREACION,FE_CREACION,IP_CREACION,US_ACTUALIZACION,FE_ACTUALIZACION,IP_ACTUALIZACION) values ('7','3','4','SICOES',sysdate,'127.0.0.1',null,null,null);

Insert into SICOES_TM_USUARIO_ROL (ID_USUARIO_ROL,ID_ROL,ID_USUARIO,US_CREACION,FE_CREACION,IP_CREACION,US_ACTUALIZACION,FE_ACTUALIZACION,IP_ACTUALIZACION) values ('8','3','7','SICOES',sysdate,'127.0.0.1',null,null,null);
Insert into SICOES_TM_USUARIO_ROL (ID_USUARIO_ROL,ID_ROL,ID_USUARIO,US_CREACION,FE_CREACION,IP_CREACION,US_ACTUALIZACION,FE_ACTUALIZACION,IP_ACTUALIZACION) values ('9','4','7','SICOES',sysdate,'127.0.0.1',null,null,null);


Insert into SICOES_TM_USUARIO_ROL (ID_USUARIO_ROL,ID_ROL,ID_USUARIO,US_CREACION,FE_CREACION,IP_CREACION,US_ACTUALIZACION,FE_ACTUALIZACION,IP_ACTUALIZACION) values ('10','5','8','SICOES',sysdate,'127.0.0.1',null,null,null);
Insert into SICOES_TM_USUARIO_ROL (ID_USUARIO_ROL,ID_ROL,ID_USUARIO,US_CREACION,FE_CREACION,IP_CREACION,US_ACTUALIZACION,FE_ACTUALIZACION,IP_ACTUALIZACION) values ('11','7','9','SICOES',sysdate,'127.0.0.1',null,null,null);

Insert into SICOES_TM_USUARIO_ROL (ID_USUARIO_ROL,ID_ROL,ID_USUARIO,US_CREACION,FE_CREACION,IP_CREACION,US_ACTUALIZACION,FE_ACTUALIZACION,IP_ACTUALIZACION) values ('12','5','10','SICOES',sysdate,'127.0.0.1',null,null,null);
Insert into SICOES_TM_USUARIO_ROL (ID_USUARIO_ROL,ID_ROL,ID_USUARIO,US_CREACION,FE_CREACION,IP_CREACION,US_ACTUALIZACION,FE_ACTUALIZACION,IP_ACTUALIZACION) values ('13','5','11','SICOES',sysdate,'127.0.0.1',null,null,null);


--INSERTS SICOES_TM_USUARIO_ROL

INSERT INTO SICOES_TM_USUARIO_ROL
(ID_USUARIO_ROL, ID_ROL, ID_USUARIO, US_CREACION, FE_CREACION, IP_CREACION, US_ACTUALIZACION, FE_ACTUALIZACION, IP_ACTUALIZACION)
VALUES(20, 2, 18, 'SICOES', sysdate, '127.0.0.1', NULL, NULL, NULL);
INSERT INTO SICOES_TM_USUARIO_ROL
(ID_USUARIO_ROL, ID_ROL, ID_USUARIO, US_CREACION, FE_CREACION, IP_CREACION, US_ACTUALIZACION, FE_ACTUALIZACION, IP_ACTUALIZACION)
VALUES(21, 4, 18, 'SICOES', sysdate, '127.0.0.1', NULL, NULL, NULL);
INSERT INTO SICOES_TM_USUARIO_ROL
(ID_USUARIO_ROL, ID_ROL, ID_USUARIO, US_CREACION, FE_CREACION, IP_CREACION, US_ACTUALIZACION, FE_ACTUALIZACION, IP_ACTUALIZACION)
VALUES(22, 1, 19, 'SICOES', sysdate, '127.0.0.1', NULL, NULL, NULL);
INSERT INTO SICOES_TM_USUARIO_ROL
(ID_USUARIO_ROL, ID_ROL, ID_USUARIO, US_CREACION, FE_CREACION, IP_CREACION, US_ACTUALIZACION, FE_ACTUALIZACION, IP_ACTUALIZACION)
VALUES(23, 3, 19, 'SICOES', sysdate, '127.0.0.1', NULL, NULL, NULL);
INSERT INTO SICOES_TM_USUARIO_ROL
(ID_USUARIO_ROL, ID_ROL, ID_USUARIO, US_CREACION, FE_CREACION, IP_CREACION, US_ACTUALIZACION, FE_ACTUALIZACION, IP_ACTUALIZACION)
VALUES(24, 4, 20, 'SICOES', sysdate, '127.0.0.1', NULL, NULL, NULL);
INSERT INTO SICOES_TM_USUARIO_ROL
(ID_USUARIO_ROL, ID_ROL, ID_USUARIO, US_CREACION, FE_CREACION, IP_CREACION, US_ACTUALIZACION, FE_ACTUALIZACION, IP_ACTUALIZACION)
VALUES(25, 3, 21, 'SICOES', sysdate, '127.0.0.1', NULL, NULL, NULL);
INSERT INTO SICOES_TM_USUARIO_ROL
(ID_USUARIO_ROL, ID_ROL, ID_USUARIO, US_CREACION, FE_CREACION, IP_CREACION, US_ACTUALIZACION, FE_ACTUALIZACION, IP_ACTUALIZACION)
VALUES(26, 5, 22, 'SICOES', sysdate, '127.0.0.1', NULL, NULL, NULL);
INSERT INTO SICOES_TM_USUARIO_ROL
(ID_USUARIO_ROL, ID_ROL, ID_USUARIO, US_CREACION, FE_CREACION, IP_CREACION, US_ACTUALIZACION, FE_ACTUALIZACION, IP_ACTUALIZACION)
VALUES(27, 5, 23, 'SICOES', sysdate, '127.0.0.1', NULL, NULL, NULL);
INSERT INTO SICOES_TM_USUARIO_ROL
(ID_USUARIO_ROL, ID_ROL, ID_USUARIO, US_CREACION, FE_CREACION, IP_CREACION, US_ACTUALIZACION, FE_ACTUALIZACION, IP_ACTUALIZACION)
VALUES(28, 5, 24, 'SICOES', sysdate, '127.0.0.1', NULL, NULL, NULL);

INSERT INTO SICOES_TM_USUARIO_ROL
(ID_USUARIO_ROL, ID_ROL, ID_USUARIO, US_CREACION, FE_CREACION, IP_CREACION, US_ACTUALIZACION, FE_ACTUALIZACION, IP_ACTUALIZACION)
VALUES(29, 6, 32, 'SICOES', sysdate, '127.0.0.1', NULL, NULL, NULL);

INSERT INTO SICOES_TM_USUARIO_ROL
(ID_USUARIO_ROL, ID_ROL, ID_USUARIO, US_CREACION, FE_CREACION, IP_CREACION, US_ACTUALIZACION, FE_ACTUALIZACION, IP_ACTUALIZACION) 
VALUES (30, 8, 2, 'SICOES', sysdate, '127.0.0.1', NULL, NULL, NULL);

INSERT INTO SICOES_TM_USUARIO_ROL
(ID_USUARIO_ROL, ID_ROL, ID_USUARIO, US_CREACION, FE_CREACION, IP_CREACION, US_ACTUALIZACION, FE_ACTUALIZACION, IP_ACTUALIZACION) 
VALUES (31, 8, 4, 'SICOES', sysdate, '127.0.0.1', NULL, NULL, NULL);

--------------------------------------------------------
-- Archivo creado  - jueves-marzo-30-2023   
--------------------------------------------------------
REM INSERTING into SICOES_TM_CONF_BANDEJA
SET DEFINE OFF;
Insert into SICOES_TM_CONF_BANDEJA (ID_CONF_BANDEJA,ID_SECTOR_LD,ID_SUBSECTOR_LD,ID_ACTIVIDAD_LD,ID_UNIDAD_LD,ID_SUBCATEGORIA_LD,ID_PERFIL_LD,ID_USUARIO,US_CREACION,FE_CREACION,IP_CREACION,US_ACTUALIZACION,FE_ACTUALIZACION,IP_ACTUALIZACION) values ('1','32','35','46','147','171','401','2','12',sysdate,'127.0.0.1',null,null,null);
Insert into SICOES_TM_CONF_BANDEJA (ID_CONF_BANDEJA,ID_SECTOR_LD,ID_SUBSECTOR_LD,ID_ACTIVIDAD_LD,ID_UNIDAD_LD,ID_SUBCATEGORIA_LD,ID_PERFIL_LD,ID_USUARIO,US_CREACION,FE_CREACION,IP_CREACION,US_ACTUALIZACION,FE_ACTUALIZACION,IP_ACTUALIZACION) values ('3','32','36','56','571','188','270','2','12',sysdate,'127.0.0.1',null,null,null);
Insert into SICOES_TM_CONF_BANDEJA (ID_CONF_BANDEJA,ID_SECTOR_LD,ID_SUBSECTOR_LD,ID_ACTIVIDAD_LD,ID_UNIDAD_LD,ID_SUBCATEGORIA_LD,ID_PERFIL_LD,ID_USUARIO,US_CREACION,FE_CREACION,IP_CREACION,US_ACTUALIZACION,FE_ACTUALIZACION,IP_ACTUALIZACION) values ('4','33','37','58','577','196','505','2','12',sysdate,'127.0.0.1',null,null,null);
Insert into SICOES_TM_CONF_BANDEJA (ID_CONF_BANDEJA,ID_SECTOR_LD,ID_SUBSECTOR_LD,ID_ACTIVIDAD_LD,ID_UNIDAD_LD,ID_SUBCATEGORIA_LD,ID_PERFIL_LD,ID_USUARIO,US_CREACION,FE_CREACION,IP_CREACION,US_ACTUALIZACION,FE_ACTUALIZACION,IP_ACTUALIZACION) values ('5','33','37','59','578','199','523','2','12',sysdate,'127.0.0.1',null,null,null);
Insert into SICOES_TM_CONF_BANDEJA (ID_CONF_BANDEJA,ID_SECTOR_LD,ID_SUBSECTOR_LD,ID_ACTIVIDAD_LD,ID_UNIDAD_LD,ID_SUBCATEGORIA_LD,ID_PERFIL_LD,ID_USUARIO,US_CREACION,FE_CREACION,IP_CREACION,US_ACTUALIZACION,FE_ACTUALIZACION,IP_ACTUALIZACION) values ('6','32','34','41','576','195','400','2','12',sysdate,'127.0.0.1',null,null,null);
Insert into SICOES_TM_CONF_BANDEJA (ID_CONF_BANDEJA,ID_SECTOR_LD,ID_SUBSECTOR_LD,ID_ACTIVIDAD_LD,ID_UNIDAD_LD,ID_SUBCATEGORIA_LD,ID_PERFIL_LD,ID_USUARIO,US_CREACION,FE_CREACION,IP_CREACION,US_ACTUALIZACION,FE_ACTUALIZACION,IP_ACTUALIZACION) values ('7','32','34','40','575','192','373','2','12',sysdate,'127.0.0.1',null,null,null);
Insert into SICOES_TM_CONF_BANDEJA (ID_CONF_BANDEJA,ID_SECTOR_LD,ID_SUBSECTOR_LD,ID_ACTIVIDAD_LD,ID_UNIDAD_LD,ID_SUBCATEGORIA_LD,ID_PERFIL_LD,ID_USUARIO,US_CREACION,FE_CREACION,IP_CREACION,US_ACTUALIZACION,FE_ACTUALIZACION,IP_ACTUALIZACION) values ('8','32','34','40','575','193','380','2','12',sysdate,'127.0.0.1',null,null,null);
Insert into SICOES_TM_CONF_BANDEJA (ID_CONF_BANDEJA,ID_SECTOR_LD,ID_SUBSECTOR_LD,ID_ACTIVIDAD_LD,ID_UNIDAD_LD,ID_SUBCATEGORIA_LD,ID_PERFIL_LD,ID_USUARIO,US_CREACION,FE_CREACION,IP_CREACION,US_ACTUALIZACION,FE_ACTUALIZACION,IP_ACTUALIZACION) values ('9','32','34','40','575','194','382','2','12',sysdate,'127.0.0.1',null,null,null);
Insert into SICOES_TM_CONF_BANDEJA (ID_CONF_BANDEJA,ID_SECTOR_LD,ID_SUBSECTOR_LD,ID_ACTIVIDAD_LD,ID_UNIDAD_LD,ID_SUBCATEGORIA_LD,ID_PERFIL_LD,ID_USUARIO,US_CREACION,FE_CREACION,IP_CREACION,US_ACTUALIZACION,FE_ACTUALIZACION,IP_ACTUALIZACION) values ('10','32','34','39','574','190','359','2','12',sysdate,'127.0.0.1',null,null,null);
Insert into SICOES_TM_CONF_BANDEJA (ID_CONF_BANDEJA,ID_SECTOR_LD,ID_SUBSECTOR_LD,ID_ACTIVIDAD_LD,ID_UNIDAD_LD,ID_SUBCATEGORIA_LD,ID_PERFIL_LD,ID_USUARIO,US_CREACION,FE_CREACION,IP_CREACION,US_ACTUALIZACION,FE_ACTUALIZACION,IP_ACTUALIZACION) values ('11','32','34','41','576','195','400','4','12',sysdate,'127.0.0.1',null,null,null);
Insert into SICOES_TM_CONF_BANDEJA (ID_CONF_BANDEJA,ID_SECTOR_LD,ID_SUBSECTOR_LD,ID_ACTIVIDAD_LD,ID_UNIDAD_LD,ID_SUBCATEGORIA_LD,ID_PERFIL_LD,ID_USUARIO,US_CREACION,FE_CREACION,IP_CREACION,US_ACTUALIZACION,FE_ACTUALIZACION,IP_ACTUALIZACION) values ('12','32','34','40','575','192','373','4','12',sysdate,'127.0.0.1',null,null,null);
Insert into SICOES_TM_CONF_BANDEJA (ID_CONF_BANDEJA,ID_SECTOR_LD,ID_SUBSECTOR_LD,ID_ACTIVIDAD_LD,ID_UNIDAD_LD,ID_SUBCATEGORIA_LD,ID_PERFIL_LD,ID_USUARIO,US_CREACION,FE_CREACION,IP_CREACION,US_ACTUALIZACION,FE_ACTUALIZACION,IP_ACTUALIZACION) values ('13','32','34','40','575','193','380','4','12',sysdate,'127.0.0.1',null,null,null);
Insert into SICOES_TM_CONF_BANDEJA (ID_CONF_BANDEJA,ID_SECTOR_LD,ID_SUBSECTOR_LD,ID_ACTIVIDAD_LD,ID_UNIDAD_LD,ID_SUBCATEGORIA_LD,ID_PERFIL_LD,ID_USUARIO,US_CREACION,FE_CREACION,IP_CREACION,US_ACTUALIZACION,FE_ACTUALIZACION,IP_ACTUALIZACION) values ('14','32','34','40','575','194','382','4','12',sysdate,'127.0.0.1',null,null,null);
Insert into SICOES_TM_CONF_BANDEJA (ID_CONF_BANDEJA,ID_SECTOR_LD,ID_SUBSECTOR_LD,ID_ACTIVIDAD_LD,ID_UNIDAD_LD,ID_SUBCATEGORIA_LD,ID_PERFIL_LD,ID_USUARIO,US_CREACION,FE_CREACION,IP_CREACION,US_ACTUALIZACION,FE_ACTUALIZACION,IP_ACTUALIZACION) values ('15','32','34','39','574','190','359','4','12',sysdate,'127.0.0.1',null,null,null);
Insert into SICOES_TM_CONF_BANDEJA (ID_CONF_BANDEJA,ID_SECTOR_LD,ID_SUBSECTOR_LD,ID_ACTIVIDAD_LD,ID_UNIDAD_LD,ID_SUBCATEGORIA_LD,ID_PERFIL_LD,ID_USUARIO,US_CREACION,FE_CREACION,IP_CREACION,US_ACTUALIZACION,FE_ACTUALIZACION,IP_ACTUALIZACION) values ('16','32','36','54','145','156','200','4','12',sysdate,'127.0.0.1',null,null,null);
Insert into SICOES_TM_CONF_BANDEJA (ID_CONF_BANDEJA,ID_SECTOR_LD,ID_SUBSECTOR_LD,ID_ACTIVIDAD_LD,ID_UNIDAD_LD,ID_SUBCATEGORIA_LD,ID_PERFIL_LD,ID_USUARIO,US_CREACION,FE_CREACION,IP_CREACION,US_ACTUALIZACION,FE_ACTUALIZACION,IP_ACTUALIZACION) values ('17','32','36','56','571','188','275','4','12',sysdate,'127.0.0.1',null,null,null);
Insert into SICOES_TM_CONF_BANDEJA (ID_CONF_BANDEJA,ID_SECTOR_LD,ID_SUBSECTOR_LD,ID_ACTIVIDAD_LD,ID_UNIDAD_LD,ID_SUBCATEGORIA_LD,ID_PERFIL_LD,ID_USUARIO,US_CREACION,FE_CREACION,IP_CREACION,US_ACTUALIZACION,FE_ACTUALIZACION,IP_ACTUALIZACION) values ('18','32','36','56','571','188','276','4','12',sysdate,'127.0.0.1',null,null,null);
Insert into SICOES_TM_CONF_BANDEJA (ID_CONF_BANDEJA,ID_SECTOR_LD,ID_SUBSECTOR_LD,ID_ACTIVIDAD_LD,ID_UNIDAD_LD,ID_SUBCATEGORIA_LD,ID_PERFIL_LD,ID_USUARIO,US_CREACION,FE_CREACION,IP_CREACION,US_ACTUALIZACION,FE_ACTUALIZACION,IP_ACTUALIZACION) values ('19','32','36','56','571','188','277','4','12',sysdate,'127.0.0.1',null,null,null);
Insert into SICOES_TM_CONF_BANDEJA (ID_CONF_BANDEJA,ID_SECTOR_LD,ID_SUBSECTOR_LD,ID_ACTIVIDAD_LD,ID_UNIDAD_LD,ID_SUBCATEGORIA_LD,ID_PERFIL_LD,ID_USUARIO,US_CREACION,FE_CREACION,IP_CREACION,US_ACTUALIZACION,FE_ACTUALIZACION,IP_ACTUALIZACION) values ('20','32','36','56','571','189','278','4','12',sysdate,'127.0.0.1',null,null,null);
Insert into SICOES_TM_CONF_BANDEJA (ID_CONF_BANDEJA,ID_SECTOR_LD,ID_SUBSECTOR_LD,ID_ACTIVIDAD_LD,ID_UNIDAD_LD,ID_SUBCATEGORIA_LD,ID_PERFIL_LD,ID_USUARIO,US_CREACION,FE_CREACION,IP_CREACION,US_ACTUALIZACION,FE_ACTUALIZACION,IP_ACTUALIZACION) values ('21','32','34','41','576','195','400','3','12',sysdate,'127.0.0.1',null,null,null);
Insert into SICOES_TM_CONF_BANDEJA (ID_CONF_BANDEJA,ID_SECTOR_LD,ID_SUBSECTOR_LD,ID_ACTIVIDAD_LD,ID_UNIDAD_LD,ID_SUBCATEGORIA_LD,ID_PERFIL_LD,ID_USUARIO,US_CREACION,FE_CREACION,IP_CREACION,US_ACTUALIZACION,FE_ACTUALIZACION,IP_ACTUALIZACION) values ('22','32','34','40','575','192','373','3','12',sysdate,'127.0.0.1',null,null,null);
Insert into SICOES_TM_CONF_BANDEJA (ID_CONF_BANDEJA,ID_SECTOR_LD,ID_SUBSECTOR_LD,ID_ACTIVIDAD_LD,ID_UNIDAD_LD,ID_SUBCATEGORIA_LD,ID_PERFIL_LD,ID_USUARIO,US_CREACION,FE_CREACION,IP_CREACION,US_ACTUALIZACION,FE_ACTUALIZACION,IP_ACTUALIZACION) values ('23','32','34','40','575','193','380','3','12',sysdate,'127.0.0.1',null,null,null);
Insert into SICOES_TM_CONF_BANDEJA (ID_CONF_BANDEJA,ID_SECTOR_LD,ID_SUBSECTOR_LD,ID_ACTIVIDAD_LD,ID_UNIDAD_LD,ID_SUBCATEGORIA_LD,ID_PERFIL_LD,ID_USUARIO,US_CREACION,FE_CREACION,IP_CREACION,US_ACTUALIZACION,FE_ACTUALIZACION,IP_ACTUALIZACION) values ('24','32','36','56','571','189','282','3','12',sysdate,'127.0.0.1',null,null,null);
Insert into SICOES_TM_CONF_BANDEJA (ID_CONF_BANDEJA,ID_SECTOR_LD,ID_SUBSECTOR_LD,ID_ACTIVIDAD_LD,ID_UNIDAD_LD,ID_SUBCATEGORIA_LD,ID_PERFIL_LD,ID_USUARIO,US_CREACION,FE_CREACION,IP_CREACION,US_ACTUALIZACION,FE_ACTUALIZACION,IP_ACTUALIZACION) values ('25','32','36','56','571','189','283','3','12',sysdate,'127.0.0.1',null,null,null);
Insert into SICOES_TM_CONF_BANDEJA (ID_CONF_BANDEJA,ID_SECTOR_LD,ID_SUBSECTOR_LD,ID_ACTIVIDAD_LD,ID_UNIDAD_LD,ID_SUBCATEGORIA_LD,ID_PERFIL_LD,ID_USUARIO,US_CREACION,FE_CREACION,IP_CREACION,US_ACTUALIZACION,FE_ACTUALIZACION,IP_ACTUALIZACION) values ('26','32','36','56','571','189','284','3','12',sysdate,'127.0.0.1',null,null,null);
Insert into SICOES_TM_CONF_BANDEJA (ID_CONF_BANDEJA,ID_SECTOR_LD,ID_SUBSECTOR_LD,ID_ACTIVIDAD_LD,ID_UNIDAD_LD,ID_SUBCATEGORIA_LD,ID_PERFIL_LD,ID_USUARIO,US_CREACION,FE_CREACION,IP_CREACION,US_ACTUALIZACION,FE_ACTUALIZACION,IP_ACTUALIZACION) values ('27','32','36','56','571','189','285','3','12',sysdate,'127.0.0.1',null,null,null);
Insert into SICOES_TM_CONF_BANDEJA (ID_CONF_BANDEJA,ID_SECTOR_LD,ID_SUBSECTOR_LD,ID_ACTIVIDAD_LD,ID_UNIDAD_LD,ID_SUBCATEGORIA_LD,ID_PERFIL_LD,ID_USUARIO,US_CREACION,FE_CREACION,IP_CREACION,US_ACTUALIZACION,FE_ACTUALIZACION,IP_ACTUALIZACION) values ('28','32','36','56','571','189','286','3','12',sysdate,'127.0.0.1',null,null,null);
Insert into SICOES_TM_CONF_BANDEJA (ID_CONF_BANDEJA,ID_SECTOR_LD,ID_SUBSECTOR_LD,ID_ACTIVIDAD_LD,ID_UNIDAD_LD,ID_SUBCATEGORIA_LD,ID_PERFIL_LD,ID_USUARIO,US_CREACION,FE_CREACION,IP_CREACION,US_ACTUALIZACION,FE_ACTUALIZACION,IP_ACTUALIZACION) values ('29','32','36','56','571','189','287','3','12',sysdate,'127.0.0.1',null,null,null);
Insert into SICOES_TM_CONF_BANDEJA (ID_CONF_BANDEJA,ID_SECTOR_LD,ID_SUBSECTOR_LD,ID_ACTIVIDAD_LD,ID_UNIDAD_LD,ID_SUBCATEGORIA_LD,ID_PERFIL_LD,ID_USUARIO,US_CREACION,FE_CREACION,IP_CREACION,US_ACTUALIZACION,FE_ACTUALIZACION,IP_ACTUALIZACION) values ('30','32','36','56','571','189','288','3','12',sysdate,'127.0.0.1',null,null,null);
Insert into SICOES_TM_CONF_BANDEJA (ID_CONF_BANDEJA,ID_SECTOR_LD,ID_SUBSECTOR_LD,ID_ACTIVIDAD_LD,ID_UNIDAD_LD,ID_SUBCATEGORIA_LD,ID_PERFIL_LD,ID_USUARIO,US_CREACION,FE_CREACION,IP_CREACION,US_ACTUALIZACION,FE_ACTUALIZACION,IP_ACTUALIZACION) values ('31','32','36','56','571','189','289','3','12',sysdate,'127.0.0.1',null,null,null);
Insert into SICOES_TM_CONF_BANDEJA (ID_CONF_BANDEJA,ID_SECTOR_LD,ID_SUBSECTOR_LD,ID_ACTIVIDAD_LD,ID_UNIDAD_LD,ID_SUBCATEGORIA_LD,ID_PERFIL_LD,ID_USUARIO,US_CREACION,FE_CREACION,IP_CREACION,US_ACTUALIZACION,FE_ACTUALIZACION,IP_ACTUALIZACION) values ('32','32','34','41','576','195','400','7','12',sysdate,'127.0.0.1',null,null,null);
Insert into SICOES_TM_CONF_BANDEJA (ID_CONF_BANDEJA,ID_SECTOR_LD,ID_SUBSECTOR_LD,ID_ACTIVIDAD_LD,ID_UNIDAD_LD,ID_SUBCATEGORIA_LD,ID_PERFIL_LD,ID_USUARIO,US_CREACION,FE_CREACION,IP_CREACION,US_ACTUALIZACION,FE_ACTUALIZACION,IP_ACTUALIZACION) values ('33','32','34','40','575','192','373','7','12',sysdate,'127.0.0.1',null,null,null);
Insert into SICOES_TM_CONF_BANDEJA (ID_CONF_BANDEJA,ID_SECTOR_LD,ID_SUBSECTOR_LD,ID_ACTIVIDAD_LD,ID_UNIDAD_LD,ID_SUBCATEGORIA_LD,ID_PERFIL_LD,ID_USUARIO,US_CREACION,FE_CREACION,IP_CREACION,US_ACTUALIZACION,FE_ACTUALIZACION,IP_ACTUALIZACION) values ('34','32','34','40','575','193','380','7','12',sysdate,'127.0.0.1',null,null,null);
Insert into SICOES_TM_CONF_BANDEJA (ID_CONF_BANDEJA,ID_SECTOR_LD,ID_SUBSECTOR_LD,ID_ACTIVIDAD_LD,ID_UNIDAD_LD,ID_SUBCATEGORIA_LD,ID_PERFIL_LD,ID_USUARIO,US_CREACION,FE_CREACION,IP_CREACION,US_ACTUALIZACION,FE_ACTUALIZACION,IP_ACTUALIZACION) values ('35','32','36','56','571','189','293','7','12',sysdate,'127.0.0.1',null,null,null);
Insert into SICOES_TM_CONF_BANDEJA (ID_CONF_BANDEJA,ID_SECTOR_LD,ID_SUBSECTOR_LD,ID_ACTIVIDAD_LD,ID_UNIDAD_LD,ID_SUBCATEGORIA_LD,ID_PERFIL_LD,ID_USUARIO,US_CREACION,FE_CREACION,IP_CREACION,US_ACTUALIZACION,FE_ACTUALIZACION,IP_ACTUALIZACION) values ('36','32','36','56','571','189','294','7','12',sysdate,'127.0.0.1',null,null,null);
Insert into SICOES_TM_CONF_BANDEJA (ID_CONF_BANDEJA,ID_SECTOR_LD,ID_SUBSECTOR_LD,ID_ACTIVIDAD_LD,ID_UNIDAD_LD,ID_SUBCATEGORIA_LD,ID_PERFIL_LD,ID_USUARIO,US_CREACION,FE_CREACION,IP_CREACION,US_ACTUALIZACION,FE_ACTUALIZACION,IP_ACTUALIZACION) values ('37','32','36','56','571','189','295','7','12',sysdate,'127.0.0.1',null,null,null);
Insert into SICOES_TM_CONF_BANDEJA (ID_CONF_BANDEJA,ID_SECTOR_LD,ID_SUBSECTOR_LD,ID_ACTIVIDAD_LD,ID_UNIDAD_LD,ID_SUBCATEGORIA_LD,ID_PERFIL_LD,ID_USUARIO,US_CREACION,FE_CREACION,IP_CREACION,US_ACTUALIZACION,FE_ACTUALIZACION,IP_ACTUALIZACION) values ('38','32','36','56','571','189','296','7','12',sysdate,'127.0.0.1',null,null,null);
Insert into SICOES_TM_CONF_BANDEJA (ID_CONF_BANDEJA,ID_SECTOR_LD,ID_SUBSECTOR_LD,ID_ACTIVIDAD_LD,ID_UNIDAD_LD,ID_SUBCATEGORIA_LD,ID_PERFIL_LD,ID_USUARIO,US_CREACION,FE_CREACION,IP_CREACION,US_ACTUALIZACION,FE_ACTUALIZACION,IP_ACTUALIZACION) values ('39','32','36','56','571','189','297','7','12',sysdate,'127.0.0.1',null,null,null);
Insert into SICOES_TM_CONF_BANDEJA (ID_CONF_BANDEJA,ID_SECTOR_LD,ID_SUBSECTOR_LD,ID_ACTIVIDAD_LD,ID_UNIDAD_LD,ID_SUBCATEGORIA_LD,ID_PERFIL_LD,ID_USUARIO,US_CREACION,FE_CREACION,IP_CREACION,US_ACTUALIZACION,FE_ACTUALIZACION,IP_ACTUALIZACION) values ('40','32','36','56','571','189','298','7','12',sysdate,'127.0.0.1',null,null,null);
Insert into SICOES_TM_CONF_BANDEJA (ID_CONF_BANDEJA,ID_SECTOR_LD,ID_SUBSECTOR_LD,ID_ACTIVIDAD_LD,ID_UNIDAD_LD,ID_SUBCATEGORIA_LD,ID_PERFIL_LD,ID_USUARIO,US_CREACION,FE_CREACION,IP_CREACION,US_ACTUALIZACION,FE_ACTUALIZACION,IP_ACTUALIZACION) values ('41','32','36','56','571','189','299','7','12',sysdate,'127.0.0.2',null,null,null);
Insert into SICOES_TM_CONF_BANDEJA (ID_CONF_BANDEJA,ID_SECTOR_LD,ID_SUBSECTOR_LD,ID_ACTIVIDAD_LD,ID_UNIDAD_LD,ID_SUBCATEGORIA_LD,ID_PERFIL_LD,ID_USUARIO,US_CREACION,FE_CREACION,IP_CREACION,US_ACTUALIZACION,FE_ACTUALIZACION,IP_ACTUALIZACION) values ('2','32','36','55','572','187','255','2','12',sysdate,'127.0.0.1',null,null,null);
Insert into SICOES_TM_CONF_BANDEJA (ID_CONF_BANDEJA,ID_SECTOR_LD,ID_SUBSECTOR_LD,ID_ACTIVIDAD_LD,ID_UNIDAD_LD,ID_SUBCATEGORIA_LD,ID_PERFIL_LD,ID_USUARIO,US_CREACION,FE_CREACION,IP_CREACION,US_ACTUALIZACION,FE_ACTUALIZACION,IP_ACTUALIZACION) values ('42','32','35','46','147','171','401','18','12',sysdate,'127.0.0.1',null,null,null);
Insert into SICOES_TM_CONF_BANDEJA (ID_CONF_BANDEJA,ID_SECTOR_LD,ID_SUBSECTOR_LD,ID_ACTIVIDAD_LD,ID_UNIDAD_LD,ID_SUBCATEGORIA_LD,ID_PERFIL_LD,ID_USUARIO,US_CREACION,FE_CREACION,IP_CREACION,US_ACTUALIZACION,FE_ACTUALIZACION,IP_ACTUALIZACION) values ('43','32','36','55','572','187','255','18','12',sysdate,'127.0.0.1',null,null,null);
Insert into SICOES_TM_CONF_BANDEJA (ID_CONF_BANDEJA,ID_SECTOR_LD,ID_SUBSECTOR_LD,ID_ACTIVIDAD_LD,ID_UNIDAD_LD,ID_SUBCATEGORIA_LD,ID_PERFIL_LD,ID_USUARIO,US_CREACION,FE_CREACION,IP_CREACION,US_ACTUALIZACION,FE_ACTUALIZACION,IP_ACTUALIZACION) values ('44','32','36','56','571','188','270','18','12',sysdate,'127.0.0.1',null,null,null);
Insert into SICOES_TM_CONF_BANDEJA (ID_CONF_BANDEJA,ID_SECTOR_LD,ID_SUBSECTOR_LD,ID_ACTIVIDAD_LD,ID_UNIDAD_LD,ID_SUBCATEGORIA_LD,ID_PERFIL_LD,ID_USUARIO,US_CREACION,FE_CREACION,IP_CREACION,US_ACTUALIZACION,FE_ACTUALIZACION,IP_ACTUALIZACION) values ('45','33','37','58','577','196','505','18','12',sysdate,'127.0.0.1',null,null,null);
Insert into SICOES_TM_CONF_BANDEJA (ID_CONF_BANDEJA,ID_SECTOR_LD,ID_SUBSECTOR_LD,ID_ACTIVIDAD_LD,ID_UNIDAD_LD,ID_SUBCATEGORIA_LD,ID_PERFIL_LD,ID_USUARIO,US_CREACION,FE_CREACION,IP_CREACION,US_ACTUALIZACION,FE_ACTUALIZACION,IP_ACTUALIZACION) values ('46','33','37','59','578','199','523','18','12',sysdate,'127.0.0.1',null,null,null);
Insert into SICOES_TM_CONF_BANDEJA (ID_CONF_BANDEJA,ID_SECTOR_LD,ID_SUBSECTOR_LD,ID_ACTIVIDAD_LD,ID_UNIDAD_LD,ID_SUBCATEGORIA_LD,ID_PERFIL_LD,ID_USUARIO,US_CREACION,FE_CREACION,IP_CREACION,US_ACTUALIZACION,FE_ACTUALIZACION,IP_ACTUALIZACION) values ('47','32','34','41','576','195','400','18','12',sysdate,'127.0.0.1',null,null,null);
Insert into SICOES_TM_CONF_BANDEJA (ID_CONF_BANDEJA,ID_SECTOR_LD,ID_SUBSECTOR_LD,ID_ACTIVIDAD_LD,ID_UNIDAD_LD,ID_SUBCATEGORIA_LD,ID_PERFIL_LD,ID_USUARIO,US_CREACION,FE_CREACION,IP_CREACION,US_ACTUALIZACION,FE_ACTUALIZACION,IP_ACTUALIZACION) values ('48','32','34','40','575','192','373','18','12',sysdate,'127.0.0.1',null,null,null);
Insert into SICOES_TM_CONF_BANDEJA (ID_CONF_BANDEJA,ID_SECTOR_LD,ID_SUBSECTOR_LD,ID_ACTIVIDAD_LD,ID_UNIDAD_LD,ID_SUBCATEGORIA_LD,ID_PERFIL_LD,ID_USUARIO,US_CREACION,FE_CREACION,IP_CREACION,US_ACTUALIZACION,FE_ACTUALIZACION,IP_ACTUALIZACION) values ('49','32','34','40','575','193','380','18','12',sysdate,'127.0.0.1',null,null,null);
Insert into SICOES_TM_CONF_BANDEJA (ID_CONF_BANDEJA,ID_SECTOR_LD,ID_SUBSECTOR_LD,ID_ACTIVIDAD_LD,ID_UNIDAD_LD,ID_SUBCATEGORIA_LD,ID_PERFIL_LD,ID_USUARIO,US_CREACION,FE_CREACION,IP_CREACION,US_ACTUALIZACION,FE_ACTUALIZACION,IP_ACTUALIZACION) values ('50','32','34','40','575','194','382','18','12',sysdate,'127.0.0.1',null,null,null);
Insert into SICOES_TM_CONF_BANDEJA (ID_CONF_BANDEJA,ID_SECTOR_LD,ID_SUBSECTOR_LD,ID_ACTIVIDAD_LD,ID_UNIDAD_LD,ID_SUBCATEGORIA_LD,ID_PERFIL_LD,ID_USUARIO,US_CREACION,FE_CREACION,IP_CREACION,US_ACTUALIZACION,FE_ACTUALIZACION,IP_ACTUALIZACION) values ('51','32','34','39','574','190','359','18','12',sysdate,'127.0.0.1',null,null,null);
Insert into SICOES_TM_CONF_BANDEJA (ID_CONF_BANDEJA,ID_SECTOR_LD,ID_SUBSECTOR_LD,ID_ACTIVIDAD_LD,ID_UNIDAD_LD,ID_SUBCATEGORIA_LD,ID_PERFIL_LD,ID_USUARIO,US_CREACION,FE_CREACION,IP_CREACION,US_ACTUALIZACION,FE_ACTUALIZACION,IP_ACTUALIZACION) values ('52','32','34','41','576','195','400','18','12',sysdate,'127.0.0.1',null,null,null);
Insert into SICOES_TM_CONF_BANDEJA (ID_CONF_BANDEJA,ID_SECTOR_LD,ID_SUBSECTOR_LD,ID_ACTIVIDAD_LD,ID_UNIDAD_LD,ID_SUBCATEGORIA_LD,ID_PERFIL_LD,ID_USUARIO,US_CREACION,FE_CREACION,IP_CREACION,US_ACTUALIZACION,FE_ACTUALIZACION,IP_ACTUALIZACION) values ('53','32','34','40','575','192','373','18','12',sysdate,'127.0.0.1',null,null,null);
Insert into SICOES_TM_CONF_BANDEJA (ID_CONF_BANDEJA,ID_SECTOR_LD,ID_SUBSECTOR_LD,ID_ACTIVIDAD_LD,ID_UNIDAD_LD,ID_SUBCATEGORIA_LD,ID_PERFIL_LD,ID_USUARIO,US_CREACION,FE_CREACION,IP_CREACION,US_ACTUALIZACION,FE_ACTUALIZACION,IP_ACTUALIZACION) values ('54','32','34','40','575','193','380','18','12',sysdate,'127.0.0.1',null,null,null);
Insert into SICOES_TM_CONF_BANDEJA (ID_CONF_BANDEJA,ID_SECTOR_LD,ID_SUBSECTOR_LD,ID_ACTIVIDAD_LD,ID_UNIDAD_LD,ID_SUBCATEGORIA_LD,ID_PERFIL_LD,ID_USUARIO,US_CREACION,FE_CREACION,IP_CREACION,US_ACTUALIZACION,FE_ACTUALIZACION,IP_ACTUALIZACION) values ('55','32','34','40','575','194','382','18','12',sysdate,'127.0.0.1',null,null,null);
Insert into SICOES_TM_CONF_BANDEJA (ID_CONF_BANDEJA,ID_SECTOR_LD,ID_SUBSECTOR_LD,ID_ACTIVIDAD_LD,ID_UNIDAD_LD,ID_SUBCATEGORIA_LD,ID_PERFIL_LD,ID_USUARIO,US_CREACION,FE_CREACION,IP_CREACION,US_ACTUALIZACION,FE_ACTUALIZACION,IP_ACTUALIZACION) values ('56','32','34','39','574','190','359','18','12',sysdate,'127.0.0.1',null,null,null);
Insert into SICOES_TM_CONF_BANDEJA (ID_CONF_BANDEJA,ID_SECTOR_LD,ID_SUBSECTOR_LD,ID_ACTIVIDAD_LD,ID_UNIDAD_LD,ID_SUBCATEGORIA_LD,ID_PERFIL_LD,ID_USUARIO,US_CREACION,FE_CREACION,IP_CREACION,US_ACTUALIZACION,FE_ACTUALIZACION,IP_ACTUALIZACION) values ('57','32','36','54','145','156','200','18','12',sysdate,'127.0.0.1',null,null,null);
Insert into SICOES_TM_CONF_BANDEJA (ID_CONF_BANDEJA,ID_SECTOR_LD,ID_SUBSECTOR_LD,ID_ACTIVIDAD_LD,ID_UNIDAD_LD,ID_SUBCATEGORIA_LD,ID_PERFIL_LD,ID_USUARIO,US_CREACION,FE_CREACION,IP_CREACION,US_ACTUALIZACION,FE_ACTUALIZACION,IP_ACTUALIZACION) values ('58','32','36','56','571','188','275','18','12',sysdate,'127.0.0.1',null,null,null);
Insert into SICOES_TM_CONF_BANDEJA (ID_CONF_BANDEJA,ID_SECTOR_LD,ID_SUBSECTOR_LD,ID_ACTIVIDAD_LD,ID_UNIDAD_LD,ID_SUBCATEGORIA_LD,ID_PERFIL_LD,ID_USUARIO,US_CREACION,FE_CREACION,IP_CREACION,US_ACTUALIZACION,FE_ACTUALIZACION,IP_ACTUALIZACION) values ('59','32','36','56','571','188','276','18','12',sysdate,'127.0.0.1',null,null,null);
Insert into SICOES_TM_CONF_BANDEJA (ID_CONF_BANDEJA,ID_SECTOR_LD,ID_SUBSECTOR_LD,ID_ACTIVIDAD_LD,ID_UNIDAD_LD,ID_SUBCATEGORIA_LD,ID_PERFIL_LD,ID_USUARIO,US_CREACION,FE_CREACION,IP_CREACION,US_ACTUALIZACION,FE_ACTUALIZACION,IP_ACTUALIZACION) values ('60','32','36','56','571','188','277','18','12',sysdate,'127.0.0.1',null,null,null);
Insert into SICOES_TM_CONF_BANDEJA (ID_CONF_BANDEJA,ID_SECTOR_LD,ID_SUBSECTOR_LD,ID_ACTIVIDAD_LD,ID_UNIDAD_LD,ID_SUBCATEGORIA_LD,ID_PERFIL_LD,ID_USUARIO,US_CREACION,FE_CREACION,IP_CREACION,US_ACTUALIZACION,FE_ACTUALIZACION,IP_ACTUALIZACION) values ('61','32','36','56','571','189','278','18','12',sysdate,'127.0.0.1',null,null,null);
Insert into SICOES_TM_CONF_BANDEJA (ID_CONF_BANDEJA,ID_SECTOR_LD,ID_SUBSECTOR_LD,ID_ACTIVIDAD_LD,ID_UNIDAD_LD,ID_SUBCATEGORIA_LD,ID_PERFIL_LD,ID_USUARIO,US_CREACION,FE_CREACION,IP_CREACION,US_ACTUALIZACION,FE_ACTUALIZACION,IP_ACTUALIZACION) values ('62','32','35','46','147','171','401','19','12',sysdate,'127.0.0.1',null,null,null);
Insert into SICOES_TM_CONF_BANDEJA (ID_CONF_BANDEJA,ID_SECTOR_LD,ID_SUBSECTOR_LD,ID_ACTIVIDAD_LD,ID_UNIDAD_LD,ID_SUBCATEGORIA_LD,ID_PERFIL_LD,ID_USUARIO,US_CREACION,FE_CREACION,IP_CREACION,US_ACTUALIZACION,FE_ACTUALIZACION,IP_ACTUALIZACION) values ('63','32','36','55','572','187','255','19','12',sysdate,'127.0.0.1',null,null,null);
Insert into SICOES_TM_CONF_BANDEJA (ID_CONF_BANDEJA,ID_SECTOR_LD,ID_SUBSECTOR_LD,ID_ACTIVIDAD_LD,ID_UNIDAD_LD,ID_SUBCATEGORIA_LD,ID_PERFIL_LD,ID_USUARIO,US_CREACION,FE_CREACION,IP_CREACION,US_ACTUALIZACION,FE_ACTUALIZACION,IP_ACTUALIZACION) values ('64','32','36','56','571','188','270','19','12',sysdate,'127.0.0.1',null,null,null);
Insert into SICOES_TM_CONF_BANDEJA (ID_CONF_BANDEJA,ID_SECTOR_LD,ID_SUBSECTOR_LD,ID_ACTIVIDAD_LD,ID_UNIDAD_LD,ID_SUBCATEGORIA_LD,ID_PERFIL_LD,ID_USUARIO,US_CREACION,FE_CREACION,IP_CREACION,US_ACTUALIZACION,FE_ACTUALIZACION,IP_ACTUALIZACION) values ('65','33','37','58','577','196','505','19','12',sysdate,'127.0.0.1',null,null,null);
Insert into SICOES_TM_CONF_BANDEJA (ID_CONF_BANDEJA,ID_SECTOR_LD,ID_SUBSECTOR_LD,ID_ACTIVIDAD_LD,ID_UNIDAD_LD,ID_SUBCATEGORIA_LD,ID_PERFIL_LD,ID_USUARIO,US_CREACION,FE_CREACION,IP_CREACION,US_ACTUALIZACION,FE_ACTUALIZACION,IP_ACTUALIZACION) values ('66','33','37','59','578','199','523','19','12',sysdate,'127.0.0.1',null,null,null);
Insert into SICOES_TM_CONF_BANDEJA (ID_CONF_BANDEJA,ID_SECTOR_LD,ID_SUBSECTOR_LD,ID_ACTIVIDAD_LD,ID_UNIDAD_LD,ID_SUBCATEGORIA_LD,ID_PERFIL_LD,ID_USUARIO,US_CREACION,FE_CREACION,IP_CREACION,US_ACTUALIZACION,FE_ACTUALIZACION,IP_ACTUALIZACION) values ('67','32','34','41','576','195','400','19','12',sysdate,'127.0.0.1',null,null,null);
Insert into SICOES_TM_CONF_BANDEJA (ID_CONF_BANDEJA,ID_SECTOR_LD,ID_SUBSECTOR_LD,ID_ACTIVIDAD_LD,ID_UNIDAD_LD,ID_SUBCATEGORIA_LD,ID_PERFIL_LD,ID_USUARIO,US_CREACION,FE_CREACION,IP_CREACION,US_ACTUALIZACION,FE_ACTUALIZACION,IP_ACTUALIZACION) values ('68','32','34','40','575','192','373','19','12',sysdate,'127.0.0.1',null,null,null);
Insert into SICOES_TM_CONF_BANDEJA (ID_CONF_BANDEJA,ID_SECTOR_LD,ID_SUBSECTOR_LD,ID_ACTIVIDAD_LD,ID_UNIDAD_LD,ID_SUBCATEGORIA_LD,ID_PERFIL_LD,ID_USUARIO,US_CREACION,FE_CREACION,IP_CREACION,US_ACTUALIZACION,FE_ACTUALIZACION,IP_ACTUALIZACION) values ('69','32','34','40','575','193','380','19','12',sysdate,'127.0.0.1',null,null,null);
Insert into SICOES_TM_CONF_BANDEJA (ID_CONF_BANDEJA,ID_SECTOR_LD,ID_SUBSECTOR_LD,ID_ACTIVIDAD_LD,ID_UNIDAD_LD,ID_SUBCATEGORIA_LD,ID_PERFIL_LD,ID_USUARIO,US_CREACION,FE_CREACION,IP_CREACION,US_ACTUALIZACION,FE_ACTUALIZACION,IP_ACTUALIZACION) values ('70','32','34','40','575','194','382','19','12',sysdate,'127.0.0.1',null,null,null);
Insert into SICOES_TM_CONF_BANDEJA (ID_CONF_BANDEJA,ID_SECTOR_LD,ID_SUBSECTOR_LD,ID_ACTIVIDAD_LD,ID_UNIDAD_LD,ID_SUBCATEGORIA_LD,ID_PERFIL_LD,ID_USUARIO,US_CREACION,FE_CREACION,IP_CREACION,US_ACTUALIZACION,FE_ACTUALIZACION,IP_ACTUALIZACION) values ('71','32','34','39','574','190','359','19','12',sysdate,'127.0.0.1',null,null,null);
Insert into SICOES_TM_CONF_BANDEJA (ID_CONF_BANDEJA,ID_SECTOR_LD,ID_SUBSECTOR_LD,ID_ACTIVIDAD_LD,ID_UNIDAD_LD,ID_SUBCATEGORIA_LD,ID_PERFIL_LD,ID_USUARIO,US_CREACION,FE_CREACION,IP_CREACION,US_ACTUALIZACION,FE_ACTUALIZACION,IP_ACTUALIZACION) values ('72','32','34','41','576','195','400','19','12',sysdate,'127.0.0.1',null,null,null);
Insert into SICOES_TM_CONF_BANDEJA (ID_CONF_BANDEJA,ID_SECTOR_LD,ID_SUBSECTOR_LD,ID_ACTIVIDAD_LD,ID_UNIDAD_LD,ID_SUBCATEGORIA_LD,ID_PERFIL_LD,ID_USUARIO,US_CREACION,FE_CREACION,IP_CREACION,US_ACTUALIZACION,FE_ACTUALIZACION,IP_ACTUALIZACION) values ('73','32','34','40','575','192','373','19','12',sysdate,'127.0.0.1',null,null,null);
Insert into SICOES_TM_CONF_BANDEJA (ID_CONF_BANDEJA,ID_SECTOR_LD,ID_SUBSECTOR_LD,ID_ACTIVIDAD_LD,ID_UNIDAD_LD,ID_SUBCATEGORIA_LD,ID_PERFIL_LD,ID_USUARIO,US_CREACION,FE_CREACION,IP_CREACION,US_ACTUALIZACION,FE_ACTUALIZACION,IP_ACTUALIZACION) values ('74','32','34','40','575','193','380','19','12',sysdate,'127.0.0.1',null,null,null);
Insert into SICOES_TM_CONF_BANDEJA (ID_CONF_BANDEJA,ID_SECTOR_LD,ID_SUBSECTOR_LD,ID_ACTIVIDAD_LD,ID_UNIDAD_LD,ID_SUBCATEGORIA_LD,ID_PERFIL_LD,ID_USUARIO,US_CREACION,FE_CREACION,IP_CREACION,US_ACTUALIZACION,FE_ACTUALIZACION,IP_ACTUALIZACION) values ('75','32','34','40','575','194','382','19','12',sysdate,'127.0.0.1',null,null,null);
Insert into SICOES_TM_CONF_BANDEJA (ID_CONF_BANDEJA,ID_SECTOR_LD,ID_SUBSECTOR_LD,ID_ACTIVIDAD_LD,ID_UNIDAD_LD,ID_SUBCATEGORIA_LD,ID_PERFIL_LD,ID_USUARIO,US_CREACION,FE_CREACION,IP_CREACION,US_ACTUALIZACION,FE_ACTUALIZACION,IP_ACTUALIZACION) values ('76','32','34','39','574','190','359','19','12',sysdate,'127.0.0.1',null,null,null);
Insert into SICOES_TM_CONF_BANDEJA (ID_CONF_BANDEJA,ID_SECTOR_LD,ID_SUBSECTOR_LD,ID_ACTIVIDAD_LD,ID_UNIDAD_LD,ID_SUBCATEGORIA_LD,ID_PERFIL_LD,ID_USUARIO,US_CREACION,FE_CREACION,IP_CREACION,US_ACTUALIZACION,FE_ACTUALIZACION,IP_ACTUALIZACION) values ('77','32','36','54','145','156','200','19','12',sysdate,'127.0.0.1',null,null,null);
Insert into SICOES_TM_CONF_BANDEJA (ID_CONF_BANDEJA,ID_SECTOR_LD,ID_SUBSECTOR_LD,ID_ACTIVIDAD_LD,ID_UNIDAD_LD,ID_SUBCATEGORIA_LD,ID_PERFIL_LD,ID_USUARIO,US_CREACION,FE_CREACION,IP_CREACION,US_ACTUALIZACION,FE_ACTUALIZACION,IP_ACTUALIZACION) values ('78','32','36','56','571','188','275','19','12',sysdate,'127.0.0.1',null,null,null);
Insert into SICOES_TM_CONF_BANDEJA (ID_CONF_BANDEJA,ID_SECTOR_LD,ID_SUBSECTOR_LD,ID_ACTIVIDAD_LD,ID_UNIDAD_LD,ID_SUBCATEGORIA_LD,ID_PERFIL_LD,ID_USUARIO,US_CREACION,FE_CREACION,IP_CREACION,US_ACTUALIZACION,FE_ACTUALIZACION,IP_ACTUALIZACION) values ('79','32','36','56','571','188','276','19','12',sysdate,'127.0.0.1',null,null,null);
Insert into SICOES_TM_CONF_BANDEJA (ID_CONF_BANDEJA,ID_SECTOR_LD,ID_SUBSECTOR_LD,ID_ACTIVIDAD_LD,ID_UNIDAD_LD,ID_SUBCATEGORIA_LD,ID_PERFIL_LD,ID_USUARIO,US_CREACION,FE_CREACION,IP_CREACION,US_ACTUALIZACION,FE_ACTUALIZACION,IP_ACTUALIZACION) values ('80','32','36','56','571','188','277','19','12',sysdate,'127.0.0.1',null,null,null);
Insert into SICOES_TM_CONF_BANDEJA (ID_CONF_BANDEJA,ID_SECTOR_LD,ID_SUBSECTOR_LD,ID_ACTIVIDAD_LD,ID_UNIDAD_LD,ID_SUBCATEGORIA_LD,ID_PERFIL_LD,ID_USUARIO,US_CREACION,FE_CREACION,IP_CREACION,US_ACTUALIZACION,FE_ACTUALIZACION,IP_ACTUALIZACION) values ('81','32','36','56','571','189','278','19','12',sysdate,'127.0.0.1',null,null,null);
Insert into SICOES_TM_CONF_BANDEJA (ID_CONF_BANDEJA,ID_SECTOR_LD,ID_SUBSECTOR_LD,ID_ACTIVIDAD_LD,ID_UNIDAD_LD,ID_SUBCATEGORIA_LD,ID_PERFIL_LD,ID_USUARIO,US_CREACION,FE_CREACION,IP_CREACION,US_ACTUALIZACION,FE_ACTUALIZACION,IP_ACTUALIZACION) values ('82','32','35','46','147','171','401','20','12',sysdate,'127.0.0.1',null,null,null);
Insert into SICOES_TM_CONF_BANDEJA (ID_CONF_BANDEJA,ID_SECTOR_LD,ID_SUBSECTOR_LD,ID_ACTIVIDAD_LD,ID_UNIDAD_LD,ID_SUBCATEGORIA_LD,ID_PERFIL_LD,ID_USUARIO,US_CREACION,FE_CREACION,IP_CREACION,US_ACTUALIZACION,FE_ACTUALIZACION,IP_ACTUALIZACION) values ('83','32','36','55','572','187','255','20','12',sysdate,'127.0.0.1',null,null,null);
Insert into SICOES_TM_CONF_BANDEJA (ID_CONF_BANDEJA,ID_SECTOR_LD,ID_SUBSECTOR_LD,ID_ACTIVIDAD_LD,ID_UNIDAD_LD,ID_SUBCATEGORIA_LD,ID_PERFIL_LD,ID_USUARIO,US_CREACION,FE_CREACION,IP_CREACION,US_ACTUALIZACION,FE_ACTUALIZACION,IP_ACTUALIZACION) values ('84','32','36','56','571','188','270','20','12',sysdate,'127.0.0.1',null,null,null);
Insert into SICOES_TM_CONF_BANDEJA (ID_CONF_BANDEJA,ID_SECTOR_LD,ID_SUBSECTOR_LD,ID_ACTIVIDAD_LD,ID_UNIDAD_LD,ID_SUBCATEGORIA_LD,ID_PERFIL_LD,ID_USUARIO,US_CREACION,FE_CREACION,IP_CREACION,US_ACTUALIZACION,FE_ACTUALIZACION,IP_ACTUALIZACION) values ('85','33','37','58','577','196','505','20','12',sysdate,'127.0.0.1',null,null,null);
Insert into SICOES_TM_CONF_BANDEJA (ID_CONF_BANDEJA,ID_SECTOR_LD,ID_SUBSECTOR_LD,ID_ACTIVIDAD_LD,ID_UNIDAD_LD,ID_SUBCATEGORIA_LD,ID_PERFIL_LD,ID_USUARIO,US_CREACION,FE_CREACION,IP_CREACION,US_ACTUALIZACION,FE_ACTUALIZACION,IP_ACTUALIZACION) values ('86','33','37','59','578','199','523','20','12',sysdate,'127.0.0.1',null,null,null);
Insert into SICOES_TM_CONF_BANDEJA (ID_CONF_BANDEJA,ID_SECTOR_LD,ID_SUBSECTOR_LD,ID_ACTIVIDAD_LD,ID_UNIDAD_LD,ID_SUBCATEGORIA_LD,ID_PERFIL_LD,ID_USUARIO,US_CREACION,FE_CREACION,IP_CREACION,US_ACTUALIZACION,FE_ACTUALIZACION,IP_ACTUALIZACION) values ('87','32','34','41','576','195','400','20','12',sysdate,'127.0.0.1',null,null,null);
Insert into SICOES_TM_CONF_BANDEJA (ID_CONF_BANDEJA,ID_SECTOR_LD,ID_SUBSECTOR_LD,ID_ACTIVIDAD_LD,ID_UNIDAD_LD,ID_SUBCATEGORIA_LD,ID_PERFIL_LD,ID_USUARIO,US_CREACION,FE_CREACION,IP_CREACION,US_ACTUALIZACION,FE_ACTUALIZACION,IP_ACTUALIZACION) values ('88','32','34','40','575','192','373','20','12',sysdate,'127.0.0.1',null,null,null);
Insert into SICOES_TM_CONF_BANDEJA (ID_CONF_BANDEJA,ID_SECTOR_LD,ID_SUBSECTOR_LD,ID_ACTIVIDAD_LD,ID_UNIDAD_LD,ID_SUBCATEGORIA_LD,ID_PERFIL_LD,ID_USUARIO,US_CREACION,FE_CREACION,IP_CREACION,US_ACTUALIZACION,FE_ACTUALIZACION,IP_ACTUALIZACION) values ('89','32','34','40','575','193','380','20','12',sysdate,'127.0.0.1',null,null,null);
Insert into SICOES_TM_CONF_BANDEJA (ID_CONF_BANDEJA,ID_SECTOR_LD,ID_SUBSECTOR_LD,ID_ACTIVIDAD_LD,ID_UNIDAD_LD,ID_SUBCATEGORIA_LD,ID_PERFIL_LD,ID_USUARIO,US_CREACION,FE_CREACION,IP_CREACION,US_ACTUALIZACION,FE_ACTUALIZACION,IP_ACTUALIZACION) values ('90','32','34','40','575','194','382','20','12',sysdate,'127.0.0.1',null,null,null);
Insert into SICOES_TM_CONF_BANDEJA (ID_CONF_BANDEJA,ID_SECTOR_LD,ID_SUBSECTOR_LD,ID_ACTIVIDAD_LD,ID_UNIDAD_LD,ID_SUBCATEGORIA_LD,ID_PERFIL_LD,ID_USUARIO,US_CREACION,FE_CREACION,IP_CREACION,US_ACTUALIZACION,FE_ACTUALIZACION,IP_ACTUALIZACION) values ('91','32','34','39','574','190','359','20','12',sysdate,'127.0.0.1',null,null,null);
Insert into SICOES_TM_CONF_BANDEJA (ID_CONF_BANDEJA,ID_SECTOR_LD,ID_SUBSECTOR_LD,ID_ACTIVIDAD_LD,ID_UNIDAD_LD,ID_SUBCATEGORIA_LD,ID_PERFIL_LD,ID_USUARIO,US_CREACION,FE_CREACION,IP_CREACION,US_ACTUALIZACION,FE_ACTUALIZACION,IP_ACTUALIZACION) values ('92','32','34','41','576','195','400','20','12',sysdate,'127.0.0.1',null,null,null);
Insert into SICOES_TM_CONF_BANDEJA (ID_CONF_BANDEJA,ID_SECTOR_LD,ID_SUBSECTOR_LD,ID_ACTIVIDAD_LD,ID_UNIDAD_LD,ID_SUBCATEGORIA_LD,ID_PERFIL_LD,ID_USUARIO,US_CREACION,FE_CREACION,IP_CREACION,US_ACTUALIZACION,FE_ACTUALIZACION,IP_ACTUALIZACION) values ('93','32','34','40','575','192','373','20','12',sysdate,'127.0.0.1',null,null,null);
Insert into SICOES_TM_CONF_BANDEJA (ID_CONF_BANDEJA,ID_SECTOR_LD,ID_SUBSECTOR_LD,ID_ACTIVIDAD_LD,ID_UNIDAD_LD,ID_SUBCATEGORIA_LD,ID_PERFIL_LD,ID_USUARIO,US_CREACION,FE_CREACION,IP_CREACION,US_ACTUALIZACION,FE_ACTUALIZACION,IP_ACTUALIZACION) values ('94','32','34','40','575','193','380','20','12',sysdate,'127.0.0.1',null,null,null);
Insert into SICOES_TM_CONF_BANDEJA (ID_CONF_BANDEJA,ID_SECTOR_LD,ID_SUBSECTOR_LD,ID_ACTIVIDAD_LD,ID_UNIDAD_LD,ID_SUBCATEGORIA_LD,ID_PERFIL_LD,ID_USUARIO,US_CREACION,FE_CREACION,IP_CREACION,US_ACTUALIZACION,FE_ACTUALIZACION,IP_ACTUALIZACION) values ('95','32','34','40','575','194','382','20','12',sysdate,'127.0.0.1',null,null,null);
Insert into SICOES_TM_CONF_BANDEJA (ID_CONF_BANDEJA,ID_SECTOR_LD,ID_SUBSECTOR_LD,ID_ACTIVIDAD_LD,ID_UNIDAD_LD,ID_SUBCATEGORIA_LD,ID_PERFIL_LD,ID_USUARIO,US_CREACION,FE_CREACION,IP_CREACION,US_ACTUALIZACION,FE_ACTUALIZACION,IP_ACTUALIZACION) values ('96','32','34','39','574','190','359','20','12',sysdate,'127.0.0.1',null,null,null);
Insert into SICOES_TM_CONF_BANDEJA (ID_CONF_BANDEJA,ID_SECTOR_LD,ID_SUBSECTOR_LD,ID_ACTIVIDAD_LD,ID_UNIDAD_LD,ID_SUBCATEGORIA_LD,ID_PERFIL_LD,ID_USUARIO,US_CREACION,FE_CREACION,IP_CREACION,US_ACTUALIZACION,FE_ACTUALIZACION,IP_ACTUALIZACION) values ('97','32','36','54','145','156','200','20','12',sysdate,'127.0.0.1',null,null,null);
Insert into SICOES_TM_CONF_BANDEJA (ID_CONF_BANDEJA,ID_SECTOR_LD,ID_SUBSECTOR_LD,ID_ACTIVIDAD_LD,ID_UNIDAD_LD,ID_SUBCATEGORIA_LD,ID_PERFIL_LD,ID_USUARIO,US_CREACION,FE_CREACION,IP_CREACION,US_ACTUALIZACION,FE_ACTUALIZACION,IP_ACTUALIZACION) values ('98','32','36','56','571','188','275','20','12',sysdate,'127.0.0.1',null,null,null);
Insert into SICOES_TM_CONF_BANDEJA (ID_CONF_BANDEJA,ID_SECTOR_LD,ID_SUBSECTOR_LD,ID_ACTIVIDAD_LD,ID_UNIDAD_LD,ID_SUBCATEGORIA_LD,ID_PERFIL_LD,ID_USUARIO,US_CREACION,FE_CREACION,IP_CREACION,US_ACTUALIZACION,FE_ACTUALIZACION,IP_ACTUALIZACION) values ('99','32','36','56','571','188','276','20','12',sysdate,'127.0.0.1',null,null,null);
Insert into SICOES_TM_CONF_BANDEJA (ID_CONF_BANDEJA,ID_SECTOR_LD,ID_SUBSECTOR_LD,ID_ACTIVIDAD_LD,ID_UNIDAD_LD,ID_SUBCATEGORIA_LD,ID_PERFIL_LD,ID_USUARIO,US_CREACION,FE_CREACION,IP_CREACION,US_ACTUALIZACION,FE_ACTUALIZACION,IP_ACTUALIZACION) values ('100','32','36','56','571','188','277','20','12',sysdate,'127.0.0.1',null,null,null);
Insert into SICOES_TM_CONF_BANDEJA (ID_CONF_BANDEJA,ID_SECTOR_LD,ID_SUBSECTOR_LD,ID_ACTIVIDAD_LD,ID_UNIDAD_LD,ID_SUBCATEGORIA_LD,ID_PERFIL_LD,ID_USUARIO,US_CREACION,FE_CREACION,IP_CREACION,US_ACTUALIZACION,FE_ACTUALIZACION,IP_ACTUALIZACION) values ('101','32','36','56','571','189','278','20','12',sysdate,'127.0.0.1',null,null,null);
Insert into SICOES_TM_CONF_BANDEJA (ID_CONF_BANDEJA,ID_SECTOR_LD,ID_SUBSECTOR_LD,ID_ACTIVIDAD_LD,ID_UNIDAD_LD,ID_SUBCATEGORIA_LD,ID_PERFIL_LD,ID_USUARIO,US_CREACION,FE_CREACION,IP_CREACION,US_ACTUALIZACION,FE_ACTUALIZACION,IP_ACTUALIZACION) values ('102','32','35','46','147','171','401','21','12',sysdate,'127.0.0.1',null,null,null);
Insert into SICOES_TM_CONF_BANDEJA (ID_CONF_BANDEJA,ID_SECTOR_LD,ID_SUBSECTOR_LD,ID_ACTIVIDAD_LD,ID_UNIDAD_LD,ID_SUBCATEGORIA_LD,ID_PERFIL_LD,ID_USUARIO,US_CREACION,FE_CREACION,IP_CREACION,US_ACTUALIZACION,FE_ACTUALIZACION,IP_ACTUALIZACION) values ('103','32','36','55','572','187','255','21','12',sysdate,'127.0.0.1',null,null,null);
Insert into SICOES_TM_CONF_BANDEJA (ID_CONF_BANDEJA,ID_SECTOR_LD,ID_SUBSECTOR_LD,ID_ACTIVIDAD_LD,ID_UNIDAD_LD,ID_SUBCATEGORIA_LD,ID_PERFIL_LD,ID_USUARIO,US_CREACION,FE_CREACION,IP_CREACION,US_ACTUALIZACION,FE_ACTUALIZACION,IP_ACTUALIZACION) values ('104','32','36','56','571','188','270','21','12',sysdate,'127.0.0.1',null,null,null);
Insert into SICOES_TM_CONF_BANDEJA (ID_CONF_BANDEJA,ID_SECTOR_LD,ID_SUBSECTOR_LD,ID_ACTIVIDAD_LD,ID_UNIDAD_LD,ID_SUBCATEGORIA_LD,ID_PERFIL_LD,ID_USUARIO,US_CREACION,FE_CREACION,IP_CREACION,US_ACTUALIZACION,FE_ACTUALIZACION,IP_ACTUALIZACION) values ('105','33','37','58','577','196','505','21','12',sysdate,'127.0.0.1',null,null,null);
Insert into SICOES_TM_CONF_BANDEJA (ID_CONF_BANDEJA,ID_SECTOR_LD,ID_SUBSECTOR_LD,ID_ACTIVIDAD_LD,ID_UNIDAD_LD,ID_SUBCATEGORIA_LD,ID_PERFIL_LD,ID_USUARIO,US_CREACION,FE_CREACION,IP_CREACION,US_ACTUALIZACION,FE_ACTUALIZACION,IP_ACTUALIZACION) values ('106','33','37','59','578','199','523','21','12',sysdate,'127.0.0.1',null,null,null);
Insert into SICOES_TM_CONF_BANDEJA (ID_CONF_BANDEJA,ID_SECTOR_LD,ID_SUBSECTOR_LD,ID_ACTIVIDAD_LD,ID_UNIDAD_LD,ID_SUBCATEGORIA_LD,ID_PERFIL_LD,ID_USUARIO,US_CREACION,FE_CREACION,IP_CREACION,US_ACTUALIZACION,FE_ACTUALIZACION,IP_ACTUALIZACION) values ('107','32','34','41','576','195','400','21','12',sysdate,'127.0.0.1',null,null,null);
Insert into SICOES_TM_CONF_BANDEJA (ID_CONF_BANDEJA,ID_SECTOR_LD,ID_SUBSECTOR_LD,ID_ACTIVIDAD_LD,ID_UNIDAD_LD,ID_SUBCATEGORIA_LD,ID_PERFIL_LD,ID_USUARIO,US_CREACION,FE_CREACION,IP_CREACION,US_ACTUALIZACION,FE_ACTUALIZACION,IP_ACTUALIZACION) values ('108','32','34','40','575','192','373','21','12',sysdate,'127.0.0.1',null,null,null);
Insert into SICOES_TM_CONF_BANDEJA (ID_CONF_BANDEJA,ID_SECTOR_LD,ID_SUBSECTOR_LD,ID_ACTIVIDAD_LD,ID_UNIDAD_LD,ID_SUBCATEGORIA_LD,ID_PERFIL_LD,ID_USUARIO,US_CREACION,FE_CREACION,IP_CREACION,US_ACTUALIZACION,FE_ACTUALIZACION,IP_ACTUALIZACION) values ('109','32','34','40','575','193','380','21','12',sysdate,'127.0.0.1',null,null,null);
Insert into SICOES_TM_CONF_BANDEJA (ID_CONF_BANDEJA,ID_SECTOR_LD,ID_SUBSECTOR_LD,ID_ACTIVIDAD_LD,ID_UNIDAD_LD,ID_SUBCATEGORIA_LD,ID_PERFIL_LD,ID_USUARIO,US_CREACION,FE_CREACION,IP_CREACION,US_ACTUALIZACION,FE_ACTUALIZACION,IP_ACTUALIZACION) values ('110','32','34','40','575','194','382','21','12',sysdate,'127.0.0.1',null,null,null);
Insert into SICOES_TM_CONF_BANDEJA (ID_CONF_BANDEJA,ID_SECTOR_LD,ID_SUBSECTOR_LD,ID_ACTIVIDAD_LD,ID_UNIDAD_LD,ID_SUBCATEGORIA_LD,ID_PERFIL_LD,ID_USUARIO,US_CREACION,FE_CREACION,IP_CREACION,US_ACTUALIZACION,FE_ACTUALIZACION,IP_ACTUALIZACION) values ('111','32','34','39','574','190','359','21','12',sysdate,'127.0.0.1',null,null,null);
Insert into SICOES_TM_CONF_BANDEJA (ID_CONF_BANDEJA,ID_SECTOR_LD,ID_SUBSECTOR_LD,ID_ACTIVIDAD_LD,ID_UNIDAD_LD,ID_SUBCATEGORIA_LD,ID_PERFIL_LD,ID_USUARIO,US_CREACION,FE_CREACION,IP_CREACION,US_ACTUALIZACION,FE_ACTUALIZACION,IP_ACTUALIZACION) values ('112','32','34','41','576','195','400','21','12',sysdate,'127.0.0.1',null,null,null);
Insert into SICOES_TM_CONF_BANDEJA (ID_CONF_BANDEJA,ID_SECTOR_LD,ID_SUBSECTOR_LD,ID_ACTIVIDAD_LD,ID_UNIDAD_LD,ID_SUBCATEGORIA_LD,ID_PERFIL_LD,ID_USUARIO,US_CREACION,FE_CREACION,IP_CREACION,US_ACTUALIZACION,FE_ACTUALIZACION,IP_ACTUALIZACION) values ('113','32','34','40','575','192','373','21','12',sysdate,'127.0.0.1',null,null,null);
Insert into SICOES_TM_CONF_BANDEJA (ID_CONF_BANDEJA,ID_SECTOR_LD,ID_SUBSECTOR_LD,ID_ACTIVIDAD_LD,ID_UNIDAD_LD,ID_SUBCATEGORIA_LD,ID_PERFIL_LD,ID_USUARIO,US_CREACION,FE_CREACION,IP_CREACION,US_ACTUALIZACION,FE_ACTUALIZACION,IP_ACTUALIZACION) values ('114','32','34','40','575','193','380','21','12',sysdate,'127.0.0.1',null,null,null);
Insert into SICOES_TM_CONF_BANDEJA (ID_CONF_BANDEJA,ID_SECTOR_LD,ID_SUBSECTOR_LD,ID_ACTIVIDAD_LD,ID_UNIDAD_LD,ID_SUBCATEGORIA_LD,ID_PERFIL_LD,ID_USUARIO,US_CREACION,FE_CREACION,IP_CREACION,US_ACTUALIZACION,FE_ACTUALIZACION,IP_ACTUALIZACION) values ('115','32','34','40','575','194','382','21','12',sysdate,'127.0.0.1',null,null,null);
Insert into SICOES_TM_CONF_BANDEJA (ID_CONF_BANDEJA,ID_SECTOR_LD,ID_SUBSECTOR_LD,ID_ACTIVIDAD_LD,ID_UNIDAD_LD,ID_SUBCATEGORIA_LD,ID_PERFIL_LD,ID_USUARIO,US_CREACION,FE_CREACION,IP_CREACION,US_ACTUALIZACION,FE_ACTUALIZACION,IP_ACTUALIZACION) values ('116','32','34','39','574','190','359','21','12',sysdate,'127.0.0.1',null,null,null);
Insert into SICOES_TM_CONF_BANDEJA (ID_CONF_BANDEJA,ID_SECTOR_LD,ID_SUBSECTOR_LD,ID_ACTIVIDAD_LD,ID_UNIDAD_LD,ID_SUBCATEGORIA_LD,ID_PERFIL_LD,ID_USUARIO,US_CREACION,FE_CREACION,IP_CREACION,US_ACTUALIZACION,FE_ACTUALIZACION,IP_ACTUALIZACION) values ('117','32','36','54','145','156','200','21','12',sysdate,'127.0.0.1',null,null,null);
Insert into SICOES_TM_CONF_BANDEJA (ID_CONF_BANDEJA,ID_SECTOR_LD,ID_SUBSECTOR_LD,ID_ACTIVIDAD_LD,ID_UNIDAD_LD,ID_SUBCATEGORIA_LD,ID_PERFIL_LD,ID_USUARIO,US_CREACION,FE_CREACION,IP_CREACION,US_ACTUALIZACION,FE_ACTUALIZACION,IP_ACTUALIZACION) values ('118','32','36','56','571','188','275','21','12',sysdate,'127.0.0.1',null,null,null);
Insert into SICOES_TM_CONF_BANDEJA (ID_CONF_BANDEJA,ID_SECTOR_LD,ID_SUBSECTOR_LD,ID_ACTIVIDAD_LD,ID_UNIDAD_LD,ID_SUBCATEGORIA_LD,ID_PERFIL_LD,ID_USUARIO,US_CREACION,FE_CREACION,IP_CREACION,US_ACTUALIZACION,FE_ACTUALIZACION,IP_ACTUALIZACION) values ('119','32','36','56','571','188','276','21','12',sysdate,'127.0.0.1',null,null,null);
Insert into SICOES_TM_CONF_BANDEJA (ID_CONF_BANDEJA,ID_SECTOR_LD,ID_SUBSECTOR_LD,ID_ACTIVIDAD_LD,ID_UNIDAD_LD,ID_SUBCATEGORIA_LD,ID_PERFIL_LD,ID_USUARIO,US_CREACION,FE_CREACION,IP_CREACION,US_ACTUALIZACION,FE_ACTUALIZACION,IP_ACTUALIZACION) values ('120','32','36','56','571','188','277','21','12',sysdate,'127.0.0.1',null,null,null);
Insert into SICOES_TM_CONF_BANDEJA (ID_CONF_BANDEJA,ID_SECTOR_LD,ID_SUBSECTOR_LD,ID_ACTIVIDAD_LD,ID_UNIDAD_LD,ID_SUBCATEGORIA_LD,ID_PERFIL_LD,ID_USUARIO,US_CREACION,FE_CREACION,IP_CREACION,US_ACTUALIZACION,FE_ACTUALIZACION,IP_ACTUALIZACION) values ('121','32','36','56','571','189','278','21','12',sysdate,'127.0.0.1',null,null,null);
Insert into SICOES_TM_CONF_BANDEJA (ID_CONF_BANDEJA,ID_SECTOR_LD,ID_SUBSECTOR_LD,ID_ACTIVIDAD_LD,ID_UNIDAD_LD,ID_SUBCATEGORIA_LD,ID_PERFIL_LD,ID_USUARIO,US_CREACION,FE_CREACION,IP_CREACION,US_ACTUALIZACION,FE_ACTUALIZACION,IP_ACTUALIZACION) values ('122','32','34',null,null,null,null,'4','4',sysdate,'127.0.0.1',null,null,null);
Insert into SICOES_TM_CONF_BANDEJA (ID_CONF_BANDEJA,ID_SECTOR_LD,ID_SUBSECTOR_LD,ID_ACTIVIDAD_LD,ID_UNIDAD_LD,ID_SUBCATEGORIA_LD,ID_PERFIL_LD,ID_USUARIO,US_CREACION,FE_CREACION,IP_CREACION,US_ACTUALIZACION,FE_ACTUALIZACION,IP_ACTUALIZACION) values ('123','32','34',null,null,null,null,'2','2',sysdate,'127.0.0.1',null,null,null);



/*
--------------------------------------------------------
-- Archivo creado  - miércoles-febrero-01-2023   
--------------------------------------------------------
REM INSERTING into SICOES_TM_SUPERVISORA
SET DEFINE OFF;
Insert into SICOES_TM_SUPERVISORA (ID_SUPERVISORA,ID_TIPO_DOCUMENTO_LD,ID_PAIS_LD,NU_DOCUMENTO,NO_RAZON_SOCIAL,NO_PERSONA,AP_PATERNO,AP_MATERNO,CO_RUC,DE_DIRECCION,CO_CLIENTE,CO_DEPARTAMENTO,CO_PROVINCIA,CO_DISTRITO,NO_DEPARTAMENTO,NO_PROVINCIA,NO_DISTRITO,CO_PARTIDA_REGISTRAL,DE_TELEFONO1,DE_TELEFONO2,DE_TELEFONO3,DE_CORREO,FE_INGRESO,US_CREACION,FE_CREACION,IP_CREACION,US_ACTUALIZACION,FE_ACTUALIZACION,IP_ACTUALIZACION) values ('1','3','125','45642656',null,'LUIS ALBERTO','ROSALES','HUERTAS','10456426561','JR.AREQUIPA 528           LIMA/BARRANCA/BARRANCA',null,'150000','150200','150201','LIMA','BARRANCA','BARRANCA',null,'1122345',null,null,'larh0510@gmail.com',to_date('01/02/23','DD/MM/RR'),'SIAS_JOB',to_timestamp('27/01/23 01:09:27,324000000 PM','DD/MM/RR HH12:MI:SSXFF AM'),'127.0.0.1',null,null,null);
Insert into SICOES_TM_SUPERVISORA (ID_SUPERVISORA,ID_TIPO_DOCUMENTO_LD,ID_PAIS_LD,NU_DOCUMENTO,NO_RAZON_SOCIAL,NO_PERSONA,AP_PATERNO,AP_MATERNO,CO_RUC,DE_DIRECCION,CO_CLIENTE,CO_DEPARTAMENTO,CO_PROVINCIA,CO_DISTRITO,NO_DEPARTAMENTO,NO_PROVINCIA,NO_DISTRITO,CO_PARTIDA_REGISTRAL,DE_TELEFONO1,DE_TELEFONO2,DE_TELEFONO3,DE_CORREO,FE_INGRESO,US_CREACION,FE_CREACION,IP_CREACION,US_ACTUALIZACION,FE_ACTUALIZACION,IP_ACTUALIZACION) values ('13','3','125','45449947',null,'WALTER MEHUJAEL','DURAN','PAGOLA','10456426561','SECTOR 1 GRUPO 3         A 4 LIMA/LIMA/VILLA EL SALVADOR',null,'150000','150100','150142','LIMA','LIMA','VILLA EL SALVADOR',null,'2134','41234','21341234','duranwalter19@gmail.com',to_date('01/02/23','DD/MM/RR'),'SIAS_JOB',to_timestamp('28/01/23 04:51:38,782000000 AM','DD/MM/RR HH12:MI:SSXFF AM'),'127.0.0.1',null,null,null);
Insert into SICOES_TM_SUPERVISORA (ID_SUPERVISORA,ID_TIPO_DOCUMENTO_LD,ID_PAIS_LD,NU_DOCUMENTO,NO_RAZON_SOCIAL,NO_PERSONA,AP_PATERNO,AP_MATERNO,CO_RUC,DE_DIRECCION,CO_CLIENTE,CO_DEPARTAMENTO,CO_PROVINCIA,CO_DISTRITO,NO_DEPARTAMENTO,NO_PROVINCIA,NO_DISTRITO,CO_PARTIDA_REGISTRAL,DE_TELEFONO1,DE_TELEFONO2,DE_TELEFONO3,DE_CORREO,FE_INGRESO,US_CREACION,FE_CREACION,IP_CREACION,US_ACTUALIZACION,FE_ACTUALIZACION,IP_ACTUALIZACION) values ('15','2','125','20100070031','VOLVO PERU S A',null,null,null,'20100070031','CARRETERA PANAMERICANA SUR KM 23.88 -    LIMA/LIMA/LURIN',null,'150000','150100','150119','LIMA','LIMA','LURIN','12341234','1234123','452345','52345234','aanguiz.celsat@gmail.com',to_date('01/02/23','DD/MM/RR'),'SIAS_JOB',to_timestamp('28/01/23 04:56:17,374000000 AM','DD/MM/RR HH12:MI:SSXFF AM'),'127.0.0.1',null,null,null);
REM INSERTING into SICOES_TM_SUPER_PERFIL
SET DEFINE OFF;

*/

drop sequence SICOES_SEQ_USUARIO;

drop sequence SICOES_SEQ_USUARIO_ROL;

create sequence SICOES_SEQ_USUARIO START WITH 33;

create sequence SICOES_SEQ_USUARIO_ROL START WITH 32;


  GRANT SELECT ON  SICOES_SEQ_USUARIO_ROL TO US_SICOES ;
    GRANT SELECT ON  SICOES_SEQ_USUARIO TO US_SICOES ;
  
  
	
UPDATE SICOES_TM_USUARIO SET NO_USUARIO = 'RITHA ZEGARRA RUESTA' WHERE DE_USUARIO = 'rzegarra';
UPDATE SICOES_TM_USUARIO SET NO_USUARIO = 'JAVIER URCIA GUTIERREZ' WHERE DE_USUARIO = 'jurcia';
UPDATE SICOES_TM_USUARIO SET NO_USUARIO = 'KRISTELL SILVA PRETEL' WHERE DE_USUARIO = 'ksilvap';
UPDATE SICOES_TM_USUARIO SET NO_USUARIO = 'EDUARDO FIELD RODRIGUEZ' WHERE DE_USUARIO = 'EFIELD';
UPDATE SICOES_TM_USUARIO SET NO_USUARIO = 'RITA VERA CESPEDES' WHERE DE_USUARIO = 'RVERAC';
UPDATE SICOES_TM_USUARIO SET NO_USUARIO = 'JAVIER URCIA JAVIER VASQUEZ GUERRA' WHERE DE_USUARIO = 'JVASQUEZG';
UPDATE SICOES_TM_USUARIO SET CO_USUARIO = 5883 WHERE DE_USUARIO = 'ksilvap';



Insert into SICOES_TM_SUPERVISORA (ID_SUPERVISORA,ID_TIPO_DOCUMENTO_LD,ID_PAIS_LD,ID_ESTADO_LD,ID_TIPO_PERSONA_LD,NU_EXPEDIENTE,NU_DOCUMENTO,NO_RAZON_SOCIAL,NO_PERSONA,AP_PATERNO,AP_MATERNO,CO_RUC,DE_DIRECCION,CO_CLIENTE,CO_DEPARTAMENTO,CO_PROVINCIA,CO_DISTRITO,NO_DEPARTAMENTO,NO_PROVINCIA,NO_DISTRITO,CO_PARTIDA_REGISTRAL,DE_TELEFONO1,DE_TELEFONO2,DE_TELEFONO3,CO_TIPO_PN,DE_TIPO_PN,DE_CORREO,FE_INGRESO,FE_SUSPEN_CANCELACION,ID_SUSPEN_CANCELACION,US_CREACION,FE_CREACION,IP_CREACION,US_ACTUALIZACION,FE_ACTUALIZACION,IP_ACTUALIZACION) values ('3','2','65','656','655','202000017358','20100070031','VOLVO PERU S A',null,null,null,'20100070031','CARRETERA PANAMERICANA SUR KM 23.88 -    LIMA/LIMA/LURIN','25643','150000','150100','150119','LIMA','LIMA','LURIN','000159357','996253145',null,null,null,null,'aanguiz.celsat@gmail.com',to_date('23/06/23','DD/MM/RR'),null,null,'SIAS_JOB',to_timestamp('23/06/23 05:49:06,385000000 PM','DD/MM/RR HH12:MI:SS,FF AM'),'127.0.0.1',null,null,null);
Insert into SICOES_TM_SUPERVISORA (ID_SUPERVISORA,ID_TIPO_DOCUMENTO_LD,ID_PAIS_LD,ID_ESTADO_LD,ID_TIPO_PERSONA_LD,NU_EXPEDIENTE,NU_DOCUMENTO,NO_RAZON_SOCIAL,NO_PERSONA,AP_PATERNO,AP_MATERNO,CO_RUC,DE_DIRECCION,CO_CLIENTE,CO_DEPARTAMENTO,CO_PROVINCIA,CO_DISTRITO,NO_DEPARTAMENTO,NO_PROVINCIA,NO_DISTRITO,CO_PARTIDA_REGISTRAL,DE_TELEFONO1,DE_TELEFONO2,DE_TELEFONO3,CO_TIPO_PN,DE_TIPO_PN,DE_CORREO,FE_INGRESO,FE_SUSPEN_CANCELACION,ID_SUSPEN_CANCELACION,US_CREACION,FE_CREACION,IP_CREACION,US_ACTUALIZACION,FE_ACTUALIZACION,IP_ACTUALIZACION) values ('5','3','125','656','679','202000017363','47618456',null,'HAROLD OLIVER','PAUCARCAJA','OCHOA','10476184563','SECTOR 3 GRUPO 22 MZ. A LT. 16 LIMA/LIMA/VILLA EL SALVADOR','249772','150000','150100','150142','LIMA','LIMA','VILLA EL SALVADOR',null,'999999999999',null,null,null,null,'celsat.seal@gmail.com',to_date('23/06/23','DD/MM/RR'),null,null,'SIAS_JOB',to_timestamp('23/06/23 07:58:43,880000000 PM','DD/MM/RR HH12:MI:SS,FF AM'),'127.0.0.1',null,null,null);
Insert into SICOES_TM_SUPERVISORA (ID_SUPERVISORA,ID_TIPO_DOCUMENTO_LD,ID_PAIS_LD,ID_ESTADO_LD,ID_TIPO_PERSONA_LD,NU_EXPEDIENTE,NU_DOCUMENTO,NO_RAZON_SOCIAL,NO_PERSONA,AP_PATERNO,AP_MATERNO,CO_RUC,DE_DIRECCION,CO_CLIENTE,CO_DEPARTAMENTO,CO_PROVINCIA,CO_DISTRITO,NO_DEPARTAMENTO,NO_PROVINCIA,NO_DISTRITO,CO_PARTIDA_REGISTRAL,DE_TELEFONO1,DE_TELEFONO2,DE_TELEFONO3,CO_TIPO_PN,DE_TIPO_PN,DE_CORREO,FE_INGRESO,FE_SUSPEN_CANCELACION,ID_SUSPEN_CANCELACION,US_CREACION,FE_CREACION,IP_CREACION,US_ACTUALIZACION,FE_ACTUALIZACION,IP_ACTUALIZACION) values ('6','3','125','656','679','202000017364','73496666',null,'JASON CHRISTIAN ANTHONY','ANGUIZ','VARGAS','10734966661','CALLE LAS VIOLETAS ASENT.H. ASOC. VIV. AUTOG. SAN BENITO ETAPA 1 MZ. I LT. 18 LIMA/LIMA/CARABAYLLO','249758','150000','150100','150106','LIMA','LIMA','CARABAYLLO',null,'999999999999',null,null,null,null,'anthony.anguiz@celsat.pe',to_date('23/06/23','DD/MM/RR'),null,null,'SIAS_JOB',to_timestamp('23/06/23 08:25:33,034000000 PM','DD/MM/RR HH12:MI:SS,FF AM'),'127.0.0.1',null,null,null);
Insert into SICOES_TM_SUPERVISORA (ID_SUPERVISORA,ID_TIPO_DOCUMENTO_LD,ID_PAIS_LD,ID_ESTADO_LD,ID_TIPO_PERSONA_LD,NU_EXPEDIENTE,NU_DOCUMENTO,NO_RAZON_SOCIAL,NO_PERSONA,AP_PATERNO,AP_MATERNO,CO_RUC,DE_DIRECCION,CO_CLIENTE,CO_DEPARTAMENTO,CO_PROVINCIA,CO_DISTRITO,NO_DEPARTAMENTO,NO_PROVINCIA,NO_DISTRITO,CO_PARTIDA_REGISTRAL,DE_TELEFONO1,DE_TELEFONO2,DE_TELEFONO3,CO_TIPO_PN,DE_TIPO_PN,DE_CORREO,FE_INGRESO,FE_SUSPEN_CANCELACION,ID_SUSPEN_CANCELACION,US_CREACION,FE_CREACION,IP_CREACION,US_ACTUALIZACION,FE_ACTUALIZACION,IP_ACTUALIZACION) values ('2','3','125','656','679','202000017361','44786674',null,'VERONICA LILIANA','GARCIA','RUBIO','10447866744','AV. QUILLAZU N S/N CPMEN QUILLAZU PASCO/OXAPAMPA/OXAPAMPA','249757','190000','190300','190301','PASCO','OXAPAMPA','OXAPAMPA',null,'999999999999',null,null,null,null,'10447866744@gmail.com',to_date('23/06/23','DD/MM/RR'),null,null,'SIAS_JOB',to_timestamp('23/06/23 03:42:23,873000000 PM','DD/MM/RR HH12:MI:SS,FF AM'),'127.0.0.1','SIAS_JOB',to_timestamp('23/06/23 05:57:34,790000000 PM','DD/MM/RR HH12:MI:SS,FF AM'),'127.0.0.1');
Insert into SICOES_TM_SUPERVISORA (ID_SUPERVISORA,ID_TIPO_DOCUMENTO_LD,ID_PAIS_LD,ID_ESTADO_LD,ID_TIPO_PERSONA_LD,NU_EXPEDIENTE,NU_DOCUMENTO,NO_RAZON_SOCIAL,NO_PERSONA,AP_PATERNO,AP_MATERNO,CO_RUC,DE_DIRECCION,CO_CLIENTE,CO_DEPARTAMENTO,CO_PROVINCIA,CO_DISTRITO,NO_DEPARTAMENTO,NO_PROVINCIA,NO_DISTRITO,CO_PARTIDA_REGISTRAL,DE_TELEFONO1,DE_TELEFONO2,DE_TELEFONO3,CO_TIPO_PN,DE_TIPO_PN,DE_CORREO,FE_INGRESO,FE_SUSPEN_CANCELACION,ID_SUSPEN_CANCELACION,US_CREACION,FE_CREACION,IP_CREACION,US_ACTUALIZACION,FE_ACTUALIZACION,IP_ACTUALIZACION) values ('1','2','65','656','655','202000017356','20510496168','CEL SAT (PERU).COM S.A.C.',null,null,null,'20510496168','AVENIDA PASEO DE LA REPUBLICA 3905 LIMA/LIMA/SURQUILLO','4875','150000','150100','150141','LIMA','LIMA','SURQUILLO','NUEVA PARTIDA','978456123',null,null,null,null,'celsat.osinergmin@gmail.com',to_date('23/06/23','DD/MM/RR'),null,null,'SIAS_JOB',to_timestamp('23/06/23 03:42:05,639000000 PM','DD/MM/RR HH12:MI:SS,FF AM'),'127.0.0.1',null,null,null);
Insert into SICOES_TM_SUPERVISORA (ID_SUPERVISORA,ID_TIPO_DOCUMENTO_LD,ID_PAIS_LD,ID_ESTADO_LD,ID_TIPO_PERSONA_LD,NU_EXPEDIENTE,NU_DOCUMENTO,NO_RAZON_SOCIAL,NO_PERSONA,AP_PATERNO,AP_MATERNO,CO_RUC,DE_DIRECCION,CO_CLIENTE,CO_DEPARTAMENTO,CO_PROVINCIA,CO_DISTRITO,NO_DEPARTAMENTO,NO_PROVINCIA,NO_DISTRITO,CO_PARTIDA_REGISTRAL,DE_TELEFONO1,DE_TELEFONO2,DE_TELEFONO3,CO_TIPO_PN,DE_TIPO_PN,DE_CORREO,FE_INGRESO,FE_SUSPEN_CANCELACION,ID_SUSPEN_CANCELACION,US_CREACION,FE_CREACION,IP_CREACION,US_ACTUALIZACION,FE_ACTUALIZACION,IP_ACTUALIZACION) values ('4','2','65','702','655','202000017362','20544435362','IGOOLT S.A.C.',null,null,null,'20544435362','CALLE LAS CODORNICES 237  LIMA/LIMA/SURQUILLO','243994','150000','150100','150141','LIMA','LIMA','SURQUILLO','0000335452','996523154',null,null,null,null,'celsat.sicoes@gmail.com',to_date('23/06/23','DD/MM/RR'),to_date('30/06/23','DD/MM/RR'),'1','SIAS_JOB',to_timestamp('23/06/23 06:29:31,779000000 PM','DD/MM/RR HH12:MI:SS,FF AM'),'127.0.0.1',null,null,null);
Insert into SICOES_TM_SUPERVISORA (ID_SUPERVISORA,ID_TIPO_DOCUMENTO_LD,ID_PAIS_LD,ID_ESTADO_LD,ID_TIPO_PERSONA_LD,NU_EXPEDIENTE,NU_DOCUMENTO,NO_RAZON_SOCIAL,NO_PERSONA,AP_PATERNO,AP_MATERNO,CO_RUC,DE_DIRECCION,CO_CLIENTE,CO_DEPARTAMENTO,CO_PROVINCIA,CO_DISTRITO,NO_DEPARTAMENTO,NO_PROVINCIA,NO_DISTRITO,CO_PARTIDA_REGISTRAL,DE_TELEFONO1,DE_TELEFONO2,DE_TELEFONO3,CO_TIPO_PN,DE_TIPO_PN,DE_CORREO,FE_INGRESO,FE_SUSPEN_CANCELACION,ID_SUSPEN_CANCELACION,US_CREACION,FE_CREACION,IP_CREACION,US_ACTUALIZACION,FE_ACTUALIZACION,IP_ACTUALIZACION) values ('7','3','125','656','679','202000017376','47602831',null,'SAMANTHA SHIRLEY GIULIANA','MENDOZA','LAPA','10476028316','AV. SAN NICOLAS URB. SANTA BARBARA MZ. E LT. 7 LIMA/LIMA/SAN MARTIN DE PORRES','249777','150000','150100','150135','LIMA','LIMA','SAN MARTIN DE PORRES',null,'999999999999',null,null,null,null,'47602831@gmail.com',to_date('23/06/23','DD/MM/RR'),null,null,'SIAS_JOB',to_timestamp('23/06/23 08:35:40,118000000 PM','DD/MM/RR HH12:MI:SS,FF AM'),'127.0.0.1',null,null,null);


Insert into SICOES_TM_SUPER_REPRESENTANTE (ID_SUPER_REPRESENTANTE,ID_TIPO_DOCUMENTO_LD,ID_SUPERVISORA,NU_DOCUMENTO,NO_REPRESENTANTE,AP_PATERNO,AP_MATERNO,US_CREACION,FE_CREACION,IP_CREACION,US_ACTUALIZACION,FE_ACTUALIZACION,IP_ACTUALIZACION) values ('2','3','3','47521452','KEROLEN ELLEN','LIMA','GUERRA','SIAS_JOB',to_timestamp('23/06/23 05:49:06,386000000 PM','DD/MM/RR HH12:MI:SS,FF AM'),'127.0.0.1',null,null,null);
Insert into SICOES_TM_SUPER_REPRESENTANTE (ID_SUPER_REPRESENTANTE,ID_TIPO_DOCUMENTO_LD,ID_SUPERVISORA,NU_DOCUMENTO,NO_REPRESENTANTE,AP_PATERNO,AP_MATERNO,US_CREACION,FE_CREACION,IP_CREACION,US_ACTUALIZACION,FE_ACTUALIZACION,IP_ACTUALIZACION) values ('1','3','1','72884584','CHRISTIAN IMER','VILCA','JUSTINIANO','SIAS_JOB',to_timestamp('23/06/23 03:42:05,650000000 PM','DD/MM/RR HH12:MI:SS,FF AM'),'127.0.0.1',null,null,null);
Insert into SICOES_TM_SUPER_REPRESENTANTE (ID_SUPER_REPRESENTANTE,ID_TIPO_DOCUMENTO_LD,ID_SUPERVISORA,NU_DOCUMENTO,NO_REPRESENTANTE,AP_PATERNO,AP_MATERNO,US_CREACION,FE_CREACION,IP_CREACION,US_ACTUALIZACION,FE_ACTUALIZACION,IP_ACTUALIZACION) values ('3','3','4','45211566','GARY','URBANO','ROJAS','SIAS_JOB',to_timestamp('23/06/23 06:29:31,779000000 PM','DD/MM/RR HH12:MI:SS,FF AM'),'127.0.0.1',null,null,null);


Insert into SICOES_TM_SUPER_PERFIL (ID_SUPER_PERFIL,NU_EXPEDIENTE,ID_SUPERVISORA,ID_SECTOR_LD,ID_SUBSECTOR_LD,ID_ACTIVIDAD_LD,ID_UNIDAD_LD,ID_SUBCATEGORIA_LD,ID_PERFIL_LD,FE_INGRESO,US_CREACION,FE_CREACION,IP_CREACION,US_ACTUALIZACION,FE_ACTUALIZACION,IP_ACTUALIZACION) values ('8','202000017358','3','32','34',null,null,null,null,to_date('23/06/23','DD/MM/RR'),'SIAS_JOB',to_timestamp('23/06/23 05:49:06,399000000 PM','DD/MM/RR HH12:MI:SS,FF AM'),'127.0.0.1',null,null,null);
Insert into SICOES_TM_SUPER_PERFIL (ID_SUPER_PERFIL,NU_EXPEDIENTE,ID_SUPERVISORA,ID_SECTOR_LD,ID_SUBSECTOR_LD,ID_ACTIVIDAD_LD,ID_UNIDAD_LD,ID_SUBCATEGORIA_LD,ID_PERFIL_LD,FE_INGRESO,US_CREACION,FE_CREACION,IP_CREACION,US_ACTUALIZACION,FE_ACTUALIZACION,IP_ACTUALIZACION) values ('9','202000017358','3','32','36',null,null,null,null,to_date('23/06/23','DD/MM/RR'),'SIAS_JOB',to_timestamp('23/06/23 05:49:06,400000000 PM','DD/MM/RR HH12:MI:SS,FF AM'),'127.0.0.1',null,null,null);
Insert into SICOES_TM_SUPER_PERFIL (ID_SUPER_PERFIL,NU_EXPEDIENTE,ID_SUPERVISORA,ID_SECTOR_LD,ID_SUBSECTOR_LD,ID_ACTIVIDAD_LD,ID_UNIDAD_LD,ID_SUBCATEGORIA_LD,ID_PERFIL_LD,FE_INGRESO,US_CREACION,FE_CREACION,IP_CREACION,US_ACTUALIZACION,FE_ACTUALIZACION,IP_ACTUALIZACION) values ('10','202000017358','3','32','35',null,null,null,null,to_date('23/06/23','DD/MM/RR'),'SIAS_JOB',to_timestamp('23/06/23 05:49:06,400000000 PM','DD/MM/RR HH12:MI:SS,FF AM'),'127.0.0.1',null,null,null);
Insert into SICOES_TM_SUPER_PERFIL (ID_SUPER_PERFIL,NU_EXPEDIENTE,ID_SUPERVISORA,ID_SECTOR_LD,ID_SUBSECTOR_LD,ID_ACTIVIDAD_LD,ID_UNIDAD_LD,ID_SUBCATEGORIA_LD,ID_PERFIL_LD,FE_INGRESO,US_CREACION,FE_CREACION,IP_CREACION,US_ACTUALIZACION,FE_ACTUALIZACION,IP_ACTUALIZACION) values ('20','202000017363','5','32','36','44','152','194','438',to_date('23/06/23','DD/MM/RR'),'SIAS_JOB',to_timestamp('23/06/23 07:58:43,884000000 PM','DD/MM/RR HH12:MI:SS,FF AM'),'127.0.0.1',null,null,null);
Insert into SICOES_TM_SUPER_PERFIL (ID_SUPER_PERFIL,NU_EXPEDIENTE,ID_SUPERVISORA,ID_SECTOR_LD,ID_SUBSECTOR_LD,ID_ACTIVIDAD_LD,ID_UNIDAD_LD,ID_SUBCATEGORIA_LD,ID_PERFIL_LD,FE_INGRESO,US_CREACION,FE_CREACION,IP_CREACION,US_ACTUALIZACION,FE_ACTUALIZACION,IP_ACTUALIZACION) values ('21','202000017363','5','32','36','50','160','205','777',to_date('23/06/23','DD/MM/RR'),'SIAS_JOB',to_timestamp('23/06/23 07:58:43,884000000 PM','DD/MM/RR HH12:MI:SS,FF AM'),'127.0.0.1',null,null,null);
Insert into SICOES_TM_SUPER_PERFIL (ID_SUPER_PERFIL,NU_EXPEDIENTE,ID_SUPERVISORA,ID_SECTOR_LD,ID_SUBSECTOR_LD,ID_ACTIVIDAD_LD,ID_UNIDAD_LD,ID_SUBCATEGORIA_LD,ID_PERFIL_LD,FE_INGRESO,US_CREACION,FE_CREACION,IP_CREACION,US_ACTUALIZACION,FE_ACTUALIZACION,IP_ACTUALIZACION) values ('22','202000017363','5','32','36','51','161','207','793',to_date('23/06/23','DD/MM/RR'),'SIAS_JOB',to_timestamp('23/06/23 07:58:43,885000000 PM','DD/MM/RR HH12:MI:SS,FF AM'),'127.0.0.1',null,null,null);
Insert into SICOES_TM_SUPER_PERFIL (ID_SUPER_PERFIL,NU_EXPEDIENTE,ID_SUPERVISORA,ID_SECTOR_LD,ID_SUBSECTOR_LD,ID_ACTIVIDAD_LD,ID_UNIDAD_LD,ID_SUBCATEGORIA_LD,ID_PERFIL_LD,FE_INGRESO,US_CREACION,FE_CREACION,IP_CREACION,US_ACTUALIZACION,FE_ACTUALIZACION,IP_ACTUALIZACION) values ('23','202000017363','5','32','34','40','147','175','295',to_date('23/06/23','DD/MM/RR'),'SIAS_JOB',to_timestamp('23/06/23 07:58:43,885000000 PM','DD/MM/RR HH12:MI:SS,FF AM'),'127.0.0.1',null,null,null);
Insert into SICOES_TM_SUPER_PERFIL (ID_SUPER_PERFIL,NU_EXPEDIENTE,ID_SUPERVISORA,ID_SECTOR_LD,ID_SUBSECTOR_LD,ID_ACTIVIDAD_LD,ID_UNIDAD_LD,ID_SUBCATEGORIA_LD,ID_PERFIL_LD,FE_INGRESO,US_CREACION,FE_CREACION,IP_CREACION,US_ACTUALIZACION,FE_ACTUALIZACION,IP_ACTUALIZACION) values ('24','202000017363','5','32','34','39','146','174','276',to_date('23/06/23','DD/MM/RR'),'SIAS_JOB',to_timestamp('23/06/23 07:58:43,886000000 PM','DD/MM/RR HH12:MI:SS,FF AM'),'127.0.0.1',null,null,null);
Insert into SICOES_TM_SUPER_PERFIL (ID_SUPER_PERFIL,NU_EXPEDIENTE,ID_SUPERVISORA,ID_SECTOR_LD,ID_SUBSECTOR_LD,ID_ACTIVIDAD_LD,ID_UNIDAD_LD,ID_SUBCATEGORIA_LD,ID_PERFIL_LD,FE_INGRESO,US_CREACION,FE_CREACION,IP_CREACION,US_ACTUALIZACION,FE_ACTUALIZACION,IP_ACTUALIZACION) values ('25','202000017363','5','32','34','40','147','175','290',to_date('23/06/23','DD/MM/RR'),'SIAS_JOB',to_timestamp('23/06/23 07:58:43,886000000 PM','DD/MM/RR HH12:MI:SS,FF AM'),'127.0.0.1',null,null,null);
Insert into SICOES_TM_SUPER_PERFIL (ID_SUPER_PERFIL,NU_EXPEDIENTE,ID_SUPERVISORA,ID_SECTOR_LD,ID_SUBSECTOR_LD,ID_ACTIVIDAD_LD,ID_UNIDAD_LD,ID_SUBCATEGORIA_LD,ID_PERFIL_LD,FE_INGRESO,US_CREACION,FE_CREACION,IP_CREACION,US_ACTUALIZACION,FE_ACTUALIZACION,IP_ACTUALIZACION) values ('26','202000017363','5','32','34','40','147','175','294',to_date('23/06/23','DD/MM/RR'),'SIAS_JOB',to_timestamp('23/06/23 07:58:43,886000000 PM','DD/MM/RR HH12:MI:SS,FF AM'),'127.0.0.1',null,null,null);
Insert into SICOES_TM_SUPER_PERFIL (ID_SUPER_PERFIL,NU_EXPEDIENTE,ID_SUPERVISORA,ID_SECTOR_LD,ID_SUBSECTOR_LD,ID_ACTIVIDAD_LD,ID_UNIDAD_LD,ID_SUBCATEGORIA_LD,ID_PERFIL_LD,FE_INGRESO,US_CREACION,FE_CREACION,IP_CREACION,US_ACTUALIZACION,FE_ACTUALIZACION,IP_ACTUALIZACION) values ('27','202000017363','5','32','34','38','145','170','242',to_date('23/06/23','DD/MM/RR'),'SIAS_JOB',to_timestamp('23/06/23 07:58:43,886000000 PM','DD/MM/RR HH12:MI:SS,FF AM'),'127.0.0.1',null,null,null);
Insert into SICOES_TM_SUPER_PERFIL (ID_SUPER_PERFIL,NU_EXPEDIENTE,ID_SUPERVISORA,ID_SECTOR_LD,ID_SUBSECTOR_LD,ID_ACTIVIDAD_LD,ID_UNIDAD_LD,ID_SUBCATEGORIA_LD,ID_PERFIL_LD,FE_INGRESO,US_CREACION,FE_CREACION,IP_CREACION,US_ACTUALIZACION,FE_ACTUALIZACION,IP_ACTUALIZACION) values ('28','202000017364','6','32','36','44','152','194','438',to_date('23/06/23','DD/MM/RR'),'SIAS_JOB',to_timestamp('23/06/23 08:25:33,037000000 PM','DD/MM/RR HH12:MI:SS,FF AM'),'127.0.0.1',null,null,null);
Insert into SICOES_TM_SUPER_PERFIL (ID_SUPER_PERFIL,NU_EXPEDIENTE,ID_SUPERVISORA,ID_SECTOR_LD,ID_SUBSECTOR_LD,ID_ACTIVIDAD_LD,ID_UNIDAD_LD,ID_SUBCATEGORIA_LD,ID_PERFIL_LD,FE_INGRESO,US_CREACION,FE_CREACION,IP_CREACION,US_ACTUALIZACION,FE_ACTUALIZACION,IP_ACTUALIZACION) values ('29','202000017364','6','32','36','50','160','205','777',to_date('23/06/23','DD/MM/RR'),'SIAS_JOB',to_timestamp('23/06/23 08:25:33,038000000 PM','DD/MM/RR HH12:MI:SS,FF AM'),'127.0.0.1',null,null,null);
Insert into SICOES_TM_SUPER_PERFIL (ID_SUPER_PERFIL,NU_EXPEDIENTE,ID_SUPERVISORA,ID_SECTOR_LD,ID_SUBSECTOR_LD,ID_ACTIVIDAD_LD,ID_UNIDAD_LD,ID_SUBCATEGORIA_LD,ID_PERFIL_LD,FE_INGRESO,US_CREACION,FE_CREACION,IP_CREACION,US_ACTUALIZACION,FE_ACTUALIZACION,IP_ACTUALIZACION) values ('30','202000017364','6','32','36','51','161','207','793',to_date('23/06/23','DD/MM/RR'),'SIAS_JOB',to_timestamp('23/06/23 08:25:33,038000000 PM','DD/MM/RR HH12:MI:SS,FF AM'),'127.0.0.1',null,null,null);
Insert into SICOES_TM_SUPER_PERFIL (ID_SUPER_PERFIL,NU_EXPEDIENTE,ID_SUPERVISORA,ID_SECTOR_LD,ID_SUBSECTOR_LD,ID_ACTIVIDAD_LD,ID_UNIDAD_LD,ID_SUBCATEGORIA_LD,ID_PERFIL_LD,FE_INGRESO,US_CREACION,FE_CREACION,IP_CREACION,US_ACTUALIZACION,FE_ACTUALIZACION,IP_ACTUALIZACION) values ('31','202000017364','6','32','34','40','147','175','295',to_date('23/06/23','DD/MM/RR'),'SIAS_JOB',to_timestamp('23/06/23 08:25:33,038000000 PM','DD/MM/RR HH12:MI:SS,FF AM'),'127.0.0.1',null,null,null);
Insert into SICOES_TM_SUPER_PERFIL (ID_SUPER_PERFIL,NU_EXPEDIENTE,ID_SUPERVISORA,ID_SECTOR_LD,ID_SUBSECTOR_LD,ID_ACTIVIDAD_LD,ID_UNIDAD_LD,ID_SUBCATEGORIA_LD,ID_PERFIL_LD,FE_INGRESO,US_CREACION,FE_CREACION,IP_CREACION,US_ACTUALIZACION,FE_ACTUALIZACION,IP_ACTUALIZACION) values ('32','202000017364','6','32','34','39','146','174','276',to_date('23/06/23','DD/MM/RR'),'SIAS_JOB',to_timestamp('23/06/23 08:25:33,039000000 PM','DD/MM/RR HH12:MI:SS,FF AM'),'127.0.0.1',null,null,null);
Insert into SICOES_TM_SUPER_PERFIL (ID_SUPER_PERFIL,NU_EXPEDIENTE,ID_SUPERVISORA,ID_SECTOR_LD,ID_SUBSECTOR_LD,ID_ACTIVIDAD_LD,ID_UNIDAD_LD,ID_SUBCATEGORIA_LD,ID_PERFIL_LD,FE_INGRESO,US_CREACION,FE_CREACION,IP_CREACION,US_ACTUALIZACION,FE_ACTUALIZACION,IP_ACTUALIZACION) values ('33','202000017364','6','32','34','40','147','175','290',to_date('23/06/23','DD/MM/RR'),'SIAS_JOB',to_timestamp('23/06/23 08:25:33,039000000 PM','DD/MM/RR HH12:MI:SS,FF AM'),'127.0.0.1',null,null,null);
Insert into SICOES_TM_SUPER_PERFIL (ID_SUPER_PERFIL,NU_EXPEDIENTE,ID_SUPERVISORA,ID_SECTOR_LD,ID_SUBSECTOR_LD,ID_ACTIVIDAD_LD,ID_UNIDAD_LD,ID_SUBCATEGORIA_LD,ID_PERFIL_LD,FE_INGRESO,US_CREACION,FE_CREACION,IP_CREACION,US_ACTUALIZACION,FE_ACTUALIZACION,IP_ACTUALIZACION) values ('34','202000017364','6','32','34','40','147','175','294',to_date('23/06/23','DD/MM/RR'),'SIAS_JOB',to_timestamp('23/06/23 08:25:33,039000000 PM','DD/MM/RR HH12:MI:SS,FF AM'),'127.0.0.1',null,null,null);
Insert into SICOES_TM_SUPER_PERFIL (ID_SUPER_PERFIL,NU_EXPEDIENTE,ID_SUPERVISORA,ID_SECTOR_LD,ID_SUBSECTOR_LD,ID_ACTIVIDAD_LD,ID_UNIDAD_LD,ID_SUBCATEGORIA_LD,ID_PERFIL_LD,FE_INGRESO,US_CREACION,FE_CREACION,IP_CREACION,US_ACTUALIZACION,FE_ACTUALIZACION,IP_ACTUALIZACION) values ('35','202000017364','6','32','34','38','145','170','242',to_date('23/06/23','DD/MM/RR'),'SIAS_JOB',to_timestamp('23/06/23 08:25:33,039000000 PM','DD/MM/RR HH12:MI:SS,FF AM'),'127.0.0.1',null,null,null);
Insert into SICOES_TM_SUPER_PERFIL (ID_SUPER_PERFIL,NU_EXPEDIENTE,ID_SUPERVISORA,ID_SECTOR_LD,ID_SUBSECTOR_LD,ID_ACTIVIDAD_LD,ID_UNIDAD_LD,ID_SUBCATEGORIA_LD,ID_PERFIL_LD,FE_INGRESO,US_CREACION,FE_CREACION,IP_CREACION,US_ACTUALIZACION,FE_ACTUALIZACION,IP_ACTUALIZACION) values ('4','202000017361','2','32','36','44','152','194','438',to_date('23/06/23','DD/MM/RR'),'SIAS_JOB',to_timestamp('23/06/23 03:42:23,892000000 PM','DD/MM/RR HH12:MI:SS,FF AM'),'127.0.0.1','SIAS_JOB',to_timestamp('23/06/23 05:57:34,796000000 PM','DD/MM/RR HH12:MI:SS,FF AM'),'127.0.0.1');
Insert into SICOES_TM_SUPER_PERFIL (ID_SUPER_PERFIL,NU_EXPEDIENTE,ID_SUPERVISORA,ID_SECTOR_LD,ID_SUBSECTOR_LD,ID_ACTIVIDAD_LD,ID_UNIDAD_LD,ID_SUBCATEGORIA_LD,ID_PERFIL_LD,FE_INGRESO,US_CREACION,FE_CREACION,IP_CREACION,US_ACTUALIZACION,FE_ACTUALIZACION,IP_ACTUALIZACION) values ('5','202000017361','2','32','34','38','145','170','242',to_date('23/06/23','DD/MM/RR'),'SIAS_JOB',to_timestamp('23/06/23 03:42:23,893000000 PM','DD/MM/RR HH12:MI:SS,FF AM'),'127.0.0.1','SIAS_JOB',to_timestamp('23/06/23 05:57:34,801000000 PM','DD/MM/RR HH12:MI:SS,FF AM'),'127.0.0.1');
Insert into SICOES_TM_SUPER_PERFIL (ID_SUPER_PERFIL,NU_EXPEDIENTE,ID_SUPERVISORA,ID_SECTOR_LD,ID_SUBSECTOR_LD,ID_ACTIVIDAD_LD,ID_UNIDAD_LD,ID_SUBCATEGORIA_LD,ID_PERFIL_LD,FE_INGRESO,US_CREACION,FE_CREACION,IP_CREACION,US_ACTUALIZACION,FE_ACTUALIZACION,IP_ACTUALIZACION) values ('6','202000017355','2','32','34','38','145','166','214',to_date('23/06/23','DD/MM/RR'),'SIAS_JOB',to_timestamp('23/06/23 03:42:23,894000000 PM','DD/MM/RR HH12:MI:SS,FF AM'),'127.0.0.1',null,null,null);
Insert into SICOES_TM_SUPER_PERFIL (ID_SUPER_PERFIL,NU_EXPEDIENTE,ID_SUPERVISORA,ID_SECTOR_LD,ID_SUBSECTOR_LD,ID_ACTIVIDAD_LD,ID_UNIDAD_LD,ID_SUBCATEGORIA_LD,ID_PERFIL_LD,FE_INGRESO,US_CREACION,FE_CREACION,IP_CREACION,US_ACTUALIZACION,FE_ACTUALIZACION,IP_ACTUALIZACION) values ('7','202000017361','2','32','36','50','160','205','777',to_date('23/06/23','DD/MM/RR'),'SIAS_JOB',to_timestamp('23/06/23 03:42:23,894000000 PM','DD/MM/RR HH12:MI:SS,FF AM'),'127.0.0.1','SIAS_JOB',to_timestamp('23/06/23 05:57:34,796000000 PM','DD/MM/RR HH12:MI:SS,FF AM'),'127.0.0.1');
Insert into SICOES_TM_SUPER_PERFIL (ID_SUPER_PERFIL,NU_EXPEDIENTE,ID_SUPERVISORA,ID_SECTOR_LD,ID_SUBSECTOR_LD,ID_ACTIVIDAD_LD,ID_UNIDAD_LD,ID_SUBCATEGORIA_LD,ID_PERFIL_LD,FE_INGRESO,US_CREACION,FE_CREACION,IP_CREACION,US_ACTUALIZACION,FE_ACTUALIZACION,IP_ACTUALIZACION) values ('1','202000017356','1','32','34',null,null,null,null,to_date('23/06/23','DD/MM/RR'),'SIAS_JOB',to_timestamp('23/06/23 03:42:05,697000000 PM','DD/MM/RR HH12:MI:SS,FF AM'),'127.0.0.1',null,null,null);
Insert into SICOES_TM_SUPER_PERFIL (ID_SUPER_PERFIL,NU_EXPEDIENTE,ID_SUPERVISORA,ID_SECTOR_LD,ID_SUBSECTOR_LD,ID_ACTIVIDAD_LD,ID_UNIDAD_LD,ID_SUBCATEGORIA_LD,ID_PERFIL_LD,FE_INGRESO,US_CREACION,FE_CREACION,IP_CREACION,US_ACTUALIZACION,FE_ACTUALIZACION,IP_ACTUALIZACION) values ('2','202000017356','1','32','36',null,null,null,null,to_date('23/06/23','DD/MM/RR'),'SIAS_JOB',to_timestamp('23/06/23 03:42:05,708000000 PM','DD/MM/RR HH12:MI:SS,FF AM'),'127.0.0.1',null,null,null);
Insert into SICOES_TM_SUPER_PERFIL (ID_SUPER_PERFIL,NU_EXPEDIENTE,ID_SUPERVISORA,ID_SECTOR_LD,ID_SUBSECTOR_LD,ID_ACTIVIDAD_LD,ID_UNIDAD_LD,ID_SUBCATEGORIA_LD,ID_PERFIL_LD,FE_INGRESO,US_CREACION,FE_CREACION,IP_CREACION,US_ACTUALIZACION,FE_ACTUALIZACION,IP_ACTUALIZACION) values ('3','202000017356','1','32','35',null,null,null,null,to_date('23/06/23','DD/MM/RR'),'SIAS_JOB',to_timestamp('23/06/23 03:42:05,709000000 PM','DD/MM/RR HH12:MI:SS,FF AM'),'127.0.0.1',null,null,null);
Insert into SICOES_TM_SUPER_PERFIL (ID_SUPER_PERFIL,NU_EXPEDIENTE,ID_SUPERVISORA,ID_SECTOR_LD,ID_SUBSECTOR_LD,ID_ACTIVIDAD_LD,ID_UNIDAD_LD,ID_SUBCATEGORIA_LD,ID_PERFIL_LD,FE_INGRESO,US_CREACION,FE_CREACION,IP_CREACION,US_ACTUALIZACION,FE_ACTUALIZACION,IP_ACTUALIZACION) values ('16','202000017362','4','32','34',null,null,null,null,to_date('23/06/23','DD/MM/RR'),'SIAS_JOB',to_timestamp('23/06/23 06:29:31,783000000 PM','DD/MM/RR HH12:MI:SS,FF AM'),'127.0.0.1',null,null,null);
Insert into SICOES_TM_SUPER_PERFIL (ID_SUPER_PERFIL,NU_EXPEDIENTE,ID_SUPERVISORA,ID_SECTOR_LD,ID_SUBSECTOR_LD,ID_ACTIVIDAD_LD,ID_UNIDAD_LD,ID_SUBCATEGORIA_LD,ID_PERFIL_LD,FE_INGRESO,US_CREACION,FE_CREACION,IP_CREACION,US_ACTUALIZACION,FE_ACTUALIZACION,IP_ACTUALIZACION) values ('17','202000017362','4','33','37',null,null,null,null,to_date('23/06/23','DD/MM/RR'),'SIAS_JOB',to_timestamp('23/06/23 06:29:31,784000000 PM','DD/MM/RR HH12:MI:SS,FF AM'),'127.0.0.1',null,null,null);
Insert into SICOES_TM_SUPER_PERFIL (ID_SUPER_PERFIL,NU_EXPEDIENTE,ID_SUPERVISORA,ID_SECTOR_LD,ID_SUBSECTOR_LD,ID_ACTIVIDAD_LD,ID_UNIDAD_LD,ID_SUBCATEGORIA_LD,ID_PERFIL_LD,FE_INGRESO,US_CREACION,FE_CREACION,IP_CREACION,US_ACTUALIZACION,FE_ACTUALIZACION,IP_ACTUALIZACION) values ('18','202000017362','4','32','36',null,null,null,null,to_date('23/06/23','DD/MM/RR'),'SIAS_JOB',to_timestamp('23/06/23 06:29:31,784000000 PM','DD/MM/RR HH12:MI:SS,FF AM'),'127.0.0.1',null,null,null);
Insert into SICOES_TM_SUPER_PERFIL (ID_SUPER_PERFIL,NU_EXPEDIENTE,ID_SUPERVISORA,ID_SECTOR_LD,ID_SUBSECTOR_LD,ID_ACTIVIDAD_LD,ID_UNIDAD_LD,ID_SUBCATEGORIA_LD,ID_PERFIL_LD,FE_INGRESO,US_CREACION,FE_CREACION,IP_CREACION,US_ACTUALIZACION,FE_ACTUALIZACION,IP_ACTUALIZACION) values ('19','202000017362','4','32','35',null,null,null,null,to_date('23/06/23','DD/MM/RR'),'SIAS_JOB',to_timestamp('23/06/23 06:29:31,784000000 PM','DD/MM/RR HH12:MI:SS,FF AM'),'127.0.0.1',null,null,null);
Insert into SICOES_TM_SUPER_PERFIL (ID_SUPER_PERFIL,NU_EXPEDIENTE,ID_SUPERVISORA,ID_SECTOR_LD,ID_SUBSECTOR_LD,ID_ACTIVIDAD_LD,ID_UNIDAD_LD,ID_SUBCATEGORIA_LD,ID_PERFIL_LD,FE_INGRESO,US_CREACION,FE_CREACION,IP_CREACION,US_ACTUALIZACION,FE_ACTUALIZACION,IP_ACTUALIZACION) values ('11','202000017361','2','32','36','51','161','207','793',to_date('23/06/23','DD/MM/RR'),'SIAS_JOB',to_timestamp('23/06/23 05:57:34,796000000 PM','DD/MM/RR HH12:MI:SS,FF AM'),'127.0.0.1',null,null,null);
Insert into SICOES_TM_SUPER_PERFIL (ID_SUPER_PERFIL,NU_EXPEDIENTE,ID_SUPERVISORA,ID_SECTOR_LD,ID_SUBSECTOR_LD,ID_ACTIVIDAD_LD,ID_UNIDAD_LD,ID_SUBCATEGORIA_LD,ID_PERFIL_LD,FE_INGRESO,US_CREACION,FE_CREACION,IP_CREACION,US_ACTUALIZACION,FE_ACTUALIZACION,IP_ACTUALIZACION) values ('12','202000017361','2','32','34','40','147','175','295',to_date('23/06/23','DD/MM/RR'),'SIAS_JOB',to_timestamp('23/06/23 05:57:34,797000000 PM','DD/MM/RR HH12:MI:SS,FF AM'),'127.0.0.1',null,null,null);
Insert into SICOES_TM_SUPER_PERFIL (ID_SUPER_PERFIL,NU_EXPEDIENTE,ID_SUPERVISORA,ID_SECTOR_LD,ID_SUBSECTOR_LD,ID_ACTIVIDAD_LD,ID_UNIDAD_LD,ID_SUBCATEGORIA_LD,ID_PERFIL_LD,FE_INGRESO,US_CREACION,FE_CREACION,IP_CREACION,US_ACTUALIZACION,FE_ACTUALIZACION,IP_ACTUALIZACION) values ('13','202000017361','2','32','34','39','146','174','276',to_date('23/06/23','DD/MM/RR'),'SIAS_JOB',to_timestamp('23/06/23 05:57:34,798000000 PM','DD/MM/RR HH12:MI:SS,FF AM'),'127.0.0.1',null,null,null);
Insert into SICOES_TM_SUPER_PERFIL (ID_SUPER_PERFIL,NU_EXPEDIENTE,ID_SUPERVISORA,ID_SECTOR_LD,ID_SUBSECTOR_LD,ID_ACTIVIDAD_LD,ID_UNIDAD_LD,ID_SUBCATEGORIA_LD,ID_PERFIL_LD,FE_INGRESO,US_CREACION,FE_CREACION,IP_CREACION,US_ACTUALIZACION,FE_ACTUALIZACION,IP_ACTUALIZACION) values ('14','202000017361','2','32','34','40','147','175','290',to_date('23/06/23','DD/MM/RR'),'SIAS_JOB',to_timestamp('23/06/23 05:57:34,798000000 PM','DD/MM/RR HH12:MI:SS,FF AM'),'127.0.0.1',null,null,null);
Insert into SICOES_TM_SUPER_PERFIL (ID_SUPER_PERFIL,NU_EXPEDIENTE,ID_SUPERVISORA,ID_SECTOR_LD,ID_SUBSECTOR_LD,ID_ACTIVIDAD_LD,ID_UNIDAD_LD,ID_SUBCATEGORIA_LD,ID_PERFIL_LD,FE_INGRESO,US_CREACION,FE_CREACION,IP_CREACION,US_ACTUALIZACION,FE_ACTUALIZACION,IP_ACTUALIZACION) values ('15','202000017361','2','32','34','40','147','175','294',to_date('23/06/23','DD/MM/RR'),'SIAS_JOB',to_timestamp('23/06/23 05:57:34,800000000 PM','DD/MM/RR HH12:MI:SS,FF AM'),'127.0.0.1',null,null,null);
Insert into SICOES_TM_SUPER_PERFIL (ID_SUPER_PERFIL,NU_EXPEDIENTE,ID_SUPERVISORA,ID_SECTOR_LD,ID_SUBSECTOR_LD,ID_ACTIVIDAD_LD,ID_UNIDAD_LD,ID_SUBCATEGORIA_LD,ID_PERFIL_LD,FE_INGRESO,US_CREACION,FE_CREACION,IP_CREACION,US_ACTUALIZACION,FE_ACTUALIZACION,IP_ACTUALIZACION) values ('36','202000017376','7','32','36','50','160','205','777',to_date('23/06/23','DD/MM/RR'),'SIAS_JOB',to_timestamp('23/06/23 08:35:40,122000000 PM','DD/MM/RR HH12:MI:SS,FF AM'),'127.0.0.1',null,null,null);
Insert into SICOES_TM_SUPER_PERFIL (ID_SUPER_PERFIL,NU_EXPEDIENTE,ID_SUPERVISORA,ID_SECTOR_LD,ID_SUBSECTOR_LD,ID_ACTIVIDAD_LD,ID_UNIDAD_LD,ID_SUBCATEGORIA_LD,ID_PERFIL_LD,FE_INGRESO,US_CREACION,FE_CREACION,IP_CREACION,US_ACTUALIZACION,FE_ACTUALIZACION,IP_ACTUALIZACION) values ('37','202000017376','7','32','36','51','161','207','793',to_date('23/06/23','DD/MM/RR'),'SIAS_JOB',to_timestamp('23/06/23 08:35:40,122000000 PM','DD/MM/RR HH12:MI:SS,FF AM'),'127.0.0.1',null,null,null);
Insert into SICOES_TM_SUPER_PERFIL (ID_SUPER_PERFIL,NU_EXPEDIENTE,ID_SUPERVISORA,ID_SECTOR_LD,ID_SUBSECTOR_LD,ID_ACTIVIDAD_LD,ID_UNIDAD_LD,ID_SUBCATEGORIA_LD,ID_PERFIL_LD,FE_INGRESO,US_CREACION,FE_CREACION,IP_CREACION,US_ACTUALIZACION,FE_ACTUALIZACION,IP_ACTUALIZACION) values ('38','202000017376','7','32','34','38','145','170','242',to_date('23/06/23','DD/MM/RR'),'SIAS_JOB',to_timestamp('23/06/23 08:35:40,123000000 PM','DD/MM/RR HH12:MI:SS,FF AM'),'127.0.0.1',null,null,null);
Insert into SICOES_TM_SUPER_PERFIL (ID_SUPER_PERFIL,NU_EXPEDIENTE,ID_SUPERVISORA,ID_SECTOR_LD,ID_SUBSECTOR_LD,ID_ACTIVIDAD_LD,ID_UNIDAD_LD,ID_SUBCATEGORIA_LD,ID_PERFIL_LD,FE_INGRESO,US_CREACION,FE_CREACION,IP_CREACION,US_ACTUALIZACION,FE_ACTUALIZACION,IP_ACTUALIZACION) values ('39','202000017376','7','32','36','44','152','194','438',to_date('23/06/23','DD/MM/RR'),'SIAS_JOB',to_timestamp('23/06/23 08:35:40,123000000 PM','DD/MM/RR HH12:MI:SS,FF AM'),'127.0.0.1',null,null,null);
Insert into SICOES_TM_SUPER_PERFIL (ID_SUPER_PERFIL,NU_EXPEDIENTE,ID_SUPERVISORA,ID_SECTOR_LD,ID_SUBSECTOR_LD,ID_ACTIVIDAD_LD,ID_UNIDAD_LD,ID_SUBCATEGORIA_LD,ID_PERFIL_LD,FE_INGRESO,US_CREACION,FE_CREACION,IP_CREACION,US_ACTUALIZACION,FE_ACTUALIZACION,IP_ACTUALIZACION) values ('40','202000017376','7','32','34','40','147','175','290',to_date('23/06/23','DD/MM/RR'),'SIAS_JOB',to_timestamp('23/06/23 08:35:40,123000000 PM','DD/MM/RR HH12:MI:SS,FF AM'),'127.0.0.1',null,null,null);
Insert into SICOES_TM_SUPER_PERFIL (ID_SUPER_PERFIL,NU_EXPEDIENTE,ID_SUPERVISORA,ID_SECTOR_LD,ID_SUBSECTOR_LD,ID_ACTIVIDAD_LD,ID_UNIDAD_LD,ID_SUBCATEGORIA_LD,ID_PERFIL_LD,FE_INGRESO,US_CREACION,FE_CREACION,IP_CREACION,US_ACTUALIZACION,FE_ACTUALIZACION,IP_ACTUALIZACION) values ('41','202000017376','7','32','34','40','147','175','294',to_date('23/06/23','DD/MM/RR'),'SIAS_JOB',to_timestamp('23/06/23 08:35:40,123000000 PM','DD/MM/RR HH12:MI:SS,FF AM'),'127.0.0.1',null,null,null);
Insert into SICOES_TM_SUPER_PERFIL (ID_SUPER_PERFIL,NU_EXPEDIENTE,ID_SUPERVISORA,ID_SECTOR_LD,ID_SUBSECTOR_LD,ID_ACTIVIDAD_LD,ID_UNIDAD_LD,ID_SUBCATEGORIA_LD,ID_PERFIL_LD,FE_INGRESO,US_CREACION,FE_CREACION,IP_CREACION,US_ACTUALIZACION,FE_ACTUALIZACION,IP_ACTUALIZACION) values ('42','202000017376','7','32','34','40','147','175','295',to_date('23/06/23','DD/MM/RR'),'SIAS_JOB',to_timestamp('23/06/23 08:35:40,124000000 PM','DD/MM/RR HH12:MI:SS,FF AM'),'127.0.0.1',null,null,null);
Insert into SICOES_TM_SUPER_PERFIL (ID_SUPER_PERFIL,NU_EXPEDIENTE,ID_SUPERVISORA,ID_SECTOR_LD,ID_SUBSECTOR_LD,ID_ACTIVIDAD_LD,ID_UNIDAD_LD,ID_SUBCATEGORIA_LD,ID_PERFIL_LD,FE_INGRESO,US_CREACION,FE_CREACION,IP_CREACION,US_ACTUALIZACION,FE_ACTUALIZACION,IP_ACTUALIZACION) values ('43','202000017376','7','32','34','39','146','174','276',to_date('23/06/23','DD/MM/RR'),'SIAS_JOB',to_timestamp('23/06/23 08:35:40,125000000 PM','DD/MM/RR HH12:MI:SS,FF AM'),'127.0.0.1',null,null,null);






commit;
